date,year,doc_id,sent_id,sentence,clean_sentence,topic,p_neg,p_neu,p_pos,sent_score,is_future,topic_label
1/26/2010,2010,1/26/2010,0,Information received since the Federal Open Market Committee met in December suggests that economic activity has continued to strengthen and that the deterioration in the labor market is abating.,Information received since Federal Open Market Committee met December suggests economic activity continued strengthen deterioration labor market abating.,1,0.9288999,0.04883253,0.022267641,-0.90663224,FALSE,"Topic 1: gains, job, unemployment, received, met, open"
1/26/2010,2010,1/26/2010,1,"Household spending is expanding at a moderate rate but remains constrained by a weak labor market, modest income growth, lower housing wealth, and tight credit.","Household spending expanding moderate rate remains constrained weak labor market, modest income growth, lower housing wealth, tight credit.",3,0.036425874,0.92686576,0.03670829,0.000282418,FALSE,"Topic 3: household, spending, fixed, business, investment, housing"
1/26/2010,2010,1/26/2010,2,"Business spending on equipment and software appears to be picking up, but investment in structures is still contracting and employers remain reluctant to add to payrolls.","Business spending equipment software appears picking up, investment structures still contracting employers remain reluctant add payrolls.",32,0.03450833,0.95080787,0.014683781,-0.019824548,FALSE,"Topic 32: software, equipment, structures, business, investment, nonresidential"
1/26/2010,2010,1/26/2010,3,Firms have brought inventory stocks into better alignment with sales.,Firms brought inventory stocks better alignment sales.,-1,0.84567696,0.026782757,0.1275403,-0.71813667,FALSE,Topic -1
1/26/2010,2010,1/26/2010,4,"While bank lending continues to contract, financial market conditions remain supportive of economic growth.","bank lending continues contract, financial market conditions remain supportive economic growth.",18,0.9519921,0.023545755,0.02446203,-0.92753005,FALSE,"Topic 18: flow, businesses, households, credit, reflecting, overall"
1/26/2010,2010,1/26/2010,5,"Although the pace of economic recovery is likely to be moderate for a time, the Committee anticipates a gradual return to higher levels of resource utilization in a context of price stability.","Although pace economic recovery likely moderate time, Committee anticipates gradual return higher levels resource utilization context price stability.",41,0.93999946,0.014538572,0.045462005,-0.89453745,TRUE,"Topic 41: higher, utilization, resource, context, return, gradual"
1/26/2010,2010,1/26/2010,6,"With substantial resource slack continuing to restrain cost pressures and with longer-term inflation expectations stable, inflation is likely to be subdued for some time.","substantial resource slack continuing restrain cost pressures longer-term inflation expectations stable, inflation likely subdued time.",-1,0.9289824,0.03266675,0.038350884,-0.8906315,TRUE,Topic -1
1/26/2010,2010,1/26/2010,7,"The Committee will maintain the target range for the federal funds rate at 0 to 1/4 percent and continues to anticipate that economic conditions, including low rates of resource utilization, subdued inflation trends, and stable inflation expectations, are likely to warrant exceptionally low levels of the federal funds rate for an extended period.","Committee maintain target range federal funds rate 0 1/4 percent continues anticipate economic conditions, including low rates resource utilization, subdued inflation trends, stable inflation expectations, likely warrant exceptionally low levels federal funds rate extended period.",0,0.03827349,0.83409137,0.1276352,0.089361705,TRUE,"Topic 0: percent, funds, target, committee, rate, federal"
1/26/2010,2010,1/26/2010,8,"To provide support to mortgage lending and housing markets and to improve overall conditions in private credit markets, the Federal Reserve is in the process of purchasing $1.25 trillion of agency mortgage-backed securities and about $175 billion of agency debt.","provide support mortgage lending housing markets improve overall conditions private credit markets, Federal Reserve process purchasing $1.25 trillion agency mortgage-backed securities $175 billion agency debt.",2,0.37628824,0.014273659,0.6094382,0.23314995,FALSE,"Topic 2: agency, securities, mortgagebacked, treasury, principal, payments"
1/26/2010,2010,1/26/2010,9,"In order to promote a smooth transition in markets, the Committee is gradually slowing the pace of these purchases, and it anticipates that these transactions will be executed by the end of the first quarter.","order promote smooth transition markets, Committee gradually slowing pace purchases, anticipates transactions executed end first quarter.",24,0.13497639,0.70859945,0.15642413,0.021447748,TRUE,"Topic 24: review, regularly, adjust, prepared, composition, size"
1/26/2010,2010,1/26/2010,10,The Committee will continue to evaluate its purchases of securities in light of the evolving economic outlook and conditions in financial markets.,Committee continue evaluate purchases securities light evolving economic outlook conditions financial markets.,0,0.38484856,0.016293012,0.5988585,0.21400991,TRUE,"Topic 0: percent, funds, target, committee, rate, federal"
1/26/2010,2010,1/26/2010,11,"In light of improved functioning of financial markets, the Federal Reserve will be closing the Asset-Backed Commercial Paper Money Market Mutual Fund Liquidity Facility, the Commercial Paper Funding Facility, the Primary Dealer Credit Facility, and the Term Securities Lending Facility on February 1, as previously announced.","light improved functioning financial markets, Federal Reserve closing Asset-Backed Commercial Paper Money Market Mutual Fund Liquidity Facility, Commercial Paper Funding Facility, Primary Dealer Credit Facility, Term Securities Lending Facility February 1, previously announced.",2,0.051397033,0.40293923,0.5456637,0.4942667,TRUE,"Topic 2: agency, securities, mortgagebacked, treasury, principal, payments"
1/26/2010,2010,1/26/2010,12,"In addition, the temporary liquidity swap arrangements between the Federal Reserve and other central banks will expire on February 1.","addition, temporary liquidity swap arrangements Federal Reserve central banks expire February 1.",2,0.022623736,0.11412547,0.86325073,0.840627,TRUE,"Topic 2: agency, securities, mortgagebacked, treasury, principal, payments"
1/26/2010,2010,1/26/2010,13,The Federal Reserve is in the process of winding down its Term Auction Facility: $50 billion in 28-day credit will be offered on February 8 and $25 billion in 28-day credit will be offered at the final auction on March 8.,Federal Reserve process winding Term Auction Facility: $50 billion 28-day credit offered February 8 $25 billion 28-day credit offered final auction March 8.,-1,0.017121928,0.55909294,0.42378515,0.4066632,TRUE,Topic -1
1/26/2010,2010,1/26/2010,14,The anticipated expiration dates for the Term Asset-Backed Securities Loan Facility remain set at June 30 for loans backed by new-issue commercial mortgage-backed securities and March 31 for loans backed by all other types of collateral.,anticipated expiration dates Term Asset-Backed Securities Loan Facility remain set June 30 loans backed new-issue commercial mortgage-backed securities March 31 loans backed types collateral.,-1,0.016666783,0.10497076,0.8783624,0.86169565,TRUE,Topic -1
1/26/2010,2010,1/26/2010,15,The Federal Reserve is prepared to modify these plans if necessary to support financial stability and economic growth.,Federal Reserve prepared modify plans necessary support financial stability economic growth.,0,0.10349741,0.034550555,0.86195195,0.75845456,FALSE,"Topic 0: percent, funds, target, committee, rate, federal"
3/16/2010,2010,3/16/2010,0,Information received since the Federal Open Market Committee met in January suggests that economic activity has continued to strengthen and that the labor market is stabilizing.,Information received since Federal Open Market Committee met January suggests economic activity continued strengthen labor market stabilizing.,1,0.9506885,0.023195991,0.02611548,-0.924573,FALSE,"Topic 1: gains, job, unemployment, received, met, open"
3/16/2010,2010,3/16/2010,1,"Household spending is expanding at a moderate rate but remains constrained by high unemployment, modest income growth, lower housing wealth, and tight credit.","Household spending expanding moderate rate remains constrained high unemployment, modest income growth, lower housing wealth, tight credit.",3,0.045116264,0.91024274,0.04464098,-0.000475284,FALSE,"Topic 3: household, spending, fixed, business, investment, housing"
3/16/2010,2010,3/16/2010,2,Business spending on equipment and software has risen significantly.,Business spending equipment software risen significantly.,32,0.95064515,0.019750465,0.029604381,-0.9210408,FALSE,"Topic 32: software, equipment, structures, business, investment, nonresidential"
3/16/2010,2010,3/16/2010,3,"However, investment in nonresidential structures is declining, housing starts have been flat at a depressed level, and employers remain reluctant to add to payrolls.","However, investment nonresidential structures declining, housing starts flat depressed level, employers remain reluctant add payrolls.",15,0.008540872,0.972901,0.018558126,0.010017254,FALSE,"Topic 15: depressed, housing, sector, starts, nonresidential, level"
3/16/2010,2010,3/16/2010,4,"While bank lending continues to contract, financial market conditions remain supportive of economic growth.","bank lending continues contract, financial market conditions remain supportive economic growth.",18,0.9519921,0.023545755,0.02446203,-0.92753005,FALSE,"Topic 18: flow, businesses, households, credit, reflecting, overall"
3/16/2010,2010,3/16/2010,5,"Although the pace of economic recovery is likely to be moderate for a time, the Committee anticipates a gradual return to higher levels of resource utilization in a context of price stability.","Although pace economic recovery likely moderate time, Committee anticipates gradual return higher levels resource utilization context price stability.",41,0.93999946,0.014538572,0.045462005,-0.89453745,TRUE,"Topic 41: higher, utilization, resource, context, return, gradual"
3/16/2010,2010,3/16/2010,6,"With substantial resource slack continuing to restrain cost pressures and longer-term inflation expectations stable, inflation is likely to be subdued for some time.","substantial resource slack continuing restrain cost pressures longer-term inflation expectations stable, inflation likely subdued time.",-1,0.9236793,0.034396116,0.0419246,-0.8817547,TRUE,Topic -1
3/16/2010,2010,3/16/2010,7,"The Committee will maintain the target range for the federal funds rate at 0 to 1/4 percent and continues to anticipate that economic conditions, including low rates of resource utilization, subdued inflation trends, and stable inflation expectations, are likely to warrant exceptionally low levels of the federal funds rate for an extended period.","Committee maintain target range federal funds rate 0 1/4 percent continues anticipate economic conditions, including low rates resource utilization, subdued inflation trends, stable inflation expectations, likely warrant exceptionally low levels federal funds rate extended period.",0,0.03827349,0.83409137,0.1276352,0.089361705,TRUE,"Topic 0: percent, funds, target, committee, rate, federal"
3/16/2010,2010,3/16/2010,8,"To provide support to mortgage lending and housing markets and to improve overall conditions in private credit markets, the Federal Reserve has been purchasing $1.25 trillion of agency mortgage-backed securities and about $175 billion of agency debt; those purchases are nearing completion, and the remaining transactions will be executed by the end of this month.","provide support mortgage lending housing markets improve overall conditions private credit markets, Federal Reserve purchasing $1.25 trillion agency mortgage-backed securities $175 billion agency debt; purchases nearing completion, remaining transactions executed end month.",2,0.31350228,0.017531293,0.6689665,0.3554642,TRUE,"Topic 2: agency, securities, mortgagebacked, treasury, principal, payments"
3/16/2010,2010,3/16/2010,9,The Committee will continue to monitor the economic outlook and financial developments and will employ its policy tools as necessary to promote economic recovery and price stability.,Committee continue monitor economic outlook financial developments employ policy tools necessary promote economic recovery price stability.,0,0.257441,0.00981709,0.7327419,0.47530088,TRUE,"Topic 0: percent, funds, target, committee, rate, federal"
3/16/2010,2010,3/16/2010,10,"In light of improved functioning of financial markets, the Federal Reserve has been closing the special liquidity facilities that it created to support markets during the crisis.","light improved functioning financial markets, Federal Reserve closing special liquidity facilities created support markets crisis.",2,0.011578193,0.9483675,0.04005434,0.028476147,FALSE,"Topic 2: agency, securities, mortgagebacked, treasury, principal, payments"
3/16/2010,2010,3/16/2010,11,"The only remaining such program, the Term Asset-Backed Securities Loan Facility, is scheduled to close on June 30 for loans backed by new-issue commercial mortgage-backed securities and on March 31 for loans backed by all other types of collateral.","remaining program, Term Asset-Backed Securities Loan Facility, scheduled close June 30 loans backed new-issue commercial mortgage-backed securities March 31 loans backed types collateral.",-1,0.020692986,0.22007087,0.75923616,0.73854315,FALSE,Topic -1
4/28/2010,2010,4/28/2010,0,Information received since the Federal Open Market Committee met in March suggests that economic activity has continued to strengthen and that the labor market is beginning to improve.,Information received since Federal Open Market Committee met March suggests economic activity continued strengthen labor market beginning improve.,1,0.9539631,0.020328127,0.025708681,-0.9282544,FALSE,"Topic 1: gains, job, unemployment, received, met, open"
4/28/2010,2010,4/28/2010,1,"Growth in household spending has picked up recently but remains constrained by high unemployment, modest income growth, lower housing wealth, and tight credit.","Growth household spending picked recently remains constrained high unemployment, modest income growth, lower housing wealth, tight credit.",3,0.03158457,0.93609565,0.032319795,0.000735227,FALSE,"Topic 3: household, spending, fixed, business, investment, housing"
4/28/2010,2010,4/28/2010,2,"Business spending on equipment and software has risen significantly; however, investment in nonresidential structures is declining and employers remain reluctant to add to payrolls.","Business spending equipment software risen significantly; however, investment nonresidential structures declining employers remain reluctant add payrolls.",32,0.04582613,0.93803996,0.016133899,-0.02969223,FALSE,"Topic 32: software, equipment, structures, business, investment, nonresidential"
4/28/2010,2010,4/28/2010,3,Housing starts have edged up but remain at a depressed level.,Housing starts edged remain depressed level.,15,0.011871618,0.96764237,0.020486102,0.008614483,FALSE,"Topic 15: depressed, housing, sector, starts, nonresidential, level"
4/28/2010,2010,4/28/2010,4,"While bank lending continues to contract, financial market conditions remain supportive of economic growth.","bank lending continues contract, financial market conditions remain supportive economic growth.",18,0.9519921,0.023545755,0.02446203,-0.92753005,FALSE,"Topic 18: flow, businesses, households, credit, reflecting, overall"
4/28/2010,2010,4/28/2010,5,"Although the pace of economic recovery is likely to be moderate for a time, the Committee anticipates a gradual return to higher levels of resource utilization in a context of price stability.","Although pace economic recovery likely moderate time, Committee anticipates gradual return higher levels resource utilization context price stability.",41,0.93999946,0.014538572,0.045462005,-0.89453745,TRUE,"Topic 41: higher, utilization, resource, context, return, gradual"
4/28/2010,2010,4/28/2010,6,"With substantial resource slack continuing to restrain cost pressures and longer-term inflation expectations stable, inflation is likely to be subdued for some time.","substantial resource slack continuing restrain cost pressures longer-term inflation expectations stable, inflation likely subdued time.",-1,0.9236793,0.034396116,0.0419246,-0.8817547,TRUE,Topic -1
4/28/2010,2010,4/28/2010,7,"The Committee will maintain the target range for the federal funds rate at 0 to 1/4 percent and continues to anticipate that economic conditions, including low rates of resource utilization, subdued inflation trends, and stable inflation expectations, are likely to warrant exceptionally low levels of the federal funds rate for an extended period.","Committee maintain target range federal funds rate 0 1/4 percent continues anticipate economic conditions, including low rates resource utilization, subdued inflation trends, stable inflation expectations, likely warrant exceptionally low levels federal funds rate extended period.",0,0.03827349,0.83409137,0.1276352,0.089361705,TRUE,"Topic 0: percent, funds, target, committee, rate, federal"
4/28/2010,2010,4/28/2010,8,The Committee will continue to monitor the economic outlook and financial developments and will employ its policy tools as necessary to promote economic recovery and price stability.,Committee continue monitor economic outlook financial developments employ policy tools necessary promote economic recovery price stability.,0,0.257441,0.00981709,0.7327419,0.47530088,TRUE,"Topic 0: percent, funds, target, committee, rate, federal"
4/28/2010,2010,4/28/2010,9,"In light of improved functioning of financial markets, the Federal Reserve has closed all but one of the special liquidity facilities that it created to support markets during the crisis.","light improved functioning financial markets, Federal Reserve closed one special liquidity facilities created support markets crisis.",2,0.007491536,0.95594776,0.036560692,0.029069155,FALSE,"Topic 2: agency, securities, mortgagebacked, treasury, principal, payments"
4/28/2010,2010,4/28/2010,10,"The only remaining such program, the Term Asset-Backed Securities Loan Facility, is scheduled to close on June 30 for loans backed by new-issue commercial mortgage-backed securities; it closed on March 31 for loans backed by all other types of collateral.","remaining program, Term Asset-Backed Securities Loan Facility, scheduled close June 30 loans backed new-issue commercial mortgage-backed securities; closed March 31 loans backed types collateral.",-1,0.021354092,0.2850546,0.6935913,0.6722372,FALSE,Topic -1
5/10/2010,2010,5/10/2010,0,"In response to the reemergence of strains in U.S. dollar short-term funding markets in Europe, the Bank of Canada, the Bank of England, the European Central Bank, the Federal Reserve, and the Swiss National Bank are announcing the reestablishment of temporary U.S. dollar liquidity swap facilities.","response reemergence strains U.S. dollar short-term funding markets Europe, Bank Canada, Bank England, European Central Bank, Federal Reserve, Swiss National Bank announcing reestablishment temporary U.S. dollar liquidity swap facilities.",2,0.29447386,0.06683486,0.6386913,0.34421745,FALSE,"Topic 2: agency, securities, mortgagebacked, treasury, principal, payments"
5/10/2010,2010,5/10/2010,1,These facilities are designed to help improve liquidity conditions in U.S. dollar funding markets and to prevent the spread of strains to other markets and financial centers.,facilities designed help improve liquidity conditions U.S. dollar funding markets prevent spread strains markets financial centers.,2,0.8599533,0.010902473,0.12914415,-0.73080915,FALSE,"Topic 2: agency, securities, mortgagebacked, treasury, principal, payments"
5/10/2010,2010,5/10/2010,2,The Bank of Japan will be considering similar measures soon.,Bank Japan considering similar measures soon.,-1,0.14209867,0.014026953,0.84387445,0.7017758,TRUE,Topic -1
5/10/2010,2010,5/10/2010,3,Central banks will continue to work together closely as needed to address pressures in funding markets.,Central banks continue work together closely needed address pressures funding markets.,22,0.70646733,0.015005703,0.27852696,-0.42794037,TRUE,"Topic 22: downward, make, pressure, help, mortgage, broader"
5/10/2010,2010,5/10/2010,4,"The Federal Open Market Committee has authorized temporary reciprocal currency arrangements (swap lines) with the Bank of Canada, the Bank of England, the European Central Bank (ECB), and the Swiss National Bank.","Federal Open Market Committee authorized temporary reciprocal currency arrangements (swap lines) Bank Canada, Bank England, European Central Bank (ECB), Swiss National Bank.",2,0.7573132,0.012539108,0.2301478,-0.5271654,FALSE,"Topic 2: agency, securities, mortgagebacked, treasury, principal, payments"
5/10/2010,2010,5/10/2010,5,"The arrangements with the Bank of England, the ECB, and the Swiss National Bank will provide these central banks with the capacity to conduct tenders of U.S. dollars in their local markets at fixed rates for full allotment, similar to arrangements that had been in place previously.","arrangements Bank England, ECB, Swiss National Bank provide central banks capacity conduct tenders U.S. dollars local markets fixed rates full allotment, similar arrangements place previously.",2,0.5910998,0.011080286,0.39781994,-0.19327986,TRUE,"Topic 2: agency, securities, mortgagebacked, treasury, principal, payments"
5/10/2010,2010,5/10/2010,6,"The arrangement with the Bank of Canada would support drawings of up to $30 billion, as was the case previously.","arrangement Bank Canada would support drawings $30 billion, case previously.",2,0.753146,0.008701266,0.23815279,-0.5149932,FALSE,"Topic 2: agency, securities, mortgagebacked, treasury, principal, payments"
5/10/2010,2010,5/10/2010,7,These swap arrangements have been authorized through January 2011.,swap arrangements authorized January 2011.,2,0.084284544,0.012506646,0.90320885,0.8189243,FALSE,"Topic 2: agency, securities, mortgagebacked, treasury, principal, payments"
5/10/2010,2010,5/10/2010,8,Further details on these arrangements will be available shortly.,details arrangements available shortly.,2,0.042310793,0.014454756,0.9432344,0.9009236,TRUE,"Topic 2: agency, securities, mortgagebacked, treasury, principal, payments"
6/23/2010,2010,6/23/2010,0,Information received since the Federal Open Market Committee met in April suggests that the economic recovery is proceeding and that the labor market is improving gradually.,Information received since Federal Open Market Committee met April suggests economic recovery proceeding labor market improving gradually.,1,0.9404784,0.018832766,0.040688902,-0.89978945,FALSE,"Topic 1: gains, job, unemployment, received, met, open"
6/23/2010,2010,6/23/2010,1,"Household spending is increasing but remains constrained by high unemployment, modest income growth, lower housing wealth, and tight credit.","Household spending increasing remains constrained high unemployment, modest income growth, lower housing wealth, tight credit.",3,0.016915897,0.9543593,0.02872483,0.011808934,FALSE,"Topic 3: household, spending, fixed, business, investment, housing"
6/23/2010,2010,6/23/2010,2,"Business spending on equipment and software has risen significantly; however, investment in nonresidential structures continues to be weak and employers remain reluctant to add to payrolls.","Business spending equipment software risen significantly; however, investment nonresidential structures continues weak employers remain reluctant add payrolls.",32,0.073682524,0.9099983,0.016319267,-0.057363257,FALSE,"Topic 32: software, equipment, structures, business, investment, nonresidential"
6/23/2010,2010,6/23/2010,3,Housing starts remain at a depressed level.,Housing starts remain depressed level.,15,0.009334969,0.9690679,0.021597218,0.012262248,FALSE,"Topic 15: depressed, housing, sector, starts, nonresidential, level"
6/23/2010,2010,6/23/2010,4,"Financial conditions have become less supportive of economic growth on balance, largely reflecting developments abroad.","Financial conditions become less supportive economic growth balance, largely reflecting developments abroad.",-1,0.033455588,0.926266,0.04027835,0.006822761,FALSE,Topic -1
6/23/2010,2010,6/23/2010,5,Bank lending has continued to contract in recent months.,Bank lending continued contract recent months.,18,0.011148203,0.9715285,0.017323265,0.006175062,FALSE,"Topic 18: flow, businesses, households, credit, reflecting, overall"
6/23/2010,2010,6/23/2010,6,"Nonetheless, the Committee anticipates a gradual return to higher levels of resource utilization in a context of price stability, although the pace of economic recovery is likely to be moderate for a time.","Nonetheless, Committee anticipates gradual return higher levels resource utilization context price stability, although pace economic recovery likely moderate time.",41,0.9440262,0.016874244,0.039099615,-0.90492654,TRUE,"Topic 41: higher, utilization, resource, context, return, gradual"
6/23/2010,2010,6/23/2010,7,"Prices of energy and other commodities have declined somewhat in recent months, and underlying inflation has trended lower.","Prices energy commodities declined somewhat recent months, underlying inflation trended lower.",6,0.019136952,0.9575725,0.023290547,0.004153594,FALSE,"Topic 6: stable, remained, longerterm, expectations, commodities, underlying"
6/23/2010,2010,6/23/2010,8,"With substantial resource slack continuing to restrain cost pressures and longer-term inflation expectations stable, inflation is likely to be subdued for some time.","substantial resource slack continuing restrain cost pressures longer-term inflation expectations stable, inflation likely subdued time.",-1,0.9236793,0.034396116,0.0419246,-0.8817547,TRUE,Topic -1
6/23/2010,2010,6/23/2010,9,"The Committee will maintain the target range for the federal funds rate at 0 to 1/4 percent and continues to anticipate that economic conditions, including low rates of resource utilization, subdued inflation trends, and stable inflation expectations, are likely to warrant exceptionally low levels of the federal funds rate for an extended period.","Committee maintain target range federal funds rate 0 1/4 percent continues anticipate economic conditions, including low rates resource utilization, subdued inflation trends, stable inflation expectations, likely warrant exceptionally low levels federal funds rate extended period.",0,0.03827349,0.83409137,0.1276352,0.089361705,TRUE,"Topic 0: percent, funds, target, committee, rate, federal"
6/23/2010,2010,6/23/2010,10,The Committee will continue to monitor the economic outlook and financial developments and will employ its policy tools as necessary to promote economic recovery and price stability.,Committee continue monitor economic outlook financial developments employ policy tools necessary promote economic recovery price stability.,0,0.257441,0.00981709,0.7327419,0.47530088,TRUE,"Topic 0: percent, funds, target, committee, rate, federal"
8/10/2010,2010,8/10/2010,0,Information received since the Federal Open Market Committee met in June indicates that the pace of recovery in output and employment has slowed in recent months.,Information received since Federal Open Market Committee met June indicates pace recovery output employment slowed recent months.,1,0.020642042,0.9584293,0.02092865,0.000286607,FALSE,"Topic 1: gains, job, unemployment, received, met, open"
8/10/2010,2010,8/10/2010,1,"Household spending is increasing gradually, but remains constrained by high unemployment, modest income growth, lower housing wealth, and tight credit.","Household spending increasing gradually, remains constrained high unemployment, modest income growth, lower housing wealth, tight credit.",3,0.054372255,0.89302576,0.052601937,-0.001770318,FALSE,"Topic 3: household, spending, fixed, business, investment, housing"
8/10/2010,2010,8/10/2010,2,"Business spending on equipment and software is rising; however, investment in nonresidential structures continues to be weak and employers remain reluctant to add to payrolls.","Business spending equipment software rising; however, investment nonresidential structures continues weak employers remain reluctant add payrolls.",32,0.028659424,0.95809054,0.013250043,-0.015409381,FALSE,"Topic 32: software, equipment, structures, business, investment, nonresidential"
8/10/2010,2010,8/10/2010,3,Housing starts remain at a depressed level.,Housing starts remain depressed level.,15,0.009334969,0.9690679,0.021597218,0.012262248,FALSE,"Topic 15: depressed, housing, sector, starts, nonresidential, level"
8/10/2010,2010,8/10/2010,4,Bank lending has continued to contract.,Bank lending continued contract.,18,0.009484259,0.97211516,0.018400634,0.008916375,FALSE,"Topic 18: flow, businesses, households, credit, reflecting, overall"
8/10/2010,2010,8/10/2010,5,"Nonetheless, the Committee anticipates a gradual return to higher levels of resource utilization in a context of price stability, although the pace of economic recovery is likely to be more modest in the near term than had been anticipated.","Nonetheless, Committee anticipates gradual return higher levels resource utilization context price stability, although pace economic recovery likely modest near term anticipated.",41,0.9473175,0.020966057,0.031716466,-0.915601,TRUE,"Topic 41: higher, utilization, resource, context, return, gradual"
8/10/2010,2010,8/10/2010,6,"Measures of underlying inflation have trended lower in recent quarters and, with substantial resource slack continuing to restrain cost pressures and longer-term inflation expectations stable, inflation is likely to be subdued for some time.","Measures underlying inflation trended lower recent quarters and, substantial resource slack continuing restrain cost pressures longer-term inflation expectations stable, inflation likely subdued time.",-1,0.059756536,0.907771,0.032472525,-0.027284011,TRUE,Topic -1
8/10/2010,2010,8/10/2010,7,"The Committee will maintain the target range for the federal funds rate at 0 to 1/4 percent and continues to anticipate that economic conditions, including low rates of resource utilization, subdued inflation trends, and stable inflation expectations, are likely to warrant exceptionally low levels of the federal funds rate for an extended period.","Committee maintain target range federal funds rate 0 1/4 percent continues anticipate economic conditions, including low rates resource utilization, subdued inflation trends, stable inflation expectations, likely warrant exceptionally low levels federal funds rate extended period.",0,0.03827349,0.83409137,0.1276352,0.089361705,TRUE,"Topic 0: percent, funds, target, committee, rate, federal"
8/10/2010,2010,8/10/2010,8,"To help support the economic recovery in a context of price stability, the Committee will keep constant the Federal Reserve's holdings of securities at their current level by reinvesting principal payments from agency debt and agency mortgage-backed securities in longer-term Treasury securities.1 The Committee will continue to roll over the Federal Reserve's holdings of Treasury securities as they mature.","help support economic recovery context price stability, Committee keep constant Federal Reserve's holdings securities current level reinvesting principal payments agency debt agency mortgage-backed securities longer-term Treasury securities.1 Committee continue roll Federal Reserve's holdings Treasury securities mature.",2,0.09409446,0.01240684,0.8934987,0.79940426,TRUE,"Topic 2: agency, securities, mortgagebacked, treasury, principal, payments"
8/10/2010,2010,8/10/2010,9,The Committee will continue to monitor the economic outlook and financial developments and will employ its policy tools as necessary to promote economic recovery and price stability.,Committee continue monitor economic outlook financial developments employ policy tools necessary promote economic recovery price stability.,0,0.257441,0.00981709,0.7327419,0.47530088,TRUE,"Topic 0: percent, funds, target, committee, rate, federal"
9/21/2010,2010,9/21/2010,0,Information received since the Federal Open Market Committee met in August indicates that the pace of recovery in output and employment has slowed in recent months.,Information received since Federal Open Market Committee met August indicates pace recovery output employment slowed recent months.,1,0.020444658,0.95854217,0.021013157,0.0005685,FALSE,"Topic 1: gains, job, unemployment, received, met, open"
9/21/2010,2010,9/21/2010,1,"Household spending is increasing gradually, but remains constrained by high unemployment, modest income growth, lower housing wealth, and tight credit.","Household spending increasing gradually, remains constrained high unemployment, modest income growth, lower housing wealth, tight credit.",3,0.054372255,0.89302576,0.052601937,-0.001770318,FALSE,"Topic 3: household, spending, fixed, business, investment, housing"
9/21/2010,2010,9/21/2010,2,"Business spending on equipment and software is rising, though less rapidly than earlier in the year, while investment in nonresidential structures continues to be weak.","Business spending equipment software rising, though less rapidly earlier year, investment nonresidential structures continues weak.",32,0.17192551,0.8071687,0.020905776,-0.15101974,FALSE,"Topic 32: software, equipment, structures, business, investment, nonresidential"
9/21/2010,2010,9/21/2010,3,Employers remain reluctant to add to payrolls.,Employers remain reluctant add payrolls.,15,0.009431591,0.9689358,0.021632727,0.012201136,FALSE,"Topic 15: depressed, housing, sector, starts, nonresidential, level"
9/21/2010,2010,9/21/2010,4,Housing starts are at a depressed level.,Housing starts depressed level.,15,0.00854955,0.9694138,0.02203665,0.0134871,FALSE,"Topic 15: depressed, housing, sector, starts, nonresidential, level"
9/21/2010,2010,9/21/2010,5,"Bank lending has continued to contract, but at a reduced rate in recent months.","Bank lending continued contract, reduced rate recent months.",18,0.16799419,0.8052231,0.02678274,-0.14121145,FALSE,"Topic 18: flow, businesses, households, credit, reflecting, overall"
9/21/2010,2010,9/21/2010,6,"The Committee anticipates a gradual return to higher levels of resource utilization in a context of price stability, although the pace of economic recovery is likely to be modest in the near term.","Committee anticipates gradual return higher levels resource utilization context price stability, although pace economic recovery likely modest near term.",41,0.943085,0.018462101,0.038452893,-0.9046321,TRUE,"Topic 41: higher, utilization, resource, context, return, gradual"
9/21/2010,2010,9/21/2010,7,"Measures of underlying inflation are currently at levels somewhat below those the Committee judges most consistent, over the longer run, with its mandate to promote maximum employment and price stability.","Measures underlying inflation currently levels somewhat Committee judges consistent, longer run, mandate promote maximum employment price stability.",-1,0.061213885,0.7591828,0.17960332,0.11838944,FALSE,Topic -1
9/21/2010,2010,9/21/2010,8,"With substantial resource slack continuing to restrain cost pressures and longer-term inflation expectations stable, inflation is likely to remain subdued for some time before rising to levels the Committee considers consistent with its mandate.","substantial resource slack continuing restrain cost pressures longer-term inflation expectations stable, inflation likely remain subdued time rising levels Committee considers consistent mandate.",-1,0.9266782,0.02358772,0.049734052,-0.8769441,TRUE,Topic -1
9/21/2010,2010,9/21/2010,9,"The Committee will maintain the target range for the federal funds rate at 0 to 1/4 percent and continues to anticipate that economic conditions, including low rates of resource utilization, subdued inflation trends, and stable inflation expectations, are likely to warrant exceptionally low levels for the federal funds rate for an extended period.","Committee maintain target range federal funds rate 0 1/4 percent continues anticipate economic conditions, including low rates resource utilization, subdued inflation trends, stable inflation expectations, likely warrant exceptionally low levels federal funds rate extended period.",0,0.033602174,0.867093,0.09930487,0.06570269,TRUE,"Topic 0: percent, funds, target, committee, rate, federal"
9/21/2010,2010,9/21/2010,10,The Committee also will maintain its existing policy of reinvesting principal payments from its securities holdings.,Committee also maintain existing policy reinvesting principal payments securities holdings.,-1,0.11224307,0.014756076,0.8730009,0.76075786,TRUE,Topic -1
9/21/2010,2010,9/21/2010,11,"The Committee will continue to monitor the economic outlook and financial developments and is prepared to provide additional accommodation if needed to support the economic recovery and to return inflation, over time, to levels consistent with its mandate.","Committee continue monitor economic outlook financial developments prepared provide additional accommodation needed support economic recovery return inflation, time, levels consistent mandate.",0,0.85013795,0.011607775,0.13825424,-0.7118837,TRUE,"Topic 0: percent, funds, target, committee, rate, federal"
11/3/2010,2010,11/3/2010,0,Information received since the Federal Open Market Committee met in September confirms that the pace of recovery in output and employment continues to be slow.,Information received since Federal Open Market Committee met September confirms pace recovery output employment continues slow.,1,0.03966446,0.9322258,0.028109608,-0.01155485,FALSE,"Topic 1: gains, job, unemployment, received, met, open"
11/3/2010,2010,11/3/2010,1,"Household spending is increasing gradually, but remains constrained by high unemployment, modest income growth, lower housing wealth, and tight credit.","Household spending increasing gradually, remains constrained high unemployment, modest income growth, lower housing wealth, tight credit.",3,0.054372255,0.89302576,0.052601937,-0.001770318,FALSE,"Topic 3: household, spending, fixed, business, investment, housing"
11/3/2010,2010,11/3/2010,2,"Business spending on equipment and software is rising, though less rapidly than earlier in the year, while investment in nonresidential structures continues to be weak.","Business spending equipment software rising, though less rapidly earlier year, investment nonresidential structures continues weak.",32,0.17192551,0.8071687,0.020905776,-0.15101974,FALSE,"Topic 32: software, equipment, structures, business, investment, nonresidential"
11/3/2010,2010,11/3/2010,3,Employers remain reluctant to add to payrolls.,Employers remain reluctant add payrolls.,15,0.009431591,0.9689358,0.021632727,0.012201136,FALSE,"Topic 15: depressed, housing, sector, starts, nonresidential, level"
11/3/2010,2010,11/3/2010,4,Housing starts continue to be depressed.,Housing starts continue depressed.,15,0.012024485,0.9676077,0.020367842,0.008343358,FALSE,"Topic 15: depressed, housing, sector, starts, nonresidential, level"
11/3/2010,2010,11/3/2010,5,"Longer-term inflation expectations have remained stable, but measures of underlying inflation have trended lower in recent quarters.","Longer-term inflation expectations remained stable, measures underlying inflation trended lower recent quarters.",6,0.021481829,0.95476073,0.023757467,0.002275638,FALSE,"Topic 6: stable, remained, longerterm, expectations, commodities, underlying"
11/3/2010,2010,11/3/2010,6,"Consistent with its statutory mandate, the Committee seeks to foster maximum employment and price stability.","Consistent statutory mandate, Committee seeks foster maximum employment price stability.",4,0.23863597,0.014581954,0.74678206,0.5081461,FALSE,"Topic 4: statutory, foster, seeks, mandate, stability, price"
11/3/2010,2010,11/3/2010,7,"Currently, the unemployment rate is elevated, and measures of underlying inflation are somewhat low, relative to levels that the Committee judges to be consistent, over the longer run, with its dual mandate.","Currently, unemployment rate elevated, measures underlying inflation somewhat low, relative levels Committee judges consistent, longer run, dual mandate.",-1,0.40436935,0.22056016,0.37507045,-0.029298902,FALSE,Topic -1
11/3/2010,2010,11/3/2010,8,"Although the Committee anticipates a gradual return to higher levels of resource utilization in a context of price stability, progress toward its objectives has been disappointingly slow.","Although Committee anticipates gradual return higher levels resource utilization context price stability, progress toward objectives disappointingly slow.",41,0.029082911,0.92764527,0.043271784,0.014188873,FALSE,"Topic 41: higher, utilization, resource, context, return, gradual"
11/3/2010,2010,11/3/2010,9,"To promote a stronger pace of economic recovery and to help ensure that inflation, over time, is at levels consistent with its mandate, the Committee decided today to expand its holdings of securities.","promote stronger pace economic recovery help ensure inflation, time, levels consistent mandate, Committee decided today expand holdings securities.",0,0.8942202,0.008714367,0.09706548,-0.79715466,FALSE,"Topic 0: percent, funds, target, committee, rate, federal"
11/3/2010,2010,11/3/2010,10,The Committee will maintain its existing policy of reinvesting principal payments from its securities holdings.,Committee maintain existing policy reinvesting principal payments securities holdings.,-1,0.08975996,0.015110872,0.89512914,0.8053692,TRUE,Topic -1
11/3/2010,2010,11/3/2010,11,"In addition, the Committee intends to purchase a further $600 billion of longer-term Treasury securities by the end of the second quarter of 2011, a pace of about $75 billion per month.","addition, Committee intends purchase $600 billion longer-term Treasury securities end second quarter 2011, pace $75 billion per month.",2,0.61630434,0.013673684,0.37002206,-0.24628228,FALSE,"Topic 2: agency, securities, mortgagebacked, treasury, principal, payments"
11/3/2010,2010,11/3/2010,12,The Committee will regularly review the pace of its securities purchases and the overall size of the asset-purchase program in light of incoming information and will adjust the program as needed to best foster maximum employment and price stability.,Committee regularly review pace securities purchases overall size asset-purchase program light incoming information adjust program needed best foster maximum employment price stability.,24,0.11492108,0.015712988,0.869366,0.7544449,TRUE,"Topic 24: review, regularly, adjust, prepared, composition, size"
11/3/2010,2010,11/3/2010,13,"The Committee will maintain the target range for the federal funds rate at 0 to 1/4 percent and continues to anticipate that economic conditions, including low rates of resource utilization, subdued inflation trends, and stable inflation expectations, are likely to warrant exceptionally low levels for the federal funds rate for an extended period.","Committee maintain target range federal funds rate 0 1/4 percent continues anticipate economic conditions, including low rates resource utilization, subdued inflation trends, stable inflation expectations, likely warrant exceptionally low levels federal funds rate extended period.",0,0.033602174,0.867093,0.09930487,0.06570269,TRUE,"Topic 0: percent, funds, target, committee, rate, federal"
11/3/2010,2010,11/3/2010,14,"The Committee will continue to monitor the economic outlook and financial developments and will employ its policy tools as necessary to support the economic recovery and to help ensure that inflation, over time, is at levels consistent with its mandate.","Committee continue monitor economic outlook financial developments employ policy tools necessary support economic recovery help ensure inflation, time, levels consistent mandate.",0,0.594716,0.012519293,0.39276466,-0.20195135,TRUE,"Topic 0: percent, funds, target, committee, rate, federal"
12/14/2010,2010,12/14/2010,0,"Information received since the Federal Open Market Committee met in November confirms that the economic recovery is continuing, though at a rate that has been insufficient to bring down unemployment.","Information received since Federal Open Market Committee met November confirms economic recovery continuing, though rate insufficient bring unemployment.",1,0.88065743,0.09887992,0.020462638,-0.8601948,FALSE,"Topic 1: gains, job, unemployment, received, met, open"
12/14/2010,2010,12/14/2010,1,"Household spending is increasing at a moderate pace, but remains constrained by high unemployment, modest income growth, lower housing wealth, and tight credit.","Household spending increasing moderate pace, remains constrained high unemployment, modest income growth, lower housing wealth, tight credit.",3,0.05790594,0.8922688,0.049825214,-0.008080725,FALSE,"Topic 3: household, spending, fixed, business, investment, housing"
12/14/2010,2010,12/14/2010,2,"Business spending on equipment and software is rising, though less rapidly than earlier in the year, while investment in nonresidential structures continues to be weak.","Business spending equipment software rising, though less rapidly earlier year, investment nonresidential structures continues weak.",32,0.17192551,0.8071687,0.020905776,-0.15101974,FALSE,"Topic 32: software, equipment, structures, business, investment, nonresidential"
12/14/2010,2010,12/14/2010,3,Employers remain reluctant to add to payrolls.,Employers remain reluctant add payrolls.,15,0.009431591,0.9689358,0.021632727,0.012201136,FALSE,"Topic 15: depressed, housing, sector, starts, nonresidential, level"
12/14/2010,2010,12/14/2010,4,The housing sector continues to be depressed.,housing sector continues depressed.,15,0.010479879,0.9666553,0.022864735,0.012384856,FALSE,"Topic 15: depressed, housing, sector, starts, nonresidential, level"
12/14/2010,2010,12/14/2010,5,"Longer-term inflation expectations have remained stable, but measures of underlying inflation have continued to trend downward.","Longer-term inflation expectations remained stable, measures underlying inflation continued trend downward.",6,0.012340318,0.967339,0.020320712,0.007980394,FALSE,"Topic 6: stable, remained, longerterm, expectations, commodities, underlying"
12/14/2010,2010,12/14/2010,6,"Consistent with its statutory mandate, the Committee seeks to foster maximum employment and price stability.","Consistent statutory mandate, Committee seeks foster maximum employment price stability.",4,0.23863597,0.014581954,0.74678206,0.5081461,FALSE,"Topic 4: statutory, foster, seeks, mandate, stability, price"
12/14/2010,2010,12/14/2010,7,"Currently, the unemployment rate is elevated, and measures of underlying inflation are somewhat low, relative to levels that the Committee judges to be consistent, over the longer run, with its dual mandate.","Currently, unemployment rate elevated, measures underlying inflation somewhat low, relative levels Committee judges consistent, longer run, dual mandate.",-1,0.40436935,0.22056016,0.37507045,-0.029298902,FALSE,Topic -1
12/14/2010,2010,12/14/2010,8,"Although the Committee anticipates a gradual return to higher levels of resource utilization in a context of price stability, progress toward its objectives has been disappointingly slow.","Although Committee anticipates gradual return higher levels resource utilization context price stability, progress toward objectives disappointingly slow.",41,0.029082911,0.92764527,0.043271784,0.014188873,FALSE,"Topic 41: higher, utilization, resource, context, return, gradual"
12/14/2010,2010,12/14/2010,9,"To promote a stronger pace of economic recovery and to help ensure that inflation, over time, is at levels consistent with its mandate, the Committee decided today to continue expanding its holdings of securities as announced in November.","promote stronger pace economic recovery help ensure inflation, time, levels consistent mandate, Committee decided today continue expanding holdings securities announced November.",0,0.8572577,0.008907509,0.13383473,-0.723423,FALSE,"Topic 0: percent, funds, target, committee, rate, federal"
12/14/2010,2010,12/14/2010,10,The Committee will maintain its existing policy of reinvesting principal payments from its securities holdings.,Committee maintain existing policy reinvesting principal payments securities holdings.,-1,0.08975996,0.015110872,0.89512914,0.8053692,TRUE,Topic -1
12/14/2010,2010,12/14/2010,11,"In addition, the Committee intends to purchase $600 billion of longer-term Treasury securities by the end of the second quarter of 2011, a pace of about $75 billion per month.","addition, Committee intends purchase $600 billion longer-term Treasury securities end second quarter 2011, pace $75 billion per month.",2,0.36164016,0.017184805,0.62117505,0.2595349,FALSE,"Topic 2: agency, securities, mortgagebacked, treasury, principal, payments"
12/14/2010,2010,12/14/2010,12,The Committee will regularly review the pace of its securities purchases and the overall size of the asset-purchase program in light of incoming information and will adjust the program as needed to best foster maximum employment and price stability.,Committee regularly review pace securities purchases overall size asset-purchase program light incoming information adjust program needed best foster maximum employment price stability.,24,0.11492108,0.015712988,0.869366,0.7544449,TRUE,"Topic 24: review, regularly, adjust, prepared, composition, size"
12/14/2010,2010,12/14/2010,13,"The Committee will maintain the target range for the federal funds rate at 0 to 1/4 percent and continues to anticipate that economic conditions, including low rates of resource utilization, subdued inflation trends, and stable inflation expectations, are likely to warrant exceptionally low levels for the federal funds rate for an extended period.","Committee maintain target range federal funds rate 0 1/4 percent continues anticipate economic conditions, including low rates resource utilization, subdued inflation trends, stable inflation expectations, likely warrant exceptionally low levels federal funds rate extended period.",0,0.033602174,0.867093,0.09930487,0.06570269,TRUE,"Topic 0: percent, funds, target, committee, rate, federal"
12/14/2010,2010,12/14/2010,14,"The Committee will continue to monitor the economic outlook and financial developments and will employ its policy tools as necessary to support the economic recovery and to help ensure that inflation, over time, is at levels consistent with its mandate.","Committee continue monitor economic outlook financial developments employ policy tools necessary support economic recovery help ensure inflation, time, levels consistent mandate.",0,0.594716,0.012519293,0.39276466,-0.20195135,TRUE,"Topic 0: percent, funds, target, committee, rate, federal"
1/26/2011,2011,1/26/2011,0,"Information received since the Federal Open Market Committee met in December confirms that the economic recovery is continuing, though at a rate that has been insufficient to bring about a significant improvement in labor market conditions.","Information received since Federal Open Market Committee met December confirms economic recovery continuing, though rate insufficient bring significant improvement labor market conditions.",1,0.94462955,0.031774525,0.023595938,-0.9210336,FALSE,"Topic 1: gains, job, unemployment, received, met, open"
1/26/2011,2011,1/26/2011,1,"Growth in household spending picked up late last year, but remains constrained by high unemployment, modest income growth, lower housing wealth, and tight credit.","Growth household spending picked late last year, remains constrained high unemployment, modest income growth, lower housing wealth, tight credit.",3,0.042052224,0.9325566,0.025391083,-0.016661141,FALSE,"Topic 3: household, spending, fixed, business, investment, housing"
1/26/2011,2011,1/26/2011,2,"Business spending on equipment and software is rising, while investment in nonresidential structures is still weak.","Business spending equipment software rising, investment nonresidential structures still weak.",32,0.030493334,0.9567146,0.012792088,-0.017701246,FALSE,"Topic 32: software, equipment, structures, business, investment, nonresidential"
1/26/2011,2011,1/26/2011,3,Employers remain reluctant to add to payrolls.,Employers remain reluctant add payrolls.,15,0.009431591,0.9689358,0.021632727,0.012201136,FALSE,"Topic 15: depressed, housing, sector, starts, nonresidential, level"
1/26/2011,2011,1/26/2011,4,The housing sector continues to be depressed.,housing sector continues depressed.,15,0.010479879,0.9666553,0.022864735,0.012384856,FALSE,"Topic 15: depressed, housing, sector, starts, nonresidential, level"
1/26/2011,2011,1/26/2011,5,"Although commodity prices have risen, longer-term inflation expectations have remained stable, and measures of underlying inflation have been trending downward.","Although commodity prices risen, longer-term inflation expectations remained stable, measures underlying inflation trending downward.",6,0.01581018,0.9615386,0.022651225,0.006841045,FALSE,"Topic 6: stable, remained, longerterm, expectations, commodities, underlying"
1/26/2011,2011,1/26/2011,6,"Consistent with its statutory mandate, the Committee seeks to foster maximum employment and price stability.","Consistent statutory mandate, Committee seeks foster maximum employment price stability.",4,0.23863597,0.014581954,0.74678206,0.5081461,FALSE,"Topic 4: statutory, foster, seeks, mandate, stability, price"
1/26/2011,2011,1/26/2011,7,"Currently, the unemployment rate is elevated, and measures of underlying inflation are somewhat low, relative to levels that the Committee judges to be consistent, over the longer run, with its dual mandate.","Currently, unemployment rate elevated, measures underlying inflation somewhat low, relative levels Committee judges consistent, longer run, dual mandate.",-1,0.40436935,0.22056016,0.37507045,-0.029298902,FALSE,Topic -1
1/26/2011,2011,1/26/2011,8,"Although the Committee anticipates a gradual return to higher levels of resource utilization in a context of price stability, progress toward its objectives has been disappointingly slow.","Although Committee anticipates gradual return higher levels resource utilization context price stability, progress toward objectives disappointingly slow.",41,0.029082911,0.92764527,0.043271784,0.014188873,FALSE,"Topic 41: higher, utilization, resource, context, return, gradual"
1/26/2011,2011,1/26/2011,9,"To promote a stronger pace of economic recovery and to help ensure that inflation, over time, is at levels consistent with its mandate, the Committee decided today to continue expanding its holdings of securities as announced in November.","promote stronger pace economic recovery help ensure inflation, time, levels consistent mandate, Committee decided today continue expanding holdings securities announced November.",0,0.8572577,0.008907509,0.13383473,-0.723423,FALSE,"Topic 0: percent, funds, target, committee, rate, federal"
1/26/2011,2011,1/26/2011,10,"In particular, the Committee is maintaining its existing policy of reinvesting principal payments from its securities holdings and intends to purchase $600 billion of longer-term Treasury securities by the end of the second quarter of 2011.","particular, Committee maintaining existing policy reinvesting principal payments securities holdings intends purchase $600 billion longer-term Treasury securities end second quarter 2011.",2,0.13693355,0.018500159,0.8445663,0.7076327,FALSE,"Topic 2: agency, securities, mortgagebacked, treasury, principal, payments"
1/26/2011,2011,1/26/2011,11,The Committee will regularly review the pace of its securities purchases and the overall size of the asset-purchase program in light of incoming information and will adjust the program as needed to best foster maximum employment and price stability.,Committee regularly review pace securities purchases overall size asset-purchase program light incoming information adjust program needed best foster maximum employment price stability.,24,0.11492108,0.015712988,0.869366,0.7544449,TRUE,"Topic 24: review, regularly, adjust, prepared, composition, size"
1/26/2011,2011,1/26/2011,12,"The Committee will maintain the target range for the federal funds rate at 0 to 1/4 percent and continues to anticipate that economic conditions, including low rates of resource utilization, subdued inflation trends, and stable inflation expectations, are likely to warrant exceptionally low levels for the federal funds rate for an extended period.","Committee maintain target range federal funds rate 0 1/4 percent continues anticipate economic conditions, including low rates resource utilization, subdued inflation trends, stable inflation expectations, likely warrant exceptionally low levels federal funds rate extended period.",0,0.033602174,0.867093,0.09930487,0.06570269,TRUE,"Topic 0: percent, funds, target, committee, rate, federal"
1/26/2011,2011,1/26/2011,13,"The Committee will continue to monitor the economic outlook and financial developments and will employ its policy tools as necessary to support the economic recovery and to help ensure that inflation, over time, is at levels consistent with its mandate.","Committee continue monitor economic outlook financial developments employ policy tools necessary support economic recovery help ensure inflation, time, levels consistent mandate.",0,0.594716,0.012519293,0.39276466,-0.20195135,TRUE,"Topic 0: percent, funds, target, committee, rate, federal"
3/15/2011,2011,3/15/2011,0,"Information received since the Federal Open Market Committee met in January suggests that the economic recovery is on a firmer footing, and overall conditions in the labor market appear to be improving gradually.","Information received since Federal Open Market Committee met January suggests economic recovery firmer footing, overall conditions labor market appear improving gradually.",1,0.9545187,0.0229679,0.022513404,-0.9320053,FALSE,"Topic 1: gains, job, unemployment, received, met, open"
3/15/2011,2011,3/15/2011,1,Household spending and business investment in equipment and software continue to expand.,Household spending business investment equipment software continue expand.,32,0.92121804,0.01136396,0.06741805,-0.8538,FALSE,"Topic 32: software, equipment, structures, business, investment, nonresidential"
3/15/2011,2011,3/15/2011,2,"However, investment in nonresidential structures is still weak, and the housing sector continues to be depressed.","However, investment nonresidential structures still weak, housing sector continues depressed.",15,0.010195895,0.9697062,0.020098034,0.009902139,FALSE,"Topic 15: depressed, housing, sector, starts, nonresidential, level"
3/15/2011,2011,3/15/2011,3,"Commodity prices have risen significantly since the summer, and concerns about global supplies of crude oil have contributed to a sharp run-up in oil prices in recent weeks.","Commodity prices risen significantly since summer, concerns global supplies crude oil contributed sharp run-up oil prices recent weeks.",25,0.07535017,0.90605325,0.01859659,-0.056753583,FALSE,"Topic 25: reflecting, prices, largely, oil, factors, commodities"
3/15/2011,2011,3/15/2011,4,"Nonetheless, longer-term inflation expectations have remained stable, and measures of underlying inflation have been subdued.","Nonetheless, longer-term inflation expectations remained stable, measures underlying inflation subdued.",6,0.35712522,0.5302793,0.11259545,-0.24452978,FALSE,"Topic 6: stable, remained, longerterm, expectations, commodities, underlying"
3/15/2011,2011,3/15/2011,5,"Consistent with its statutory mandate, the Committee seeks to foster maximum employment and price stability.","Consistent statutory mandate, Committee seeks foster maximum employment price stability.",4,0.23863597,0.014581954,0.74678206,0.5081461,FALSE,"Topic 4: statutory, foster, seeks, mandate, stability, price"
3/15/2011,2011,3/15/2011,6,"Currently, the unemployment rate remains elevated, and measures of underlying inflation continue to be somewhat low, relative to levels that the Committee judges to be consistent, over the longer run, with its dual mandate.","Currently, unemployment rate remains elevated, measures underlying inflation continue somewhat low, relative levels Committee judges consistent, longer run, dual mandate.",-1,0.5896009,0.20470668,0.20569234,-0.38390857,FALSE,Topic -1
3/15/2011,2011,3/15/2011,7,The recent increases in the prices of energy and other commodities are currently putting upward pressure on inflation.,recent increases prices energy commodities currently putting upward pressure inflation.,25,0.02712399,0.9208247,0.052051347,0.024927357,FALSE,"Topic 25: reflecting, prices, largely, oil, factors, commodities"
3/15/2011,2011,3/15/2011,8,"The Committee expects these effects to be transitory, but it will pay close attention to the evolution of inflation and inflation expectations.","Committee expects effects transitory, pay close attention evolution inflation inflation expectations.",0,0.075819716,0.019529197,0.9046511,0.8288314,TRUE,"Topic 0: percent, funds, target, committee, rate, federal"
3/15/2011,2011,3/15/2011,9,The Committee continues to anticipate a gradual return to higher levels of resource utilization in a context of price stability.,Committee continues anticipate gradual return higher levels resource utilization context price stability.,41,0.9350985,0.013120698,0.051780768,-0.88331777,TRUE,"Topic 41: higher, utilization, resource, context, return, gradual"
3/15/2011,2011,3/15/2011,10,"To promote a stronger pace of economic recovery and to help ensure that inflation, over time, is at levels consistent with its mandate, the Committee decided today to continue expanding its holdings of securities as announced in November.","promote stronger pace economic recovery help ensure inflation, time, levels consistent mandate, Committee decided today continue expanding holdings securities announced November.",0,0.8572577,0.008907509,0.13383473,-0.723423,FALSE,"Topic 0: percent, funds, target, committee, rate, federal"
3/15/2011,2011,3/15/2011,11,"In particular, the Committee is maintaining its existing policy of reinvesting principal payments from its securities holdings and intends to purchase $600 billion of longer-term Treasury securities by the end of the second quarter of 2011.","particular, Committee maintaining existing policy reinvesting principal payments securities holdings intends purchase $600 billion longer-term Treasury securities end second quarter 2011.",2,0.13693355,0.018500159,0.8445663,0.7076327,FALSE,"Topic 2: agency, securities, mortgagebacked, treasury, principal, payments"
3/15/2011,2011,3/15/2011,12,The Committee will regularly review the pace of its securities purchases and the overall size of the asset-purchase program in light of incoming information and will adjust the program as needed to best foster maximum employment and price stability.,Committee regularly review pace securities purchases overall size asset-purchase program light incoming information adjust program needed best foster maximum employment price stability.,24,0.11492108,0.015712988,0.869366,0.7544449,TRUE,"Topic 24: review, regularly, adjust, prepared, composition, size"
3/15/2011,2011,3/15/2011,13,"The Committee will maintain the target range for the federal funds rate at 0 to 1/4 percent and continues to anticipate that economic conditions, including low rates of resource utilization, subdued inflation trends, and stable inflation expectations, are likely to warrant exceptionally low levels for the federal funds rate for an extended period.","Committee maintain target range federal funds rate 0 1/4 percent continues anticipate economic conditions, including low rates resource utilization, subdued inflation trends, stable inflation expectations, likely warrant exceptionally low levels federal funds rate extended period.",0,0.033602174,0.867093,0.09930487,0.06570269,TRUE,"Topic 0: percent, funds, target, committee, rate, federal"
3/15/2011,2011,3/15/2011,14,"The Committee will continue to monitor the economic outlook and financial developments and will employ its policy tools as necessary to support the economic recovery and to help ensure that inflation, over time, is at levels consistent with its mandate.","Committee continue monitor economic outlook financial developments employ policy tools necessary support economic recovery help ensure inflation, time, levels consistent mandate.",0,0.594716,0.012519293,0.39276466,-0.20195135,TRUE,"Topic 0: percent, funds, target, committee, rate, federal"
4/27/2011,2011,4/27/2011,0,Information received since the Federal Open Market Committee met in March indicates that the economic recovery is proceeding at a moderate pace and overall conditions in the labor market are improving gradually.,Information received since Federal Open Market Committee met March indicates economic recovery proceeding moderate pace overall conditions labor market improving gradually.,1,0.9534464,0.02133913,0.025214445,-0.92823195,FALSE,"Topic 1: gains, job, unemployment, received, met, open"
4/27/2011,2011,4/27/2011,1,Household spending and business investment in equipment and software continue to expand.,Household spending business investment equipment software continue expand.,32,0.92121804,0.01136396,0.06741805,-0.8538,FALSE,"Topic 32: software, equipment, structures, business, investment, nonresidential"
4/27/2011,2011,4/27/2011,2,"However, investment in nonresidential structures is still weak, and the housing sector continues to be depressed.","However, investment nonresidential structures still weak, housing sector continues depressed.",15,0.010195895,0.9697062,0.020098034,0.009902139,FALSE,"Topic 15: depressed, housing, sector, starts, nonresidential, level"
4/27/2011,2011,4/27/2011,3,"Commodity prices have risen significantly since last summer, and concerns about global supplies of crude oil have contributed to a further increase in oil prices since the Committee met in March.","Commodity prices risen significantly since last summer, concerns global supplies crude oil contributed increase oil prices since Committee met March.",25,0.91042936,0.062885284,0.026685325,-0.88374406,FALSE,"Topic 25: reflecting, prices, largely, oil, factors, commodities"
4/27/2011,2011,4/27/2011,4,"Inflation has picked up in recent months, but longer-term inflation expectations have remained stable and measures of underlying inflation are still subdued.","Inflation picked recent months, longer-term inflation expectations remained stable measures underlying inflation still subdued.",6,0.7838603,0.13029492,0.085844815,-0.6980155,FALSE,"Topic 6: stable, remained, longerterm, expectations, commodities, underlying"
4/27/2011,2011,4/27/2011,5,"Consistent with its statutory mandate, the Committee seeks to foster maximum employment and price stability.","Consistent statutory mandate, Committee seeks foster maximum employment price stability.",4,0.23863597,0.014581954,0.74678206,0.5081461,FALSE,"Topic 4: statutory, foster, seeks, mandate, stability, price"
4/27/2011,2011,4/27/2011,6,"The unemployment rate remains elevated, and measures of underlying inflation continue to be somewhat low, relative to levels that the Committee judges to be consistent, over the longer run, with its dual mandate.","unemployment rate remains elevated, measures underlying inflation continue somewhat low, relative levels Committee judges consistent, longer run, dual mandate.",-1,0.69562566,0.14147367,0.16290066,-0.532725,FALSE,Topic -1
4/27/2011,2011,4/27/2011,7,Increases in the prices of energy and other commodities have pushed up inflation in recent months.,Increases prices energy commodities pushed inflation recent months.,25,0.31431368,0.5840979,0.10158835,-0.21272533,FALSE,"Topic 25: reflecting, prices, largely, oil, factors, commodities"
4/27/2011,2011,4/27/2011,8,"The Committee expects these effects to be transitory, but it will pay close attention to the evolution of inflation and inflation expectations.","Committee expects effects transitory, pay close attention evolution inflation inflation expectations.",0,0.075819716,0.019529197,0.9046511,0.8288314,TRUE,"Topic 0: percent, funds, target, committee, rate, federal"
4/27/2011,2011,4/27/2011,9,The Committee continues to anticipate a gradual return to higher levels of resource utilization in a context of price stability.,Committee continues anticipate gradual return higher levels resource utilization context price stability.,41,0.9350985,0.013120698,0.051780768,-0.88331777,TRUE,"Topic 41: higher, utilization, resource, context, return, gradual"
4/27/2011,2011,4/27/2011,10,"To promote a stronger pace of economic recovery and to help ensure that inflation, over time, is at levels consistent with its mandate, the Committee decided today to continue expanding its holdings of securities as announced in November.","promote stronger pace economic recovery help ensure inflation, time, levels consistent mandate, Committee decided today continue expanding holdings securities announced November.",0,0.8572577,0.008907509,0.13383473,-0.723423,FALSE,"Topic 0: percent, funds, target, committee, rate, federal"
4/27/2011,2011,4/27/2011,11,"In particular, the Committee is maintaining its existing policy of reinvesting principal payments from its securities holdings and will complete purchases of $600 billion of longer-term Treasury securities by the end of the current quarter.","particular, Committee maintaining existing policy reinvesting principal payments securities holdings complete purchases $600 billion longer-term Treasury securities end current quarter.",2,0.28485486,0.02072708,0.6944181,0.4095632,TRUE,"Topic 2: agency, securities, mortgagebacked, treasury, principal, payments"
4/27/2011,2011,4/27/2011,12,The Committee will regularly review the size and composition of its securities holdings in light of incoming information and is prepared to adjust those holdings as needed to best foster maximum employment and price stability.,Committee regularly review size composition securities holdings light incoming information prepared adjust holdings needed best foster maximum employment price stability.,24,0.081074774,0.01504327,0.9038819,0.82280713,TRUE,"Topic 24: review, regularly, adjust, prepared, composition, size"
4/27/2011,2011,4/27/2011,13,"The Committee will maintain the target range for the federal funds rate at 0 to 1/4 percent and continues to anticipate that economic conditions, including low rates of resource utilization, subdued inflation trends, and stable inflation expectations, are likely to warrant exceptionally low levels for the federal funds rate for an extended period.","Committee maintain target range federal funds rate 0 1/4 percent continues anticipate economic conditions, including low rates resource utilization, subdued inflation trends, stable inflation expectations, likely warrant exceptionally low levels federal funds rate extended period.",0,0.033602174,0.867093,0.09930487,0.06570269,TRUE,"Topic 0: percent, funds, target, committee, rate, federal"
4/27/2011,2011,4/27/2011,14,"The Committee will continue to monitor the economic outlook and financial developments and will employ its policy tools as necessary to support the economic recovery and to help ensure that inflation, over time, is at levels consistent with its mandate.","Committee continue monitor economic outlook financial developments employ policy tools necessary support economic recovery help ensure inflation, time, levels consistent mandate.",0,0.594716,0.012519293,0.39276466,-0.20195135,TRUE,"Topic 0: percent, funds, target, committee, rate, federal"
6/22/2011,2011,6/22/2011,0,"Information received since the Federal Open Market Committee met in April indicates that the economic recovery is continuing at a moderate pace, though somewhat more slowly than the Committee had expected.","Information received since Federal Open Market Committee met April indicates economic recovery continuing moderate pace, though somewhat slowly Committee expected.",1,0.9401304,0.03196579,0.027903797,-0.9122266,FALSE,"Topic 1: gains, job, unemployment, received, met, open"
6/22/2011,2011,6/22/2011,1,"Also, recent labor market indicators have been weaker than anticipated.","Also, recent labor market indicators weaker anticipated.",-1,0.012050601,0.9707562,0.017193178,0.005142577,TRUE,Topic -1
6/22/2011,2011,6/22/2011,2,"The slower pace of the recovery reflects in part factors that are likely to be temporary, including the damping effect of higher food and energy prices on consumer purchasing power and spending as well as supply chain disruptions associated with the tragic events in Japan.","slower pace recovery reflects part factors likely temporary, including damping effect higher food energy prices consumer purchasing power spending well supply chain disruptions associated tragic events Japan.",35,0.016715694,0.960626,0.02265828,0.005942585,TRUE,"Topic 35: hiring, tighter, weigh, disruptions, businesses, households"
6/22/2011,2011,6/22/2011,3,Household spending and business investment in equipment and software continue to expand.,Household spending business investment equipment software continue expand.,32,0.92121804,0.01136396,0.06741805,-0.8538,FALSE,"Topic 32: software, equipment, structures, business, investment, nonresidential"
6/22/2011,2011,6/22/2011,4,"However, investment in nonresidential structures is still weak, and the housing sector continues to be depressed.","However, investment nonresidential structures still weak, housing sector continues depressed.",15,0.010195895,0.9697062,0.020098034,0.009902139,FALSE,"Topic 15: depressed, housing, sector, starts, nonresidential, level"
6/22/2011,2011,6/22/2011,5,"Inflation has picked up in recent months, mainly reflecting higher prices for some commodities and imported goods, as well as the recent supply chain disruptions.","Inflation picked recent months, mainly reflecting higher prices commodities imported goods, well recent supply chain disruptions.",25,0.78624755,0.18821213,0.02554034,-0.7607072,FALSE,"Topic 25: reflecting, prices, largely, oil, factors, commodities"
6/22/2011,2011,6/22/2011,6,"However, longer-term inflation expectations have remained stable.","However, longer-term inflation expectations remained stable.",6,0.92627424,0.0393094,0.034416433,-0.8918578,FALSE,"Topic 6: stable, remained, longerterm, expectations, commodities, underlying"
6/22/2011,2011,6/22/2011,7,"Consistent with its statutory mandate, the Committee seeks to foster maximum employment and price stability.","Consistent statutory mandate, Committee seeks foster maximum employment price stability.",4,0.23863597,0.014581954,0.74678206,0.5081461,FALSE,"Topic 4: statutory, foster, seeks, mandate, stability, price"
6/22/2011,2011,6/22/2011,8,"The unemployment rate remains elevated; however, the Committee expects the pace of recovery to pick up over coming quarters and the unemployment rate to resume its gradual decline toward levels that the Committee judges to be consistent with its dual mandate.","unemployment rate remains elevated; however, Committee expects pace recovery pick coming quarters unemployment rate resume gradual decline toward levels Committee judges consistent dual mandate.",0,0.5472828,0.42129794,0.031419236,-0.5158636,TRUE,"Topic 0: percent, funds, target, committee, rate, federal"
6/22/2011,2011,6/22/2011,9,"Inflation has moved up recently, but the Committee anticipates that inflation will subside to levels at or below those consistent with the Committee's dual mandate as the effects of past energy and other commodity price increases dissipate.","Inflation moved recently, Committee anticipates inflation subside levels consistent Committee's dual mandate effects past energy commodity price increases dissipate.",0,0.93894607,0.040689975,0.020363992,-0.9185821,TRUE,"Topic 0: percent, funds, target, committee, rate, federal"
6/22/2011,2011,6/22/2011,10,"However, the Committee will continue to pay close attention to the evolution of inflation and inflation expectations.","However, Committee continue pay close attention evolution inflation inflation expectations.",0,0.12128374,0.015064465,0.86365175,0.742368,TRUE,"Topic 0: percent, funds, target, committee, rate, federal"
6/22/2011,2011,6/22/2011,11,"To promote the ongoing economic recovery and to help ensure that inflation, over time, is at levels consistent with its mandate, the Committee decided today to keep the target range for the federal funds rate at 0 to 1/4 percent.","promote ongoing economic recovery help ensure inflation, time, levels consistent mandate, Committee decided today keep target range federal funds rate 0 1/4 percent.",0,0.07585537,0.046192545,0.87795216,0.8020968,FALSE,"Topic 0: percent, funds, target, committee, rate, federal"
6/22/2011,2011,6/22/2011,12,The Committee continues to anticipate that economic conditions--including low rates of resource utilization and a subdued outlook for inflation over the medium run--are likely to warrant exceptionally low levels for the federal funds rate for an extended period.,Committee continues anticipate economic conditions--including low rates resource utilization subdued outlook inflation medium run--are likely warrant exceptionally low levels federal funds rate extended period.,0,0.018923722,0.95026094,0.03081527,0.011891548,TRUE,"Topic 0: percent, funds, target, committee, rate, federal"
6/22/2011,2011,6/22/2011,13,The Committee will complete its purchases of $600 billion of longer-term Treasury securities by the end of this month and will maintain its existing policy of reinvesting principal payments from its securities holdings.,Committee complete purchases $600 billion longer-term Treasury securities end month maintain existing policy reinvesting principal payments securities holdings.,2,0.10797129,0.014808936,0.8772198,0.7692485,TRUE,"Topic 2: agency, securities, mortgagebacked, treasury, principal, payments"
6/22/2011,2011,6/22/2011,14,The Committee will regularly review the size and composition of its securities holdings and is prepared to adjust those holdings as appropriate.,Committee regularly review size composition securities holdings prepared adjust holdings appropriate.,24,0.027351364,0.027843496,0.9448051,0.9174537,TRUE,"Topic 24: review, regularly, adjust, prepared, composition, size"
6/22/2011,2011,6/22/2011,15,The Committee will monitor the economic outlook and financial developments and will act as needed to best foster maximum employment and price stability.,Committee monitor economic outlook financial developments act needed best foster maximum employment price stability.,0,0.17259417,0.013327708,0.81407815,0.64148396,TRUE,"Topic 0: percent, funds, target, committee, rate, federal"
8/9/2011,2011,8/9/2011,0,Information received since the Federal Open Market Committee met in June indicates that economic growth so far this year has been considerably slower than the Committee had expected.,Information received since Federal Open Market Committee met June indicates economic growth far year considerably slower Committee expected.,1,0.013523987,0.96812737,0.018348636,0.00482465,FALSE,"Topic 1: gains, job, unemployment, received, met, open"
8/9/2011,2011,8/9/2011,1,"Indicators suggest a deterioration in overall labor market conditions in recent months, and the unemployment rate has moved up.","Indicators suggest deterioration overall labor market conditions recent months, unemployment rate moved up.",40,0.06728013,0.9175819,0.015138044,-0.052142084,FALSE,"Topic 40: elevated, unemployment, remains, slow, weakness, rate"
8/9/2011,2011,8/9/2011,2,"Household spending has flattened out, investment in nonresidential structures is still weak, and the housing sector remains depressed.","Household spending flattened out, investment nonresidential structures still weak, housing sector remains depressed.",15,0.008652339,0.97019774,0.021149868,0.012497529,FALSE,"Topic 15: depressed, housing, sector, starts, nonresidential, level"
8/9/2011,2011,8/9/2011,3,"However, business investment in equipment and software continues to expand.","However, business investment equipment software continues expand.",32,0.8517075,0.006625745,0.1416667,-0.7100408,FALSE,"Topic 32: software, equipment, structures, business, investment, nonresidential"
8/9/2011,2011,8/9/2011,4,"Temporary factors, including the damping effect of higher food and energy prices on consumer purchasing power and spending as well as supply chain disruptions associated with the tragic events in Japan, appear to account for only some of the recent weakness in economic activity.","Temporary factors, including damping effect higher food energy prices consumer purchasing power spending well supply chain disruptions associated tragic events Japan, appear account recent weakness economic activity.",35,0.012757303,0.9679937,0.01924908,0.006491777,FALSE,"Topic 35: hiring, tighter, weigh, disruptions, businesses, households"
8/9/2011,2011,8/9/2011,5,"Inflation picked up earlier in the year, mainly reflecting higher prices for some commodities and imported goods, as well as the supply chain disruptions.","Inflation picked earlier year, mainly reflecting higher prices commodities imported goods, well supply chain disruptions.",25,0.90573376,0.075626604,0.018639566,-0.8870942,FALSE,"Topic 25: reflecting, prices, largely, oil, factors, commodities"
8/9/2011,2011,8/9/2011,6,"More recently, inflation has moderated as prices of energy and some commodities have declined from their earlier peaks.","recently, inflation moderated prices energy commodities declined earlier peaks.",6,0.016324315,0.96338826,0.020287482,0.003963167,FALSE,"Topic 6: stable, remained, longerterm, expectations, commodities, underlying"
8/9/2011,2011,8/9/2011,7,Longer-term inflation expectations have remained stable.,Longer-term inflation expectations remained stable.,6,0.9298828,0.025309332,0.04480783,-0.885075,FALSE,"Topic 6: stable, remained, longerterm, expectations, commodities, underlying"
8/9/2011,2011,8/9/2011,8,"Consistent with its statutory mandate, the Committee seeks to foster maximum employment and price stability.","Consistent statutory mandate, Committee seeks foster maximum employment price stability.",4,0.23863597,0.014581954,0.74678206,0.5081461,FALSE,"Topic 4: statutory, foster, seeks, mandate, stability, price"
8/9/2011,2011,8/9/2011,9,The Committee now expects a somewhat slower pace of recovery over coming quarters than it did at the time of the previous meeting and anticipates that the unemployment rate will decline only gradually toward levels that the Committee judges to be consistent with its dual mandate.,Committee expects somewhat slower pace recovery coming quarters time previous meeting anticipates unemployment rate decline gradually toward levels Committee judges consistent dual mandate.,0,0.07203462,0.89911586,0.028849503,-0.043185115,TRUE,"Topic 0: percent, funds, target, committee, rate, federal"
8/9/2011,2011,8/9/2011,10,"Moreover, downside risks to the economic outlook have increased.","Moreover, downside risks economic outlook increased.",16,0.52907336,0.40959236,0.061334334,-0.46773902,FALSE,"Topic 16: downside, strains, significant, risks, global, pose"
8/9/2011,2011,8/9/2011,11,"The Committee also anticipates that inflation will settle, over coming quarters, at levels at or below those consistent with the Committee's dual mandate as the effects of past energy and other commodity price increases dissipate further.","Committee also anticipates inflation settle, coming quarters, levels consistent Committee's dual mandate effects past energy commodity price increases dissipate further.",0,0.18887024,0.75134695,0.059782792,-0.12908745,TRUE,"Topic 0: percent, funds, target, committee, rate, federal"
8/9/2011,2011,8/9/2011,12,"However, the Committee will continue to pay close attention to the evolution of inflation and inflation expectations.","However, Committee continue pay close attention evolution inflation inflation expectations.",0,0.12128374,0.015064465,0.86365175,0.742368,TRUE,"Topic 0: percent, funds, target, committee, rate, federal"
8/9/2011,2011,8/9/2011,13,"To promote the ongoing economic recovery and to help ensure that inflation, over time, is at levels consistent with its mandate, the Committee decided today to keep the target range for the federal funds rate at 0 to 1/4 percent.","promote ongoing economic recovery help ensure inflation, time, levels consistent mandate, Committee decided today keep target range federal funds rate 0 1/4 percent.",0,0.07585537,0.046192545,0.87795216,0.8020968,FALSE,"Topic 0: percent, funds, target, committee, rate, federal"
8/9/2011,2011,8/9/2011,14,The Committee currently anticipates that economic conditions--including low rates of resource utilization and a subdued outlook for inflation over the medium run--are likely to warrant exceptionally low levels for the federal funds rate at least through mid-2013.,Committee currently anticipates economic conditions--including low rates resource utilization subdued outlook inflation medium run--are likely warrant exceptionally low levels federal funds rate least mid-2013.,0,0.016310988,0.9525696,0.031119412,0.014808424,TRUE,"Topic 0: percent, funds, target, committee, rate, federal"
8/9/2011,2011,8/9/2011,15,The Committee also will maintain its existing policy of reinvesting principal payments from its securities holdings.,Committee also maintain existing policy reinvesting principal payments securities holdings.,-1,0.11224307,0.014756076,0.8730009,0.76075786,TRUE,Topic -1
8/9/2011,2011,8/9/2011,16,The Committee will regularly review the size and composition of its securities holdings and is prepared to adjust those holdings as appropriate.,Committee regularly review size composition securities holdings prepared adjust holdings appropriate.,24,0.027351364,0.027843496,0.9448051,0.9174537,TRUE,"Topic 24: review, regularly, adjust, prepared, composition, size"
8/9/2011,2011,8/9/2011,17,The Committee discussed the range of policy tools available to promote a stronger economic recovery in a context of price stability.,Committee discussed range policy tools available promote stronger economic recovery context price stability.,0,0.43803728,0.010551385,0.55141133,0.113374054,FALSE,"Topic 0: percent, funds, target, committee, rate, federal"
8/9/2011,2011,8/9/2011,18,It will continue to assess the economic outlook in light of incoming information and is prepared to employ these tools as appropriate.,continue assess economic outlook light incoming information prepared employ tools appropriate.,0,0.67917305,0.008534505,0.3122925,-0.36688057,TRUE,"Topic 0: percent, funds, target, committee, rate, federal"
9/21/2011,2011,9/21/2011,0,Information received since the Federal Open Market Committee met in August indicates that economic growth remains slow.,Information received since Federal Open Market Committee met August indicates economic growth remains slow.,1,0.014309702,0.9614834,0.024206972,0.00989727,FALSE,"Topic 1: gains, job, unemployment, received, met, open"
9/21/2011,2011,9/21/2011,1,"Recent indicators point to continuing weakness in overall labor market conditions, and the unemployment rate remains elevated.","Recent indicators point continuing weakness overall labor market conditions, unemployment rate remains elevated.",40,0.014344341,0.9684929,0.017162682,0.002818341,FALSE,"Topic 40: elevated, unemployment, remains, slow, weakness, rate"
9/21/2011,2011,9/21/2011,2,Household spending has been increasing at only a modest pace in recent months despite some recovery in sales of motor vehicles as supply-chain disruptions eased.,Household spending increasing modest pace recent months despite recovery sales motor vehicles supply-chain disruptions eased.,3,0.91392505,0.0674379,0.01863703,-0.89528805,FALSE,"Topic 3: household, spending, fixed, business, investment, housing"
9/21/2011,2011,9/21/2011,3,"Investment in nonresidential structures is still weak, and the housing sector remains depressed.","Investment nonresidential structures still weak, housing sector remains depressed.",15,0.008684901,0.9706269,0.020688204,0.012003304,FALSE,"Topic 15: depressed, housing, sector, starts, nonresidential, level"
9/21/2011,2011,9/21/2011,4,"However, business investment in equipment and software continues to expand.","However, business investment equipment software continues expand.",32,0.8517075,0.006625745,0.1416667,-0.7100408,FALSE,"Topic 32: software, equipment, structures, business, investment, nonresidential"
9/21/2011,2011,9/21/2011,5,Inflation appears to have moderated since earlier in the year as prices of energy and some commodities have declined from their peaks.,Inflation appears moderated since earlier year prices energy commodities declined peaks.,6,0.043831542,0.943759,0.012409383,-0.03142216,FALSE,"Topic 6: stable, remained, longerterm, expectations, commodities, underlying"
9/21/2011,2011,9/21/2011,6,Longer-term inflation expectations have remained stable.,Longer-term inflation expectations remained stable.,6,0.9298828,0.025309332,0.04480783,-0.885075,FALSE,"Topic 6: stable, remained, longerterm, expectations, commodities, underlying"
9/21/2011,2011,9/21/2011,7,"Consistent with its statutory mandate, the Committee seeks to foster maximum employment and price stability.","Consistent statutory mandate, Committee seeks foster maximum employment price stability.",4,0.23863597,0.014581954,0.74678206,0.5081461,FALSE,"Topic 4: statutory, foster, seeks, mandate, stability, price"
9/21/2011,2011,9/21/2011,8,The Committee continues to expect some pickup in the pace of recovery over coming quarters but anticipates that the unemployment rate will decline only gradually toward levels that the Committee judges to be consistent with its dual mandate.,Committee continues expect pickup pace recovery coming quarters anticipates unemployment rate decline gradually toward levels Committee judges consistent dual mandate.,0,0.1147752,0.85653555,0.028689155,-0.08608605,TRUE,"Topic 0: percent, funds, target, committee, rate, federal"
9/21/2011,2011,9/21/2011,9,"Moreover, there are significant downside risks to the economic outlook, including strains in global financial markets.","Moreover, significant downside risks economic outlook, including strains global financial markets.",16,0.025935141,0.9219221,0.052142747,0.026207605,FALSE,"Topic 16: downside, strains, significant, risks, global, pose"
9/21/2011,2011,9/21/2011,10,"The Committee also anticipates that inflation will settle, over coming quarters, at levels at or below those consistent with the Committee's dual mandate as the effects of past energy and other commodity price increases dissipate further.","Committee also anticipates inflation settle, coming quarters, levels consistent Committee's dual mandate effects past energy commodity price increases dissipate further.",0,0.18887024,0.75134695,0.059782792,-0.12908745,TRUE,"Topic 0: percent, funds, target, committee, rate, federal"
9/21/2011,2011,9/21/2011,11,"However, the Committee will continue to pay close attention to the evolution of inflation and inflation expectations.","However, Committee continue pay close attention evolution inflation inflation expectations.",0,0.12128374,0.015064465,0.86365175,0.742368,TRUE,"Topic 0: percent, funds, target, committee, rate, federal"
9/21/2011,2011,9/21/2011,12,"To support a stronger economic recovery and to help ensure that inflation, over time, is at levels consistent with the dual mandate, the Committee decided today to extend the average maturity of its holdings of securities.","support stronger economic recovery help ensure inflation, time, levels consistent dual mandate, Committee decided today extend average maturity holdings securities.",0,0.25867224,0.012557118,0.7287707,0.47009844,FALSE,"Topic 0: percent, funds, target, committee, rate, federal"
9/21/2011,2011,9/21/2011,13,"The Committee intends to purchase, by the end of June 2012, $400 billion of Treasury securities with remaining maturities of 6 years to 30 years and to sell an equal amount of Treasury securities with remaining maturities of 3 years or less.","Committee intends purchase, end June 2012, $400 billion Treasury securities remaining maturities 6 years 30 years sell equal amount Treasury securities remaining maturities 3 years less.",2,0.04936176,0.01486977,0.93576854,0.8864068,FALSE,"Topic 2: agency, securities, mortgagebacked, treasury, principal, payments"
9/21/2011,2011,9/21/2011,14,This program should put downward pressure on longer-term interest rates and help make broader financial conditions more accommodative.,program put downward pressure longer-term interest rates help make broader financial conditions accommodative.,22,0.481955,0.16880065,0.34924427,-0.13271073,TRUE,"Topic 22: downward, make, pressure, help, mortgage, broader"
9/21/2011,2011,9/21/2011,15,The Committee will regularly review the size and composition of its securities holdings and is prepared to adjust those holdings as appropriate.,Committee regularly review size composition securities holdings prepared adjust holdings appropriate.,24,0.027351364,0.027843496,0.9448051,0.9174537,TRUE,"Topic 24: review, regularly, adjust, prepared, composition, size"
9/21/2011,2011,9/21/2011,16,"To help support conditions in mortgage markets, the Committee will now reinvest principal payments from its holdings of agency debt and agency mortgage-backed securities in agency mortgage-backed securities.","help support conditions mortgage markets, Committee reinvest principal payments holdings agency debt agency mortgage-backed securities agency mortgage-backed securities.",2,0.21390186,0.008531408,0.7775667,0.5636648,TRUE,"Topic 2: agency, securities, mortgagebacked, treasury, principal, payments"
9/21/2011,2011,9/21/2011,17,"In addition, the Committee will maintain its existing policy of rolling over maturing Treasury securities at auction.","addition, Committee maintain existing policy rolling maturing Treasury securities auction.",-1,0.058543246,0.02105908,0.92039776,0.8618545,TRUE,Topic -1
9/21/2011,2011,9/21/2011,18,The Committee also decided to keep the target range for the federal funds rate at 0 to 1/4 percent and currently anticipates that economic conditions--including low rates of resource utilization and a subdued outlook for inflation over the medium run--are likely to warrant exceptionally low levels for the federal funds rate at least through mid-2013.,Committee also decided keep target range federal funds rate 0 1/4 percent currently anticipates economic conditions--including low rates resource utilization subdued outlook inflation medium run--are likely warrant exceptionally low levels federal funds rate least mid-2013.,0,0.028500468,0.88744915,0.08405045,0.05554998,TRUE,"Topic 0: percent, funds, target, committee, rate, federal"
9/21/2011,2011,9/21/2011,19,The Committee discussed the range of policy tools available to promote a stronger economic recovery in a context of price stability.,Committee discussed range policy tools available promote stronger economic recovery context price stability.,0,0.43803728,0.010551385,0.55141133,0.113374054,FALSE,"Topic 0: percent, funds, target, committee, rate, federal"
9/21/2011,2011,9/21/2011,20,It will continue to assess the economic outlook in light of incoming information and is prepared to employ its tools as appropriate.,continue assess economic outlook light incoming information prepared employ tools appropriate.,0,0.715785,0.008298486,0.27591646,-0.43986857,TRUE,"Topic 0: percent, funds, target, committee, rate, federal"
11/2/2011,2011,11/2/2011,0,"Information received since the Federal Open Market Committee met in September indicates that economic growth strengthened somewhat in the third quarter, reflecting in part a reversal of the temporary factors that had weighed on growth earlier in the year.","Information received since Federal Open Market Committee met September indicates economic growth strengthened somewhat third quarter, reflecting part reversal temporary factors weighed growth earlier year.",1,0.9402086,0.041936498,0.01785496,-0.9223536,FALSE,"Topic 1: gains, job, unemployment, received, met, open"
11/2/2011,2011,11/2/2011,1,"Nonetheless, recent indicators point to continuing weakness in overall labor market conditions, and the unemployment rate remains elevated.","Nonetheless, recent indicators point continuing weakness overall labor market conditions, unemployment rate remains elevated.",40,0.016015278,0.9667513,0.01723352,0.001218243,FALSE,"Topic 40: elevated, unemployment, remains, slow, weakness, rate"
11/2/2011,2011,11/2/2011,2,Household spending has increased at a somewhat faster pace in recent months.,Household spending increased somewhat faster pace recent months.,3,0.94749886,0.026173184,0.02632803,-0.92117083,FALSE,"Topic 3: household, spending, fixed, business, investment, housing"
11/2/2011,2011,11/2/2011,3,"Business investment in equipment and software has continued to expand, but investment in nonresidential structures is still weak, and the housing sector remains depressed.","Business investment equipment software continued expand, investment nonresidential structures still weak, housing sector remains depressed.",32,0.013414997,0.9656385,0.020946441,0.007531445,FALSE,"Topic 32: software, equipment, structures, business, investment, nonresidential"
11/2/2011,2011,11/2/2011,4,Inflation appears to have moderated since earlier in the year as prices of energy and some commodities have declined from their peaks.,Inflation appears moderated since earlier year prices energy commodities declined peaks.,6,0.043831542,0.943759,0.012409383,-0.03142216,FALSE,"Topic 6: stable, remained, longerterm, expectations, commodities, underlying"
11/2/2011,2011,11/2/2011,5,Longer-term inflation expectations have remained stable.,Longer-term inflation expectations remained stable.,6,0.9298828,0.025309332,0.04480783,-0.885075,FALSE,"Topic 6: stable, remained, longerterm, expectations, commodities, underlying"
11/2/2011,2011,11/2/2011,6,"Consistent with its statutory mandate, the Committee seeks to foster maximum employment and price stability.","Consistent statutory mandate, Committee seeks foster maximum employment price stability.",4,0.23863597,0.014581954,0.74678206,0.5081461,FALSE,"Topic 4: statutory, foster, seeks, mandate, stability, price"
11/2/2011,2011,11/2/2011,7,The Committee continues to expect a moderate pace of economic growth over coming quarters and consequently anticipates that the unemployment rate will decline only gradually toward levels that the Committee judges to be consistent with its dual mandate.,Committee continues expect moderate pace economic growth coming quarters consequently anticipates unemployment rate decline gradually toward levels Committee judges consistent dual mandate.,0,0.2296842,0.7215975,0.048718225,-0.18096597,TRUE,"Topic 0: percent, funds, target, committee, rate, federal"
11/2/2011,2011,11/2/2011,8,"Moreover, there are significant downside risks to the economic outlook, including strains in global financial markets.","Moreover, significant downside risks economic outlook, including strains global financial markets.",16,0.025935141,0.9219221,0.052142747,0.026207605,FALSE,"Topic 16: downside, strains, significant, risks, global, pose"
11/2/2011,2011,11/2/2011,9,"The Committee also anticipates that inflation will settle, over coming quarters, at levels at or below those consistent with the Committee's dual mandate as the effects of past energy and other commodity price increases dissipate further.","Committee also anticipates inflation settle, coming quarters, levels consistent Committee's dual mandate effects past energy commodity price increases dissipate further.",0,0.18887024,0.75134695,0.059782792,-0.12908745,TRUE,"Topic 0: percent, funds, target, committee, rate, federal"
11/2/2011,2011,11/2/2011,10,"However, the Committee will continue to pay close attention to the evolution of inflation and inflation expectations.","However, Committee continue pay close attention evolution inflation inflation expectations.",0,0.12128374,0.015064465,0.86365175,0.742368,TRUE,"Topic 0: percent, funds, target, committee, rate, federal"
11/2/2011,2011,11/2/2011,11,"To support a stronger economic recovery and to help ensure that inflation, over time, is at levels consistent with the dual mandate, the Committee decided today to continue its program to extend the average maturity of its holdings of securities as announced in September.","support stronger economic recovery help ensure inflation, time, levels consistent dual mandate, Committee decided today continue program extend average maturity holdings securities announced September.",0,0.7429687,0.010033172,0.2469982,-0.4959705,FALSE,"Topic 0: percent, funds, target, committee, rate, federal"
11/2/2011,2011,11/2/2011,12,The Committee is maintaining its existing policies of reinvesting principal payments from its holdings of agency debt and agency mortgage-backed securities in agency mortgage-backed securities and of rolling over maturing Treasury securities at auction.,Committee maintaining existing policies reinvesting principal payments holdings agency debt agency mortgage-backed securities agency mortgage-backed securities rolling maturing Treasury securities auction.,2,0.06050687,0.026929375,0.91256374,0.85205686,FALSE,"Topic 2: agency, securities, mortgagebacked, treasury, principal, payments"
11/2/2011,2011,11/2/2011,13,The Committee will regularly review the size and composition of its securities holdings and is prepared to adjust those holdings as appropriate.,Committee regularly review size composition securities holdings prepared adjust holdings appropriate.,24,0.027351364,0.027843496,0.9448051,0.9174537,TRUE,"Topic 24: review, regularly, adjust, prepared, composition, size"
11/2/2011,2011,11/2/2011,14,The Committee also decided to keep the target range for the federal funds rate at 0 to 1/4 percent and currently anticipates that economic conditions--including low rates of resource utilization and a subdued outlook for inflation over the medium run--are likely to warrant exceptionally low levels for the federal funds rate at least through mid-2013.,Committee also decided keep target range federal funds rate 0 1/4 percent currently anticipates economic conditions--including low rates resource utilization subdued outlook inflation medium run--are likely warrant exceptionally low levels federal funds rate least mid-2013.,0,0.028500468,0.88744915,0.08405045,0.05554998,TRUE,"Topic 0: percent, funds, target, committee, rate, federal"
11/2/2011,2011,11/2/2011,15,The Committee will continue to assess the economic outlook in light of incoming information and is prepared to employ its tools to promote a stronger economic recovery in a context of price stability.,Committee continue assess economic outlook light incoming information prepared employ tools promote stronger economic recovery context price stability.,0,0.8502412,0.00956348,0.14019534,-0.7100458,TRUE,"Topic 0: percent, funds, target, committee, rate, federal"
12/13/2011,2011,12/13/2011,0,"Information received since the Federal Open Market Committee met in November suggests that the economy has been expanding moderately, notwithstanding some apparent slowing in global growth.","Information received since Federal Open Market Committee met November suggests economy expanding moderately, notwithstanding apparent slowing global growth.",8,0.95246685,0.026504971,0.02102819,-0.9314387,FALSE,"Topic 8: expanding, suggests, received, met, open, activity"
12/13/2011,2011,12/13/2011,1,"While indicators point to some improvement in overall labor market conditions, the unemployment rate remains elevated.","indicators point improvement overall labor market conditions, unemployment rate remains elevated.",1,0.9090445,0.07461564,0.01633983,-0.89270467,FALSE,"Topic 1: gains, job, unemployment, received, met, open"
12/13/2011,2011,12/13/2011,2,"Household spending has continued to advance, but business fixed investment appears to be increasing less rapidly and the housing sector remains depressed.","Household spending continued advance, business fixed investment appears increasing less rapidly housing sector remains depressed.",3,0.024983477,0.94723874,0.027777834,0.002794357,FALSE,"Topic 3: household, spending, fixed, business, investment, housing"
12/13/2011,2011,12/13/2011,3,"Inflation has moderated since earlier in the year, and longer-term inflation expectations have remained stable.","Inflation moderated since earlier year, longer-term inflation expectations remained stable.",6,0.94542897,0.03372364,0.020847386,-0.9245816,FALSE,"Topic 6: stable, remained, longerterm, expectations, commodities, underlying"
12/13/2011,2011,12/13/2011,4,"Consistent with its statutory mandate, the Committee seeks to foster maximum employment and price stability.","Consistent statutory mandate, Committee seeks foster maximum employment price stability.",4,0.23863597,0.014581954,0.74678206,0.5081461,FALSE,"Topic 4: statutory, foster, seeks, mandate, stability, price"
12/13/2011,2011,12/13/2011,5,The Committee continues to expect a moderate pace of economic growth over coming quarters and consequently anticipates that the unemployment rate will decline only gradually toward levels that the Committee judges to be consistent with its dual mandate.,Committee continues expect moderate pace economic growth coming quarters consequently anticipates unemployment rate decline gradually toward levels Committee judges consistent dual mandate.,0,0.2296842,0.7215975,0.048718225,-0.18096597,TRUE,"Topic 0: percent, funds, target, committee, rate, federal"
12/13/2011,2011,12/13/2011,6,Strains in global financial markets continue to pose significant downside risks to the economic outlook.,Strains global financial markets continue pose significant downside risks economic outlook.,16,0.024732033,0.9423501,0.032917872,0.008185839,FALSE,"Topic 16: downside, strains, significant, risks, global, pose"
12/13/2011,2011,12/13/2011,7,"The Committee also anticipates that inflation will settle, over coming quarters, at levels at or below those consistent with the Committee’s dual mandate.","Committee also anticipates inflation settle, coming quarters, levels consistent Committee’s dual mandate.",0,0.14154069,0.7174919,0.14096737,-0.000573322,TRUE,"Topic 0: percent, funds, target, committee, rate, federal"
12/13/2011,2011,12/13/2011,8,"However, the Committee will continue to pay close attention to the evolution of inflation and inflation expectations.","However, Committee continue pay close attention evolution inflation inflation expectations.",0,0.12128374,0.015064465,0.86365175,0.742368,TRUE,"Topic 0: percent, funds, target, committee, rate, federal"
12/13/2011,2011,12/13/2011,9,"To support a stronger economic recovery and to help ensure that inflation, over time, is at levels consistent with the dual mandate, the Committee decided today to continue its program to extend the average maturity of its holdings of securities as announced in September.","support stronger economic recovery help ensure inflation, time, levels consistent dual mandate, Committee decided today continue program extend average maturity holdings securities announced September.",0,0.7429687,0.010033172,0.2469982,-0.4959705,FALSE,"Topic 0: percent, funds, target, committee, rate, federal"
12/13/2011,2011,12/13/2011,10,The Committee is maintaining its existing policies of reinvesting principal payments from its holdings of agency debt and agency mortgage-backed securities in agency mortgage-backed securities and of rolling over maturing Treasury securities at auction.,Committee maintaining existing policies reinvesting principal payments holdings agency debt agency mortgage-backed securities agency mortgage-backed securities rolling maturing Treasury securities auction.,2,0.06050687,0.026929375,0.91256374,0.85205686,FALSE,"Topic 2: agency, securities, mortgagebacked, treasury, principal, payments"
12/13/2011,2011,12/13/2011,11,The Committee will regularly review the size and composition of its securities holdings and is prepared to adjust those holdings as appropriate.,Committee regularly review size composition securities holdings prepared adjust holdings appropriate.,24,0.027351364,0.027843496,0.9448051,0.9174537,TRUE,"Topic 24: review, regularly, adjust, prepared, composition, size"
12/13/2011,2011,12/13/2011,12,The Committee also decided to keep the target range for the federal funds rate at 0 to 1/4 percent and currently anticipates that economic conditions--including low rates of resource utilization and a subdued outlook for inflation over the medium run--are likely to warrant exceptionally low levels for the federal funds rate at least through mid-2013.,Committee also decided keep target range federal funds rate 0 1/4 percent currently anticipates economic conditions--including low rates resource utilization subdued outlook inflation medium run--are likely warrant exceptionally low levels federal funds rate least mid-2013.,0,0.028500468,0.88744915,0.08405045,0.05554998,TRUE,"Topic 0: percent, funds, target, committee, rate, federal"
12/13/2011,2011,12/13/2011,13,The Committee will continue to assess the economic outlook in light of incoming information and is prepared to employ its tools to promote a stronger economic recovery in a context of price stability.,Committee continue assess economic outlook light incoming information prepared employ tools promote stronger economic recovery context price stability.,0,0.8502412,0.00956348,0.14019534,-0.7100458,TRUE,"Topic 0: percent, funds, target, committee, rate, federal"
1/25/2012,2012,1/25/2012,0,"Information received since the Federal Open Market Committee met in December suggests that the economy has been expanding moderately, notwithstanding some slowing in global growth.","Information received since Federal Open Market Committee met December suggests economy expanding moderately, notwithstanding slowing global growth.",8,0.953741,0.022790994,0.023468012,-0.930273,FALSE,"Topic 8: expanding, suggests, received, met, open, activity"
1/25/2012,2012,1/25/2012,1,"While indicators point to some further improvement in overall labor market conditions, the unemployment rate remains elevated.","indicators point improvement overall labor market conditions, unemployment rate remains elevated.",1,0.92062974,0.063290805,0.016079428,-0.9045503,FALSE,"Topic 1: gains, job, unemployment, received, met, open"
1/25/2012,2012,1/25/2012,2,"Household spending has continued to advance, but growth in business fixed investment has slowed, and the housing sector remains depressed.","Household spending continued advance, growth business fixed investment slowed, housing sector remains depressed.",3,0.013646827,0.9644693,0.021883808,0.008236981,FALSE,"Topic 3: household, spending, fixed, business, investment, housing"
1/25/2012,2012,1/25/2012,3,"Inflation has been subdued in recent months, and longer-term inflation expectations have remained stable.","Inflation subdued recent months, longer-term inflation expectations remained stable.",6,0.8819941,0.06487939,0.05312654,-0.8288676,FALSE,"Topic 6: stable, remained, longerterm, expectations, commodities, underlying"
1/25/2012,2012,1/25/2012,4,"Consistent with its statutory mandate, the Committee seeks to foster maximum employment and price stability.","Consistent statutory mandate, Committee seeks foster maximum employment price stability.",4,0.23863597,0.014581954,0.74678206,0.5081461,FALSE,"Topic 4: statutory, foster, seeks, mandate, stability, price"
1/25/2012,2012,1/25/2012,5,The Committee expects economic growth over coming quarters to be modest and consequently anticipates that the unemployment rate will decline only gradually toward levels that the Committee judges to be consistent with its dual mandate.,Committee expects economic growth coming quarters modest consequently anticipates unemployment rate decline gradually toward levels Committee judges consistent dual mandate.,0,0.09739619,0.8501808,0.052423045,-0.044973142,TRUE,"Topic 0: percent, funds, target, committee, rate, federal"
1/25/2012,2012,1/25/2012,6,Strains in global financial markets continue to pose significant downside risks to the economic outlook.,Strains global financial markets continue pose significant downside risks economic outlook.,16,0.024732033,0.9423501,0.032917872,0.008185839,FALSE,"Topic 16: downside, strains, significant, risks, global, pose"
1/25/2012,2012,1/25/2012,7,"The Committee also anticipates that over coming quarters, inflation will run at levels at or below those consistent with the Committee's dual mandate.","Committee also anticipates coming quarters, inflation run levels consistent Committee's dual mandate.",0,0.06779203,0.7958036,0.13640441,0.06861238,TRUE,"Topic 0: percent, funds, target, committee, rate, federal"
1/25/2012,2012,1/25/2012,8,"To support a stronger economic recovery and to help ensure that inflation, over time, is at levels consistent with the dual mandate, the Committee expects to maintain a highly accommodative stance for monetary policy.","support stronger economic recovery help ensure inflation, time, levels consistent dual mandate, Committee expects maintain highly accommodative stance monetary policy.",0,0.8163802,0.010419011,0.17320079,-0.6431794,TRUE,"Topic 0: percent, funds, target, committee, rate, federal"
1/25/2012,2012,1/25/2012,9,"In particular, the Committee decided today to keep the target range for the federal funds rate at 0 to 1/4 percent and currently anticipates that economic conditions--including low rates of resource utilization and a subdued outlook for inflation over the medium run--are likely to warrant exceptionally low levels for the federal funds rate at least through late 2014.","particular, Committee decided today keep target range federal funds rate 0 1/4 percent currently anticipates economic conditions--including low rates resource utilization subdued outlook inflation medium run--are likely warrant exceptionally low levels federal funds rate least late 2014.",0,0.03004803,0.88230646,0.087645546,0.057597518,TRUE,"Topic 0: percent, funds, target, committee, rate, federal"
1/25/2012,2012,1/25/2012,10,The Committee also decided to continue its program to extend the average maturity of its holdings of securities as announced in September.,Committee also decided continue program extend average maturity holdings securities announced September.,-1,0.70114195,0.010004764,0.28885332,-0.41228864,FALSE,Topic -1
1/25/2012,2012,1/25/2012,11,The Committee is maintaining its existing policies of reinvesting principal payments from its holdings of agency debt and agency mortgage-backed securities in agency mortgage-backed securities and of rolling over maturing Treasury securities at auction.,Committee maintaining existing policies reinvesting principal payments holdings agency debt agency mortgage-backed securities agency mortgage-backed securities rolling maturing Treasury securities auction.,2,0.06050687,0.026929375,0.91256374,0.85205686,FALSE,"Topic 2: agency, securities, mortgagebacked, treasury, principal, payments"
1/25/2012,2012,1/25/2012,12,The Committee will regularly review the size and composition of its securities holdings and is prepared to adjust those holdings as appropriate to promote a stronger economic recovery in a context of price stability.,Committee regularly review size composition securities holdings prepared adjust holdings appropriate promote stronger economic recovery context price stability.,24,0.16279829,0.011822569,0.82537913,0.66258085,TRUE,"Topic 24: review, regularly, adjust, prepared, composition, size"
3/13/2012,2012,3/13/2012,0,Information received since the Federal Open Market Committee met in January suggests that the economy has been expanding moderately.,Information received since Federal Open Market Committee met January suggests economy expanding moderately.,8,0.9506944,0.026018022,0.023287565,-0.9274068,FALSE,"Topic 8: expanding, suggests, received, met, open, activity"
3/13/2012,2012,3/13/2012,1,Labor market conditions have improved further; the unemployment rate has declined notably in recent months but remains elevated.,Labor market conditions improved further; unemployment rate declined notably recent months remains elevated.,1,0.6739568,0.30192474,0.024118396,-0.6498384,FALSE,"Topic 1: gains, job, unemployment, received, met, open"
3/13/2012,2012,3/13/2012,2,Household spending and business fixed investment have continued to advance.,Household spending business fixed investment continued advance.,3,0.9422915,0.01545371,0.042254783,-0.9000367,FALSE,"Topic 3: household, spending, fixed, business, investment, housing"
3/13/2012,2012,3/13/2012,3,The housing sector remains depressed.,housing sector remains depressed.,15,0.009032628,0.96806705,0.022900272,0.013867645,FALSE,"Topic 15: depressed, housing, sector, starts, nonresidential, level"
3/13/2012,2012,3/13/2012,4,"Inflation has been subdued in recent months, although prices of crude oil and gasoline have increased lately.","Inflation subdued recent months, although prices crude oil gasoline increased lately.",6,0.70278263,0.20142037,0.09579707,-0.60698557,FALSE,"Topic 6: stable, remained, longerterm, expectations, commodities, underlying"
3/13/2012,2012,3/13/2012,5,Longer-term inflation expectations have remained stable.,Longer-term inflation expectations remained stable.,6,0.9298828,0.025309332,0.04480783,-0.885075,FALSE,"Topic 6: stable, remained, longerterm, expectations, commodities, underlying"
3/13/2012,2012,3/13/2012,6,"Consistent with its statutory mandate, the Committee seeks to foster maximum employment and price stability.","Consistent statutory mandate, Committee seeks foster maximum employment price stability.",4,0.23863597,0.014581954,0.74678206,0.5081461,FALSE,"Topic 4: statutory, foster, seeks, mandate, stability, price"
3/13/2012,2012,3/13/2012,7,The Committee expects moderate economic growth over coming quarters and consequently anticipates that the unemployment rate will decline gradually toward levels that the Committee judges to be consistent with its dual mandate.,Committee expects moderate economic growth coming quarters consequently anticipates unemployment rate decline gradually toward levels Committee judges consistent dual mandate.,0,0.09717653,0.87680817,0.026015313,-0.07116122,TRUE,"Topic 0: percent, funds, target, committee, rate, federal"
3/13/2012,2012,3/13/2012,8,"Strains in global financial markets have eased, though they continue to pose significant downside risks to the economic outlook.","Strains global financial markets eased, though continue pose significant downside risks economic outlook.",16,0.8028372,0.17297234,0.024190469,-0.7786467,FALSE,"Topic 16: downside, strains, significant, risks, global, pose"
3/13/2012,2012,3/13/2012,9,"The recent increase in oil and gasoline prices will push up inflation temporarily, but the Committee anticipates that subsequently inflation will run at or below the rate that it judges most consistent with its dual mandate.","recent increase oil gasoline prices push inflation temporarily, Committee anticipates subsequently inflation run rate judges consistent dual mandate.",0,0.07569636,0.83819604,0.086107604,0.010411248,TRUE,"Topic 0: percent, funds, target, committee, rate, federal"
3/13/2012,2012,3/13/2012,10,"To support a stronger economic recovery and to help ensure that inflation, over time, is at the rate most consistent with its dual mandate, the Committee expects to maintain a highly accommodative stance for monetary policy.","support stronger economic recovery help ensure inflation, time, rate consistent dual mandate, Committee expects maintain highly accommodative stance monetary policy.",0,0.76215094,0.010249115,0.22759998,-0.53455096,TRUE,"Topic 0: percent, funds, target, committee, rate, federal"
3/13/2012,2012,3/13/2012,11,"In particular, the Committee decided today to keep the target range for the federal funds rate at 0 to 1/4 percent and currently anticipates that economic conditions--including low rates of resource utilization and a subdued outlook for inflation over the medium run--are likely to warrant exceptionally low levels for the federal funds rate at least through late 2014.","particular, Committee decided today keep target range federal funds rate 0 1/4 percent currently anticipates economic conditions--including low rates resource utilization subdued outlook inflation medium run--are likely warrant exceptionally low levels federal funds rate least late 2014.",0,0.03004803,0.88230646,0.087645546,0.057597518,TRUE,"Topic 0: percent, funds, target, committee, rate, federal"
3/13/2012,2012,3/13/2012,12,The Committee also decided to continue its program to extend the average maturity of its holdings of securities as announced in September.,Committee also decided continue program extend average maturity holdings securities announced September.,-1,0.70114195,0.010004764,0.28885332,-0.41228864,FALSE,Topic -1
3/13/2012,2012,3/13/2012,13,The Committee is maintaining its existing policies of reinvesting principal payments from its holdings of agency debt and agency mortgage-backed securities in agency mortgage-backed securities and of rolling over maturing Treasury securities at auction.,Committee maintaining existing policies reinvesting principal payments holdings agency debt agency mortgage-backed securities agency mortgage-backed securities rolling maturing Treasury securities auction.,2,0.06050687,0.026929375,0.91256374,0.85205686,FALSE,"Topic 2: agency, securities, mortgagebacked, treasury, principal, payments"
3/13/2012,2012,3/13/2012,14,The Committee will regularly review the size and composition of its securities holdings and is prepared to adjust those holdings as appropriate to promote a stronger economic recovery in a context of price stability.,Committee regularly review size composition securities holdings prepared adjust holdings appropriate promote stronger economic recovery context price stability.,24,0.16279829,0.011822569,0.82537913,0.66258085,TRUE,"Topic 24: review, regularly, adjust, prepared, composition, size"
4/25/2012,2012,4/25/2012,0,Information received since the Federal Open Market Committee met in March suggests that the economy has been expanding moderately.,Information received since Federal Open Market Committee met March suggests economy expanding moderately.,8,0.9512095,0.025024276,0.023766281,-0.9274432,FALSE,"Topic 8: expanding, suggests, received, met, open, activity"
4/25/2012,2012,4/25/2012,1,Labor market conditions have improved in recent months; the unemployment rate has declined but remains elevated.,Labor market conditions improved recent months; unemployment rate declined remains elevated.,1,0.77534807,0.19859175,0.026060155,-0.7492879,FALSE,"Topic 1: gains, job, unemployment, received, met, open"
4/25/2012,2012,4/25/2012,2,Household spending and business fixed investment have continued to advance.,Household spending business fixed investment continued advance.,3,0.9422915,0.01545371,0.042254783,-0.9000367,FALSE,"Topic 3: household, spending, fixed, business, investment, housing"
4/25/2012,2012,4/25/2012,3,"Despite some signs of improvement, the housing sector remains depressed.","Despite signs improvement, housing sector remains depressed.",15,0.011495472,0.96650296,0.022001605,0.010506134,FALSE,"Topic 15: depressed, housing, sector, starts, nonresidential, level"
4/25/2012,2012,4/25/2012,4,"Inflation has picked up somewhat, mainly reflecting higher prices of crude oil and gasoline.","Inflation picked somewhat, mainly reflecting higher prices crude oil gasoline.",25,0.8362807,0.13413666,0.029582592,-0.8066981,FALSE,"Topic 25: reflecting, prices, largely, oil, factors, commodities"
4/25/2012,2012,4/25/2012,5,"However, longer-term inflation expectations have remained stable.","However, longer-term inflation expectations remained stable.",6,0.92627424,0.0393094,0.034416433,-0.8918578,FALSE,"Topic 6: stable, remained, longerterm, expectations, commodities, underlying"
4/25/2012,2012,4/25/2012,6,"Consistent with its statutory mandate, the Committee seeks to foster maximum employment and price stability.","Consistent statutory mandate, Committee seeks foster maximum employment price stability.",4,0.23863597,0.014581954,0.74678206,0.5081461,FALSE,"Topic 4: statutory, foster, seeks, mandate, stability, price"
4/25/2012,2012,4/25/2012,7,The Committee expects economic growth to remain moderate over coming quarters and then to pick up gradually.,Committee expects economic growth remain moderate coming quarters pick gradually.,-1,0.9411747,0.018963909,0.03986138,-0.9013133,TRUE,Topic -1
4/25/2012,2012,4/25/2012,8,"Consequently, the Committee anticipates that the unemployment rate will decline gradually toward levels that it judges to be consistent with its dual mandate.","Consequently, Committee anticipates unemployment rate decline gradually toward levels judges consistent dual mandate.",0,0.09336738,0.8825011,0.024131529,-0.069235854,TRUE,"Topic 0: percent, funds, target, committee, rate, federal"
4/25/2012,2012,4/25/2012,9,Strains in global financial markets continue to pose significant downside risks to the economic outlook.,Strains global financial markets continue pose significant downside risks economic outlook.,16,0.024732033,0.9423501,0.032917872,0.008185839,FALSE,"Topic 16: downside, strains, significant, risks, global, pose"
4/25/2012,2012,4/25/2012,10,"The increase in oil and gasoline prices earlier this year is expected to affect inflation only temporarily, and the Committee anticipates that subsequently inflation will run at or below the rate that it judges most consistent with its dual mandate.","increase oil gasoline prices earlier year expected affect inflation temporarily, Committee anticipates subsequently inflation run rate judges consistent dual mandate.",0,0.03163506,0.83373916,0.13462578,0.10299072,TRUE,"Topic 0: percent, funds, target, committee, rate, federal"
4/25/2012,2012,4/25/2012,11,"To support a stronger economic recovery and to help ensure that inflation, over time, is at the rate most consistent with its dual mandate, the Committee expects to maintain a highly accommodative stance for monetary policy.","support stronger economic recovery help ensure inflation, time, rate consistent dual mandate, Committee expects maintain highly accommodative stance monetary policy.",0,0.76215094,0.010249115,0.22759998,-0.53455096,TRUE,"Topic 0: percent, funds, target, committee, rate, federal"
4/25/2012,2012,4/25/2012,12,"In particular, the Committee decided today to keep the target range for the federal funds rate at 0 to 1/4 percent and currently anticipates that economic conditions--including low rates of resource utilization and a subdued outlook for inflation over the medium run--are likely to warrant exceptionally low levels for the federal funds rate at least through late 2014.","particular, Committee decided today keep target range federal funds rate 0 1/4 percent currently anticipates economic conditions--including low rates resource utilization subdued outlook inflation medium run--are likely warrant exceptionally low levels federal funds rate least late 2014.",0,0.03004803,0.88230646,0.087645546,0.057597518,TRUE,"Topic 0: percent, funds, target, committee, rate, federal"
4/25/2012,2012,4/25/2012,13,The Committee also decided to continue its program to extend the average maturity of its holdings of securities as announced in September.,Committee also decided continue program extend average maturity holdings securities announced September.,-1,0.70114195,0.010004764,0.28885332,-0.41228864,FALSE,Topic -1
4/25/2012,2012,4/25/2012,14,The Committee is maintaining its existing policies of reinvesting principal payments from its holdings of agency debt and agency mortgage-backed securities in agency mortgage-backed securities and of rolling over maturing Treasury securities at auction.,Committee maintaining existing policies reinvesting principal payments holdings agency debt agency mortgage-backed securities agency mortgage-backed securities rolling maturing Treasury securities auction.,2,0.06050687,0.026929375,0.91256374,0.85205686,FALSE,"Topic 2: agency, securities, mortgagebacked, treasury, principal, payments"
4/25/2012,2012,4/25/2012,15,The Committee will regularly review the size and composition of its securities holdings and is prepared to adjust those holdings as appropriate to promote a stronger economic recovery in a context of price stability.,Committee regularly review size composition securities holdings prepared adjust holdings appropriate promote stronger economic recovery context price stability.,24,0.16279829,0.011822569,0.82537913,0.66258085,TRUE,"Topic 24: review, regularly, adjust, prepared, composition, size"
6/20/2012,2012,6/20/2012,0,Information received since the Federal Open Market Committee met in April suggests that the economy has been expanding moderately this year.,Information received since Federal Open Market Committee met April suggests economy expanding moderately year.,8,0.9502559,0.026068196,0.02367598,-0.9265799,FALSE,"Topic 8: expanding, suggests, received, met, open, activity"
6/20/2012,2012,6/20/2012,1,"However, growth in employment has slowed in recent months, and the unemployment rate remains elevated.","However, growth employment slowed recent months, unemployment rate remains elevated.",40,0.012129417,0.9653718,0.022498725,0.010369308,FALSE,"Topic 40: elevated, unemployment, remains, slow, weakness, rate"
6/20/2012,2012,6/20/2012,2,Business fixed investment has continued to advance.,Business fixed investment continued advance.,3,0.8788391,0.007407677,0.113753244,-0.7650858,FALSE,"Topic 3: household, spending, fixed, business, investment, housing"
6/20/2012,2012,6/20/2012,3,Household spending appears to be rising at a somewhat slower pace than earlier in the year.,Household spending appears rising somewhat slower pace earlier year.,3,0.11059088,0.8680338,0.021375319,-0.08921556,FALSE,"Topic 3: household, spending, fixed, business, investment, housing"
6/20/2012,2012,6/20/2012,4,"Despite some signs of improvement, the housing sector remains depressed.","Despite signs improvement, housing sector remains depressed.",15,0.011495472,0.96650296,0.022001605,0.010506134,FALSE,"Topic 15: depressed, housing, sector, starts, nonresidential, level"
6/20/2012,2012,6/20/2012,5,"Inflation has declined, mainly reflecting lower prices of crude oil and gasoline, and longer-term inflation expectations have remained stable.","Inflation declined, mainly reflecting lower prices crude oil gasoline, longer-term inflation expectations remained stable.",6,0.10741125,0.8715526,0.0210362,-0.08637505,FALSE,"Topic 6: stable, remained, longerterm, expectations, commodities, underlying"
6/20/2012,2012,6/20/2012,6,"Consistent with its statutory mandate, the Committee seeks to foster maximum employment and price stability.","Consistent statutory mandate, Committee seeks foster maximum employment price stability.",4,0.23863597,0.014581954,0.74678206,0.5081461,FALSE,"Topic 4: statutory, foster, seeks, mandate, stability, price"
6/20/2012,2012,6/20/2012,7,The Committee expects economic growth to remain moderate over coming quarters and then to pick up very gradually.,Committee expects economic growth remain moderate coming quarters pick gradually.,0,0.9353194,0.019076366,0.045604263,-0.88971514,TRUE,"Topic 0: percent, funds, target, committee, rate, federal"
6/20/2012,2012,6/20/2012,8,"Consequently, the Committee anticipates that the unemployment rate will decline only slowly toward levels that it judges to be consistent with its dual mandate.","Consequently, Committee anticipates unemployment rate decline slowly toward levels judges consistent dual mandate.",0,0.16569445,0.7976019,0.03670362,-0.12899083,TRUE,"Topic 0: percent, funds, target, committee, rate, federal"
6/20/2012,2012,6/20/2012,9,"Furthermore, strains in global financial markets continue to pose significant downside risks to the economic outlook.","Furthermore, strains global financial markets continue pose significant downside risks economic outlook.",16,0.028235063,0.92853665,0.043228257,0.014993195,FALSE,"Topic 16: downside, strains, significant, risks, global, pose"
6/20/2012,2012,6/20/2012,10,The Committee anticipates that inflation over the medium term will run at or below the rate that it judges most consistent with its dual mandate.,Committee anticipates inflation medium term run rate judges consistent dual mandate.,0,0.040271576,0.85224247,0.10748602,0.067214444,TRUE,"Topic 0: percent, funds, target, committee, rate, federal"
6/20/2012,2012,6/20/2012,11,"To support a stronger economic recovery and to help ensure that inflation, over time, is at the rate most consistent with its dual mandate, the Committee expects to maintain a highly accommodative stance for monetary policy.","support stronger economic recovery help ensure inflation, time, rate consistent dual mandate, Committee expects maintain highly accommodative stance monetary policy.",0,0.76215094,0.010249115,0.22759998,-0.53455096,TRUE,"Topic 0: percent, funds, target, committee, rate, federal"
6/20/2012,2012,6/20/2012,12,"In particular, the Committee decided today to keep the target range for the federal funds rate at 0 to 1/4 percent and currently anticipates that economic conditions--including low rates of resource utilization and a subdued outlook for inflation over the medium run--are likely to warrant exceptionally low levels for the federal funds rate at least through late 2014.","particular, Committee decided today keep target range federal funds rate 0 1/4 percent currently anticipates economic conditions--including low rates resource utilization subdued outlook inflation medium run--are likely warrant exceptionally low levels federal funds rate least late 2014.",0,0.03004803,0.88230646,0.087645546,0.057597518,TRUE,"Topic 0: percent, funds, target, committee, rate, federal"
6/20/2012,2012,6/20/2012,13,The Committee also decided to continue through the end of the year its program to extend the average maturity of its holdings of securities.,Committee also decided continue end year program extend average maturity holdings securities.,-1,0.5712172,0.011260342,0.4175224,-0.15369478,FALSE,Topic -1
6/20/2012,2012,6/20/2012,14,"Specifically, the Committee intends to purchase Treasury securities with remaining maturities of 6 years to 30 years at the current pace and to sell or redeem an equal amount of Treasury securities with remaining maturities of approximately 3 years or less.","Specifically, Committee intends purchase Treasury securities remaining maturities 6 years 30 years current pace sell redeem equal amount Treasury securities remaining maturities approximately 3 years less.",2,0.051091008,0.014592132,0.9343169,0.88322586,FALSE,"Topic 2: agency, securities, mortgagebacked, treasury, principal, payments"
6/20/2012,2012,6/20/2012,15,This continuation of the maturity extension program should put downward pressure on longer-term interest rates and help to make broader financial conditions more accommodative.,continuation maturity extension program put downward pressure longer-term interest rates help make broader financial conditions accommodative.,22,0.5840634,0.30760682,0.108329765,-0.47573364,TRUE,"Topic 22: downward, make, pressure, help, mortgage, broader"
6/20/2012,2012,6/20/2012,16,The Committee is maintaining its existing policy of reinvesting principal payments from its holdings of agency debt and agency mortgage-backed securities in agency mortgage-backed securities.,Committee maintaining existing policy reinvesting principal payments holdings agency debt agency mortgage-backed securities agency mortgage-backed securities.,2,0.061526753,0.023328274,0.915145,0.8536182,FALSE,"Topic 2: agency, securities, mortgagebacked, treasury, principal, payments"
6/20/2012,2012,6/20/2012,17,The Committee is prepared to take further action as appropriate to promote a stronger economic recovery and sustained improvement in labor market conditions in a context of price stability.,Committee prepared take action appropriate promote stronger economic recovery sustained improvement labor market conditions context price stability.,0,0.92834723,0.013449131,0.058203675,-0.87014353,TRUE,"Topic 0: percent, funds, target, committee, rate, federal"
8/1/2012,2012,8/1/2012,0,Information received since the Federal Open Market Committee met in June suggests that economic activity decelerated somewhat over the first half of this year.,Information received since Federal Open Market Committee met June suggests economic activity decelerated somewhat first half year.,1,0.03758989,0.9370647,0.025345374,-0.012244515,FALSE,"Topic 1: gains, job, unemployment, received, met, open"
8/1/2012,2012,8/1/2012,1,"Growth in employment has been slow in recent months, and the unemployment rate remains elevated.","Growth employment slow recent months, unemployment rate remains elevated.",40,0.012330626,0.96480644,0.022862941,0.010532315,FALSE,"Topic 40: elevated, unemployment, remains, slow, weakness, rate"
8/1/2012,2012,8/1/2012,2,Business fixed investment has continued to advance.,Business fixed investment continued advance.,3,0.8788391,0.007407677,0.113753244,-0.7650858,FALSE,"Topic 3: household, spending, fixed, business, investment, housing"
8/1/2012,2012,8/1/2012,3,Household spending has been rising at a somewhat slower pace than earlier in the year.,Household spending rising somewhat slower pace earlier year.,3,0.13665468,0.8389619,0.024383409,-0.112271264,FALSE,"Topic 3: household, spending, fixed, business, investment, housing"
8/1/2012,2012,8/1/2012,4,"Despite some further signs of improvement, the housing sector remains depressed.","Despite signs improvement, housing sector remains depressed.",15,0.011185446,0.9667682,0.022046287,0.010860841,FALSE,"Topic 15: depressed, housing, sector, starts, nonresidential, level"
8/1/2012,2012,8/1/2012,5,"Inflation has declined since earlier this year, mainly reflecting lower prices of crude oil and gasoline, and longer-term inflation expectations have remained stable.","Inflation declined since earlier year, mainly reflecting lower prices crude oil gasoline, longer-term inflation expectations remained stable.",6,0.045559604,0.93967694,0.014763488,-0.030796114,FALSE,"Topic 6: stable, remained, longerterm, expectations, commodities, underlying"
8/1/2012,2012,8/1/2012,6,"Consistent with its statutory mandate, the Committee seeks to foster maximum employment and price stability.","Consistent statutory mandate, Committee seeks foster maximum employment price stability.",4,0.23863597,0.014581954,0.74678206,0.5081461,FALSE,"Topic 4: statutory, foster, seeks, mandate, stability, price"
8/1/2012,2012,8/1/2012,7,The Committee expects economic growth to remain moderate over coming quarters and then to pick up very gradually.,Committee expects economic growth remain moderate coming quarters pick gradually.,0,0.9353194,0.019076366,0.045604263,-0.88971514,TRUE,"Topic 0: percent, funds, target, committee, rate, federal"
8/1/2012,2012,8/1/2012,8,"Consequently, the Committee anticipates that the unemployment rate will decline only slowly toward levels that it judges to be consistent with its dual mandate.","Consequently, Committee anticipates unemployment rate decline slowly toward levels judges consistent dual mandate.",0,0.16569445,0.7976019,0.03670362,-0.12899083,TRUE,"Topic 0: percent, funds, target, committee, rate, federal"
8/1/2012,2012,8/1/2012,9,"Furthermore, strains in global financial markets continue to pose significant downside risks to the economic outlook.","Furthermore, strains global financial markets continue pose significant downside risks economic outlook.",16,0.028235063,0.92853665,0.043228257,0.014993195,FALSE,"Topic 16: downside, strains, significant, risks, global, pose"
8/1/2012,2012,8/1/2012,10,The Committee anticipates that inflation over the medium term will run at or below the rate that it judges most consistent with its dual mandate.,Committee anticipates inflation medium term run rate judges consistent dual mandate.,0,0.040271576,0.85224247,0.10748602,0.067214444,TRUE,"Topic 0: percent, funds, target, committee, rate, federal"
8/1/2012,2012,8/1/2012,11,"To support a stronger economic recovery and to help ensure that inflation, over time, is at the rate most consistent with its dual mandate, the Committee expects to maintain a highly accommodative stance for monetary policy.","support stronger economic recovery help ensure inflation, time, rate consistent dual mandate, Committee expects maintain highly accommodative stance monetary policy.",0,0.76215094,0.010249115,0.22759998,-0.53455096,TRUE,"Topic 0: percent, funds, target, committee, rate, federal"
8/1/2012,2012,8/1/2012,12,"In particular, the Committee decided today to keep the target range for the federal funds rate at 0 to 1/4 percent and currently anticipates that economic conditions--including low rates of resource utilization and a subdued outlook for inflation over the medium run--are likely to warrant exceptionally low levels for the federal funds rate at least through late 2014.","particular, Committee decided today keep target range federal funds rate 0 1/4 percent currently anticipates economic conditions--including low rates resource utilization subdued outlook inflation medium run--are likely warrant exceptionally low levels federal funds rate least late 2014.",0,0.03004803,0.88230646,0.087645546,0.057597518,TRUE,"Topic 0: percent, funds, target, committee, rate, federal"
8/1/2012,2012,8/1/2012,13,"The Committee also decided to continue through the end of the year its program to extend the average maturity of its holdings of securities as announced in June, and it is maintaining its existing policy of reinvesting principal payments from its holdings of agency debt and agency mortgage-backed securities in agency mortgage-backed securities.","Committee also decided continue end year program extend average maturity holdings securities announced June, maintaining existing policy reinvesting principal payments holdings agency debt agency mortgage-backed securities agency mortgage-backed securities.",-1,0.1767545,0.013313416,0.8099321,0.63317764,FALSE,Topic -1
8/1/2012,2012,8/1/2012,14,The Committee will closely monitor incoming information on economic and financial developments and will provide additional accommodation as needed to promote a stronger economic recovery and sustained improvement in labor market conditions in a context of price stability.,Committee closely monitor incoming information economic financial developments provide additional accommodation needed promote stronger economic recovery sustained improvement labor market conditions context price stability.,0,0.81059,0.010672456,0.17873757,-0.63185245,TRUE,"Topic 0: percent, funds, target, committee, rate, federal"
9/13/2012,2012,9/13/2012,0,Information received since the Federal Open Market Committee met in August suggests that economic activity has continued to expand at a moderate pace in recent months.,Information received since Federal Open Market Committee met August suggests economic activity continued expand moderate pace recent months.,8,0.94765264,0.022942754,0.029404541,-0.9182481,FALSE,"Topic 8: expanding, suggests, received, met, open, activity"
9/13/2012,2012,9/13/2012,1,"Growth in employment has been slow, and the unemployment rate remains elevated.","Growth employment slow, unemployment rate remains elevated.",40,0.013960964,0.95976794,0.026271056,0.012310092,FALSE,"Topic 40: elevated, unemployment, remains, slow, weakness, rate"
9/13/2012,2012,9/13/2012,2,"Household spending has continued to advance, but growth in business fixed investment appears to have slowed.","Household spending continued advance, growth business fixed investment appears slowed.",3,0.11317877,0.8293219,0.05749926,-0.055679508,FALSE,"Topic 3: household, spending, fixed, business, investment, housing"
9/13/2012,2012,9/13/2012,3,"The housing sector has shown some further signs of improvement, albeit from a depressed level.","housing sector shown signs improvement, albeit depressed level.",15,0.94617736,0.03618881,0.01763387,-0.9285435,FALSE,"Topic 15: depressed, housing, sector, starts, nonresidential, level"
9/13/2012,2012,9/13/2012,4,"Inflation has been subdued, although the prices of some key commodities have increased recently.","Inflation subdued, although prices key commodities increased recently.",6,0.8994176,0.047201943,0.053380396,-0.8460372,FALSE,"Topic 6: stable, remained, longerterm, expectations, commodities, underlying"
9/13/2012,2012,9/13/2012,5,Longer-term inflation expectations have remained stable.,Longer-term inflation expectations remained stable.,6,0.9298828,0.025309332,0.04480783,-0.885075,FALSE,"Topic 6: stable, remained, longerterm, expectations, commodities, underlying"
9/13/2012,2012,9/13/2012,6,"Consistent with its statutory mandate, the Committee seeks to foster maximum employment and price stability.","Consistent statutory mandate, Committee seeks foster maximum employment price stability.",4,0.23863597,0.014581954,0.74678206,0.5081461,FALSE,"Topic 4: statutory, foster, seeks, mandate, stability, price"
9/13/2012,2012,9/13/2012,7,"The Committee is concerned that, without further policy accommodation, economic growth might not be strong enough to generate sustained improvement in labor market conditions.","Committee concerned that, without policy accommodation, economic growth might strong enough generate sustained improvement labor market conditions.",0,0.6267579,0.33755916,0.03568294,-0.591075,FALSE,"Topic 0: percent, funds, target, committee, rate, federal"
9/13/2012,2012,9/13/2012,8,"Furthermore, strains in global financial markets continue to pose significant downside risks to the economic outlook.","Furthermore, strains global financial markets continue pose significant downside risks economic outlook.",16,0.028235063,0.92853665,0.043228257,0.014993195,FALSE,"Topic 16: downside, strains, significant, risks, global, pose"
9/13/2012,2012,9/13/2012,9,The Committee also anticipates that inflation over the medium term likely would run at or below its 2 percent objective.,Committee also anticipates inflation medium term likely would run 2 percent objective.,0,0.014255303,0.9442519,0.041492894,0.02723759,TRUE,"Topic 0: percent, funds, target, committee, rate, federal"
9/13/2012,2012,9/13/2012,10,"To support a stronger economic recovery and to help ensure that inflation, over time, is at the rate most consistent with its dual mandate, the Committee agreed today to increase policy accommodation by purchasing additional agency mortgage-backed securities at a pace of $40 billion per month.","support stronger economic recovery help ensure inflation, time, rate consistent dual mandate, Committee agreed today increase policy accommodation purchasing additional agency mortgage-backed securities pace $40 billion per month.",2,0.9080781,0.0116921,0.08022985,-0.8278482,FALSE,"Topic 2: agency, securities, mortgagebacked, treasury, principal, payments"
9/13/2012,2012,9/13/2012,11,"The Committee also will continue through the end of the year its program to extend the average maturity of its holdings of securities as announced in June, and it is maintaining its existing policy of reinvesting principal payments from its holdings of agency debt and agency mortgage-backed securities in agency mortgage-backed securities.","Committee also continue end year program extend average maturity holdings securities announced June, maintaining existing policy reinvesting principal payments holdings agency debt agency mortgage-backed securities agency mortgage-backed securities.",-1,0.1906019,0.012332398,0.7970657,0.6064638,TRUE,Topic -1
9/13/2012,2012,9/13/2012,12,"These actions, which together will increase the Committee’s holdings of longer-term securities by about $85 billion each month through the end of the year, should put downward pressure on longer-term interest rates, support mortgage markets, and help to make broader financial conditions more accommodative.","actions, together increase Committee’s holdings longer-term securities $85 billion month end year, put downward pressure longer-term interest rates, support mortgage markets, help make broader financial conditions accommodative.",22,0.8289297,0.08418801,0.08688231,-0.7420474,TRUE,"Topic 22: downward, make, pressure, help, mortgage, broader"
9/13/2012,2012,9/13/2012,13,The Committee will closely monitor incoming information on economic and financial developments in coming months.,Committee closely monitor incoming information economic financial developments coming months.,0,0.054201156,0.02135772,0.9244411,0.87024,TRUE,"Topic 0: percent, funds, target, committee, rate, federal"
9/13/2012,2012,9/13/2012,14,"If the outlook for the labor market does not improve substantially, the Committee will continue its purchases of agency mortgage-backed securities, undertake additional asset purchases, and employ its other policy tools as appropriate until such improvement is achieved in a context of price stability.","outlook labor market improve substantially, Committee continue purchases agency mortgage-backed securities, undertake additional asset purchases, employ policy tools appropriate improvement achieved context price stability.",0,0.53164685,0.018346421,0.45000675,-0.081640095,TRUE,"Topic 0: percent, funds, target, committee, rate, federal"
9/13/2012,2012,9/13/2012,15,"In determining the size, pace, and composition of its asset purchases, the Committee will, as always, take appropriate account of the likely efficacy and costs of such purchases.","determining size, pace, composition asset purchases, Committee will, always, take appropriate account likely efficacy costs purchases.",27,0.049669683,0.017612271,0.9327181,0.8830484,TRUE,"Topic 27: purchases, efficacy, costs, decisions, contingent, preset"
9/13/2012,2012,9/13/2012,16,"To support continued progress toward maximum employment and price stability, the Committee expects that a highly accommodative stance of monetary policy will remain appropriate for a considerable time after the economic recovery strengthens.","support continued progress toward maximum employment price stability, Committee expects highly accommodative stance monetary policy remain appropriate considerable time economic recovery strengthens.",0,0.87379813,0.012192935,0.11400892,-0.7597892,TRUE,"Topic 0: percent, funds, target, committee, rate, federal"
9/13/2012,2012,9/13/2012,17,"In particular, the Committee also decided today to keep the target range for the federal funds rate at 0 to 1/4 percent and currently anticipates that exceptionally low levels for the federal funds rate are likely to be warranted at least through mid-2015.","particular, Committee also decided today keep target range federal funds rate 0 1/4 percent currently anticipates exceptionally low levels federal funds rate likely warranted least mid-2015.",0,0.07651183,0.7024318,0.22105642,0.14454459,TRUE,"Topic 0: percent, funds, target, committee, rate, federal"
10/24/2012,2012,10/24/2012,0,Information received since the Federal Open Market Committee met in September suggests that economic activity has continued to expand at a moderate pace in recent months.,Information received since Federal Open Market Committee met September suggests economic activity continued expand moderate pace recent months.,8,0.94766563,0.022800783,0.029533688,-0.91813195,FALSE,"Topic 8: expanding, suggests, received, met, open, activity"
10/24/2012,2012,10/24/2012,1,"Growth in employment has been slow, and the unemployment rate remains elevated.","Growth employment slow, unemployment rate remains elevated.",40,0.013960964,0.95976794,0.026271056,0.012310092,FALSE,"Topic 40: elevated, unemployment, remains, slow, weakness, rate"
10/24/2012,2012,10/24/2012,2,"Household spending has advanced a bit more quickly, but growth in business fixed investment has slowed.","Household spending advanced bit quickly, growth business fixed investment slowed.",3,0.29058915,0.62146264,0.08794817,-0.20264098,FALSE,"Topic 3: household, spending, fixed, business, investment, housing"
10/24/2012,2012,10/24/2012,3,"The housing sector has shown some further signs of improvement, albeit from a depressed level.","housing sector shown signs improvement, albeit depressed level.",15,0.94617736,0.03618881,0.01763387,-0.9285435,FALSE,"Topic 15: depressed, housing, sector, starts, nonresidential, level"
10/24/2012,2012,10/24/2012,4,"Inflation recently picked up somewhat, reflecting higher energy prices.","Inflation recently picked somewhat, reflecting higher energy prices.",25,0.9416,0.03761198,0.020787999,-0.920812,FALSE,"Topic 25: reflecting, prices, largely, oil, factors, commodities"
10/24/2012,2012,10/24/2012,5,Longer-term inflation expectations have remained stable.,Longer-term inflation expectations remained stable.,6,0.9298828,0.025309332,0.04480783,-0.885075,FALSE,"Topic 6: stable, remained, longerterm, expectations, commodities, underlying"
10/24/2012,2012,10/24/2012,6,"Consistent with its statutory mandate, the Committee seeks to foster maximum employment and price stability.","Consistent statutory mandate, Committee seeks foster maximum employment price stability.",4,0.23863597,0.014581954,0.74678206,0.5081461,FALSE,"Topic 4: statutory, foster, seeks, mandate, stability, price"
10/24/2012,2012,10/24/2012,7,"The Committee remains concerned that, without sufficient policy accommodation, economic growth might not be strong enough to generate sustained improvement in labor market conditions.","Committee remains concerned that, without sufficient policy accommodation, economic growth might strong enough generate sustained improvement labor market conditions.",0,0.50218374,0.46103308,0.036783274,-0.46540046,FALSE,"Topic 0: percent, funds, target, committee, rate, federal"
10/24/2012,2012,10/24/2012,8,"Furthermore, strains in global financial markets continue to pose significant downside risks to the economic outlook.","Furthermore, strains global financial markets continue pose significant downside risks economic outlook.",16,0.028235063,0.92853665,0.043228257,0.014993195,FALSE,"Topic 16: downside, strains, significant, risks, global, pose"
10/24/2012,2012,10/24/2012,9,The Committee also anticipates that inflation over the medium term likely would run at or below its 2 percent objective.,Committee also anticipates inflation medium term likely would run 2 percent objective.,0,0.014255303,0.9442519,0.041492894,0.02723759,TRUE,"Topic 0: percent, funds, target, committee, rate, federal"
10/24/2012,2012,10/24/2012,10,"To support a stronger economic recovery and to help ensure that inflation, over time, is at the rate most consistent with its dual mandate, the Committee will continue purchasing additional agency mortgage-backed securities at a pace of $40 billion per month.","support stronger economic recovery help ensure inflation, time, rate consistent dual mandate, Committee continue purchasing additional agency mortgage-backed securities pace $40 billion per month.",2,0.7852568,0.011359957,0.20338322,-0.5818736,TRUE,"Topic 2: agency, securities, mortgagebacked, treasury, principal, payments"
10/24/2012,2012,10/24/2012,11,"The Committee also will continue through the end of the year its program to extend the average maturity of its holdings of Treasury securities, and it is maintaining its existing policy of reinvesting principal payments from its holdings of agency debt and agency mortgage-backed  securities in agency mortgage-backed securities.","Committee also continue end year program extend average maturity holdings Treasury securities, maintaining existing policy reinvesting principal payments holdings agency debt agency mortgage-backed securities agency mortgage-backed securities.",-1,0.20566952,0.01181566,0.7825148,0.5768453,TRUE,Topic -1
10/24/2012,2012,10/24/2012,12,"These actions, which together will increase the Committee’s holdings of longer-term securities by about $85 billion each month through the end of the year, should put downward pressure on longer-term interest rates, support mortgage markets, and help to make broader financial conditions more accommodative.","actions, together increase Committee’s holdings longer-term securities $85 billion month end year, put downward pressure longer-term interest rates, support mortgage markets, help make broader financial conditions accommodative.",22,0.8289297,0.08418801,0.08688231,-0.7420474,TRUE,"Topic 22: downward, make, pressure, help, mortgage, broader"
10/24/2012,2012,10/24/2012,13,The Committee will closely monitor incoming information on economic and financial developments in coming months.,Committee closely monitor incoming information economic financial developments coming months.,0,0.054201156,0.02135772,0.9244411,0.87024,TRUE,"Topic 0: percent, funds, target, committee, rate, federal"
10/24/2012,2012,10/24/2012,14,"If the outlook for the labor market does not improve substantially, the Committee will continue its purchases of agency mortgage-backed securities, undertake additional asset purchases, and employ its other policy tools as appropriate until such improvement is achieved in a context of price stability.","outlook labor market improve substantially, Committee continue purchases agency mortgage-backed securities, undertake additional asset purchases, employ policy tools appropriate improvement achieved context price stability.",0,0.53164685,0.018346421,0.45000675,-0.081640095,TRUE,"Topic 0: percent, funds, target, committee, rate, federal"
10/24/2012,2012,10/24/2012,15,"In determining the size, pace, and composition of its asset purchases, the Committee will, as always, take appropriate account of the likely efficacy and costs of such purchases.","determining size, pace, composition asset purchases, Committee will, always, take appropriate account likely efficacy costs purchases.",27,0.049669683,0.017612271,0.9327181,0.8830484,TRUE,"Topic 27: purchases, efficacy, costs, decisions, contingent, preset"
10/24/2012,2012,10/24/2012,16,"To support continued progress toward maximum employment and price stability, the Committee expects that a highly accommodative stance of monetary policy will remain appropriate for a considerable time after the economic recovery strengthens.","support continued progress toward maximum employment price stability, Committee expects highly accommodative stance monetary policy remain appropriate considerable time economic recovery strengthens.",0,0.87379813,0.012192935,0.11400892,-0.7597892,TRUE,"Topic 0: percent, funds, target, committee, rate, federal"
10/24/2012,2012,10/24/2012,17,"In particular, the Committee also decided today to keep the target range for the federal funds rate at 0 to 1/4 percent and currently anticipates that exceptionally low levels for the federal funds rate are likely to be warranted at least through mid-2015.","particular, Committee also decided today keep target range federal funds rate 0 1/4 percent currently anticipates exceptionally low levels federal funds rate likely warranted least mid-2015.",0,0.07651182,0.7024309,0.22105727,0.14454544,TRUE,"Topic 0: percent, funds, target, committee, rate, federal"
12/12/2012,2012,12/12/2012,0,"Information received since the Federal Open Market Committee met in October suggests that economic activity and employment have continued to expand at a moderate pace in recent months, apart from weather-related disruptions.","Information received since Federal Open Market Committee met October suggests economic activity employment continued expand moderate pace recent months, apart weather-related disruptions.",-1,0.9511162,0.025186056,0.023697777,-0.9274184,FALSE,Topic -1
12/12/2012,2012,12/12/2012,1,"Although the unemployment rate has declined somewhat since the summer, it remains elevated.","Although unemployment rate declined somewhat since summer, remains elevated.",40,0.10952554,0.8676976,0.022776855,-0.08674868,FALSE,"Topic 40: elevated, unemployment, remains, slow, weakness, rate"
12/12/2012,2012,12/12/2012,2,"Household spending has continued to advance, and the housing sector has shown further signs of improvement, but growth in business fixed investment has slowed.","Household spending continued advance, housing sector shown signs improvement, growth business fixed investment slowed.",3,0.18415038,0.77308273,0.04276682,-0.14138356,FALSE,"Topic 3: household, spending, fixed, business, investment, housing"
12/12/2012,2012,12/12/2012,3,"Inflation has been running somewhat below the Committee’s longer-run objective, apart from temporary variations that largely reflect fluctuations in energy prices.","Inflation running somewhat Committee’s longer-run objective, apart temporary variations largely reflect fluctuations energy prices.",0,0.020667445,0.9143468,0.064985774,0.04431833,FALSE,"Topic 0: percent, funds, target, committee, rate, federal"
12/12/2012,2012,12/12/2012,4,Longer-term inflation expectations have remained stable.,Longer-term inflation expectations remained stable.,6,0.9298828,0.025309332,0.04480783,-0.885075,FALSE,"Topic 6: stable, remained, longerterm, expectations, commodities, underlying"
12/12/2012,2012,12/12/2012,5,"Consistent with its statutory mandate, the Committee seeks to foster maximum employment and price stability.","Consistent statutory mandate, Committee seeks foster maximum employment price stability.",4,0.23863597,0.014581954,0.74678206,0.5081461,FALSE,"Topic 4: statutory, foster, seeks, mandate, stability, price"
12/12/2012,2012,12/12/2012,6,"The Committee remains concerned that, without sufficient policy accommodation, economic growth might not be strong enough to generate sustained improvement in labor market conditions.","Committee remains concerned that, without sufficient policy accommodation, economic growth might strong enough generate sustained improvement labor market conditions.",0,0.50218374,0.46103308,0.036783274,-0.46540046,FALSE,"Topic 0: percent, funds, target, committee, rate, federal"
12/12/2012,2012,12/12/2012,7,"Furthermore, strains in global financial markets continue to pose significant downside risks to the economic outlook.","Furthermore, strains global financial markets continue pose significant downside risks economic outlook.",16,0.028235063,0.92853665,0.043228257,0.014993195,FALSE,"Topic 16: downside, strains, significant, risks, global, pose"
12/12/2012,2012,12/12/2012,8,The Committee also anticipates that inflation over the medium term likely will run at or below its 2 percent objective.,Committee also anticipates inflation medium term likely run 2 percent objective.,0,0.014674254,0.94282264,0.042503115,0.027828861,TRUE,"Topic 0: percent, funds, target, committee, rate, federal"
12/12/2012,2012,12/12/2012,9,"To support a stronger economic recovery and to help ensure that inflation, over time, is at the rate most consistent with its dual mandate, the Committee will continue purchasing additional agency mortgage-backed securities at a pace of $40 billion per month.","support stronger economic recovery help ensure inflation, time, rate consistent dual mandate, Committee continue purchasing additional agency mortgage-backed securities pace $40 billion per month.",2,0.7852568,0.011359957,0.20338327,-0.58187354,TRUE,"Topic 2: agency, securities, mortgagebacked, treasury, principal, payments"
12/12/2012,2012,12/12/2012,10,"The Committee also will purchase longer-term Treasury securities after its program to extend the average maturity of its holdings of Treasury securities is completed at the end of the year, initially at a pace of $45 billion per month.","Committee also purchase longer-term Treasury securities program extend average maturity holdings Treasury securities completed end year, initially pace $45 billion per month.",2,0.49883252,0.013347827,0.4878197,-0.011012822,TRUE,"Topic 2: agency, securities, mortgagebacked, treasury, principal, payments"
12/12/2012,2012,12/12/2012,11,"The Committee is maintaining its existing policy of reinvesting principal payments from its holdings of agency debt and agency mortgage-backed securities in agency mortgage-backed securities and, in January, will resume rolling over maturing Treasury securities at auction.","Committee maintaining existing policy reinvesting principal payments holdings agency debt agency mortgage-backed securities agency mortgage-backed securities and, January, resume rolling maturing Treasury securities auction.",-1,0.055617824,0.0430941,0.9012881,0.8456703,TRUE,Topic -1
12/12/2012,2012,12/12/2012,12,"Taken together, these actions should maintain downward pressure on longer-term interest rates, support mortgage markets, and help to make broader financial conditions more accommodative.","Taken together, actions maintain downward pressure longer-term interest rates, support mortgage markets, help make broader financial conditions accommodative.",22,0.8933502,0.012710508,0.09393943,-0.79941076,TRUE,"Topic 22: downward, make, pressure, help, mortgage, broader"
12/12/2012,2012,12/12/2012,13,The Committee will closely monitor incoming information on economic and financial developments in coming months.,Committee closely monitor incoming information economic financial developments coming months.,0,0.054201156,0.02135772,0.9244411,0.87024,TRUE,"Topic 0: percent, funds, target, committee, rate, federal"
12/12/2012,2012,12/12/2012,14,"If the outlook for the labor market does not improve substantially, the Committee will continue its purchases of Treasury and agency mortgage-backed securities, and employ its other policy tools as appropriate, until such improvement is achieved in a context of price stability.","outlook labor market improve substantially, Committee continue purchases Treasury agency mortgage-backed securities, employ policy tools appropriate, improvement achieved context price stability.",0,0.6505519,0.015052362,0.33439574,-0.31615618,TRUE,"Topic 0: percent, funds, target, committee, rate, federal"
12/12/2012,2012,12/12/2012,15,"In determining the size, pace, and composition of its asset purchases, the Committee will, as always, take appropriate account of the likely efficacy and costs of such purchases.","determining size, pace, composition asset purchases, Committee will, always, take appropriate account likely efficacy costs purchases.",27,0.049669683,0.017612271,0.9327181,0.8830484,TRUE,"Topic 27: purchases, efficacy, costs, decisions, contingent, preset"
12/12/2012,2012,12/12/2012,16,"To support continued progress toward maximum employment and price stability, the Committee expects that a highly accommodative stance of monetary policy will remain appropriate for a considerable time after the asset purchase program ends and the economic recovery strengthens.","support continued progress toward maximum employment price stability, Committee expects highly accommodative stance monetary policy remain appropriate considerable time asset purchase program ends economic recovery strengthens.",0,0.8621315,0.013661516,0.124207035,-0.73792446,TRUE,"Topic 0: percent, funds, target, committee, rate, federal"
12/12/2012,2012,12/12/2012,17,"In particular, the Committee decided to keep the target range for the federal funds rate at 0 to 1/4 percent and currently anticipates that this exceptionally low range for the federal funds rate will be appropriate at least as long as the unemployment rate remains above 6-1/2 percent, inflation between one and two years ahead is projected to be no more than a half percentage point above the Committee’s 2 percent longer-run goal, and longer-term inflation expectations continue to be well anchored.","particular, Committee decided keep target range federal funds rate 0 1/4 percent currently anticipates exceptionally low range federal funds rate appropriate least long unemployment rate remains 6-1/2 percent, inflation one two years ahead projected half percentage point Committee’s 2 percent longer-run goal, longer-term inflation expectations continue well anchored.",0,0.5435121,0.05405379,0.40243417,-0.14107794,TRUE,"Topic 0: percent, funds, target, committee, rate, federal"
12/12/2012,2012,12/12/2012,18,The Committee views these thresholds as consistent with its earlier date-based guidance.,Committee views thresholds consistent earlier date-based guidance.,0,0.28902116,0.015083621,0.69589525,0.4068741,FALSE,"Topic 0: percent, funds, target, committee, rate, federal"
12/12/2012,2012,12/12/2012,19,"In determining how long to maintain a highly accommodative stance of monetary policy, the Committee will also consider other information, including additional measures of labor market conditions, indicators of inflation pressures and inflation expectations, and readings on financial developments.","determining long maintain highly accommodative stance monetary policy, Committee also consider information, including additional measures labor market conditions, indicators inflation pressures inflation expectations, readings financial developments.",0,0.05782456,0.022270165,0.9199053,0.86208075,TRUE,"Topic 0: percent, funds, target, committee, rate, federal"
12/12/2012,2012,12/12/2012,20,"When the Committee decides to begin to remove policy accommodation, it will take a balanced approach consistent with its longer-run goals of maximum employment and inflation of 2 percent.","Committee decides begin remove policy accommodation, take balanced approach consistent longer-run goals maximum employment inflation 2 percent.",14,0.18636101,0.022918658,0.79072034,0.6043593,TRUE,"Topic 14: approach, decides, remove, begin, accommodation, balanced"
1/30/2013,2013,1/30/2013,0,"Information received since the Federal Open Market Committee met in December suggests that growth in economic activity paused in recent months, in large part because of weather-related disruptions and other transitory factors.","Information received since Federal Open Market Committee met December suggests growth economic activity paused recent months, large part weather-related disruptions transitory factors.",1,0.05293738,0.91875714,0.02830548,-0.0246319,FALSE,"Topic 1: gains, job, unemployment, received, met, open"
1/30/2013,2013,1/30/2013,1,Employment has continued to expand at a moderate pace but the unemployment rate remains elevated.,Employment continued expand moderate pace unemployment rate remains elevated.,1,0.91908586,0.048503183,0.032410942,-0.88667494,FALSE,"Topic 1: gains, job, unemployment, received, met, open"
1/30/2013,2013,1/30/2013,2,"Household spending and business fixed investment advanced, and the housing sector has shown further improvement.","Household spending business fixed investment advanced, housing sector shown improvement.",3,0.9589664,0.019321946,0.021711685,-0.93725467,FALSE,"Topic 3: household, spending, fixed, business, investment, housing"
1/30/2013,2013,1/30/2013,3,"Inflation has been running somewhat below the Committee’s longer-run objective, apart from temporary variations that largely reflect fluctuations in energy prices.","Inflation running somewhat Committee’s longer-run objective, apart temporary variations largely reflect fluctuations energy prices.",0,0.020667445,0.9143468,0.064985774,0.04431833,FALSE,"Topic 0: percent, funds, target, committee, rate, federal"
1/30/2013,2013,1/30/2013,4,Longer-term inflation expectations have remained stable.,Longer-term inflation expectations remained stable.,6,0.9298828,0.025309332,0.04480783,-0.885075,FALSE,"Topic 6: stable, remained, longerterm, expectations, commodities, underlying"
1/30/2013,2013,1/30/2013,5,"Consistent with its statutory mandate, the Committee seeks to foster maximum employment and price stability.","Consistent statutory mandate, Committee seeks foster maximum employment price stability.",4,0.23863597,0.014581954,0.74678206,0.5081461,FALSE,"Topic 4: statutory, foster, seeks, mandate, stability, price"
1/30/2013,2013,1/30/2013,6,"The Committee expects that, with appropriate policy accommodation, economic growth will proceed at a moderate pace and the unemployment rate will gradually decline toward levels the Committee judges consistent with its dual mandate.","Committee expects that, appropriate policy accommodation, economic growth proceed moderate pace unemployment rate gradually decline toward levels Committee judges consistent dual mandate.",0,0.06757784,0.90872395,0.023698281,-0.043879557,TRUE,"Topic 0: percent, funds, target, committee, rate, federal"
1/30/2013,2013,1/30/2013,7,"Although strains in global financial markets have eased somewhat, the Committee continues to see downside risks to the economic outlook.","Although strains global financial markets eased somewhat, Committee continues see downside risks economic outlook.",16,0.21166709,0.74511045,0.043222394,-0.1684447,FALSE,"Topic 16: downside, strains, significant, risks, global, pose"
1/30/2013,2013,1/30/2013,8,The Committee also anticipates that inflation over the medium term likely will run at or below its 2 percent objective.,Committee also anticipates inflation medium term likely run 2 percent objective.,0,0.014674254,0.94282264,0.042503115,0.027828861,TRUE,"Topic 0: percent, funds, target, committee, rate, federal"
1/30/2013,2013,1/30/2013,9,"To support a stronger economic recovery and to help ensure that inflation, over time, is at the rate most consistent with its dual mandate, the Committee will continue purchasing additional agency mortgage-backed securities at a pace of $40 billion per month and longer-term Treasury securities at a pace of $45 billion per month.","support stronger economic recovery help ensure inflation, time, rate consistent dual mandate, Committee continue purchasing additional agency mortgage-backed securities pace $40 billion per month longer-term Treasury securities pace $45 billion per month.",2,0.6420204,0.012771942,0.34520757,-0.29681283,TRUE,"Topic 2: agency, securities, mortgagebacked, treasury, principal, payments"
1/30/2013,2013,1/30/2013,10,The Committee is maintaining its existing policy of reinvesting principal payments from its holdings of agency debt and agency mortgage-backed securities in agency mortgage-backed securities and of rolling over maturing Treasury securities at auction.,Committee maintaining existing policy reinvesting principal payments holdings agency debt agency mortgage-backed securities agency mortgage-backed securities rolling maturing Treasury securities auction.,-1,0.050884582,0.03078063,0.9183348,0.8674502,FALSE,Topic -1
1/30/2013,2013,1/30/2013,11,"Taken together, these actions should maintain downward pressure on  longer-term interest rates, support mortgage markets, and help to make broader financial conditions more accommodative.","Taken together, actions maintain downward pressure longer-term interest rates, support mortgage markets, help make broader financial conditions accommodative.",22,0.8933502,0.012710508,0.09393943,-0.79941076,TRUE,"Topic 22: downward, make, pressure, help, mortgage, broader"
1/30/2013,2013,1/30/2013,12,The Committee will closely monitor incoming information on economic and financial developments in coming months.,Committee closely monitor incoming information economic financial developments coming months.,0,0.054201156,0.02135772,0.9244411,0.87024,TRUE,"Topic 0: percent, funds, target, committee, rate, federal"
1/30/2013,2013,1/30/2013,13,"If the outlook for the labor market does not improve substantially, the Committee will continue its purchases of Treasury and agency mortgage-backed securities, and employ its other policy tools as appropriate, until such improvement is achieved in a context of price stability.","outlook labor market improve substantially, Committee continue purchases Treasury agency mortgage-backed securities, employ policy tools appropriate, improvement achieved context price stability.",0,0.6505519,0.015052362,0.33439574,-0.31615618,TRUE,"Topic 0: percent, funds, target, committee, rate, federal"
1/30/2013,2013,1/30/2013,14,"In determining the size, pace, and composition of its asset purchases, the Committee will, as always, take appropriate account of the likely efficacy and costs of such purchases.","determining size, pace, composition asset purchases, Committee will, always, take appropriate account likely efficacy costs purchases.",27,0.049669683,0.017612271,0.9327181,0.8830484,TRUE,"Topic 27: purchases, efficacy, costs, decisions, contingent, preset"
1/30/2013,2013,1/30/2013,15,"To support continued progress toward maximum employment and price stability, the Committee expects that a highly accommodative stance of monetary policy will remain appropriate for a considerable time after the asset purchase program ends and the economic recovery strengthens.","support continued progress toward maximum employment price stability, Committee expects highly accommodative stance monetary policy remain appropriate considerable time asset purchase program ends economic recovery strengthens.",0,0.8621315,0.013661516,0.124207035,-0.73792446,TRUE,"Topic 0: percent, funds, target, committee, rate, federal"
1/30/2013,2013,1/30/2013,16,"In particular, the Committee decided to keep the target range for the federal funds rate at 0 to 1/4 percent and currently anticipates that this exceptionally low range for the federal funds rate will be appropriate at least as long as the unemployment rate remains above 6-1/2 percent, inflation between one and two years ahead is projected to be no more than a half percentage point above the Committee’s 2 percent longer-run goal, and longer-term inflation expectations continue to be well anchored.","particular, Committee decided keep target range federal funds rate 0 1/4 percent currently anticipates exceptionally low range federal funds rate appropriate least long unemployment rate remains 6-1/2 percent, inflation one two years ahead projected half percentage point Committee’s 2 percent longer-run goal, longer-term inflation expectations continue well anchored.",0,0.5435121,0.05405379,0.40243417,-0.14107794,TRUE,"Topic 0: percent, funds, target, committee, rate, federal"
1/30/2013,2013,1/30/2013,17,"In determining how long to maintain a highly accommodative stance of monetary policy, the Committee will also consider other information, including additional measures of labor market conditions, indicators of inflation pressures and inflation expectations, and readings on financial developments.","determining long maintain highly accommodative stance monetary policy, Committee also consider information, including additional measures labor market conditions, indicators inflation pressures inflation expectations, readings financial developments.",0,0.05782456,0.022270165,0.9199053,0.86208075,TRUE,"Topic 0: percent, funds, target, committee, rate, federal"
1/30/2013,2013,1/30/2013,18,"When the Committee decides to begin to remove policy accommodation, it will take a balanced approach consistent with its longer-run goals of maximum employment and inflation of 2 percent.","Committee decides begin remove policy accommodation, take balanced approach consistent longer-run goals maximum employment inflation 2 percent.",14,0.18636101,0.022918658,0.79072034,0.6043593,TRUE,"Topic 14: approach, decides, remove, begin, accommodation, balanced"
3/20/2013,2013,3/20/2013,0,Information received since the Federal Open Market Committee met in January suggests a return to moderate economic growth following a pause late last year.,Information received since Federal Open Market Committee met January suggests return moderate economic growth following pause late last year.,1,0.9206396,0.049213003,0.030147482,-0.8904921,FALSE,"Topic 1: gains, job, unemployment, received, met, open"
3/20/2013,2013,3/20/2013,1,Labor market conditions have shown signs of improvement in recent months but the unemployment rate remains elevated.,Labor market conditions shown signs improvement recent months unemployment rate remains elevated.,1,0.87197626,0.11036915,0.017654575,-0.85432166,FALSE,"Topic 1: gains, job, unemployment, received, met, open"
3/20/2013,2013,3/20/2013,2,"Household spending and business fixed investment advanced, and the housing sector has strengthened further, but fiscal policy has become somewhat more restrictive.","Household spending business fixed investment advanced, housing sector strengthened further, fiscal policy become somewhat restrictive.",3,0.8140636,0.073748894,0.11218743,-0.70187616,FALSE,"Topic 3: household, spending, fixed, business, investment, housing"
3/20/2013,2013,3/20/2013,3,"Inflation has been running somewhat below the Committee's longer-run objective, apart from temporary variations that largely reflect fluctuations in energy prices.","Inflation running somewhat Committee's longer-run objective, apart temporary variations largely reflect fluctuations energy prices.",0,0.01982696,0.91687906,0.063293956,0.043466996,FALSE,"Topic 0: percent, funds, target, committee, rate, federal"
3/20/2013,2013,3/20/2013,4,Longer-term inflation expectations have remained stable.,Longer-term inflation expectations remained stable.,6,0.9298828,0.025309332,0.04480783,-0.885075,FALSE,"Topic 6: stable, remained, longerterm, expectations, commodities, underlying"
3/20/2013,2013,3/20/2013,5,"Consistent with its statutory mandate, the Committee seeks to foster maximum employment and price stability.","Consistent statutory mandate, Committee seeks foster maximum employment price stability.",4,0.23863597,0.014581954,0.74678206,0.5081461,FALSE,"Topic 4: statutory, foster, seeks, mandate, stability, price"
3/20/2013,2013,3/20/2013,6,"The Committee expects that, with appropriate policy accommodation, economic growth will proceed at a moderate pace and the unemployment rate will gradually decline toward levels the Committee judges consistent with its dual mandate.","Committee expects that, appropriate policy accommodation, economic growth proceed moderate pace unemployment rate gradually decline toward levels Committee judges consistent dual mandate.",0,0.06757784,0.90872395,0.023698281,-0.043879557,TRUE,"Topic 0: percent, funds, target, committee, rate, federal"
3/20/2013,2013,3/20/2013,7,The Committee continues to see downside risks to the economic outlook.,Committee continues see downside risks economic outlook.,16,0.023123778,0.92447495,0.052401274,0.029277496,FALSE,"Topic 16: downside, strains, significant, risks, global, pose"
3/20/2013,2013,3/20/2013,8,The Committee also anticipates that inflation over the medium term likely will run at or below its 2 percent objective.,Committee also anticipates inflation medium term likely run 2 percent objective.,0,0.014674254,0.94282264,0.042503115,0.027828861,TRUE,"Topic 0: percent, funds, target, committee, rate, federal"
3/20/2013,2013,3/20/2013,9,"To support a stronger economic recovery and to help ensure that inflation, over time, is at the rate most consistent with its dual mandate, the Committee decided to continue purchasing additional agency mortgage-backed securities at a pace of $40 billion per month and longer-term Treasury securities at a pace of $45 billion per month.","support stronger economic recovery help ensure inflation, time, rate consistent dual mandate, Committee decided continue purchasing additional agency mortgage-backed securities pace $40 billion per month longer-term Treasury securities pace $45 billion per month.",2,0.5350947,0.015681623,0.4492236,-0.08587107,FALSE,"Topic 2: agency, securities, mortgagebacked, treasury, principal, payments"
3/20/2013,2013,3/20/2013,10,The Committee is maintaining its existing policy of reinvesting principal payments from its holdings of agency debt and agency mortgage-backed securities in agency mortgage-backed securities and of rolling over maturing Treasury securities at auction.,Committee maintaining existing policy reinvesting principal payments holdings agency debt agency mortgage-backed securities agency mortgage-backed securities rolling maturing Treasury securities auction.,2,0.050884582,0.03078063,0.9183348,0.8674502,FALSE,"Topic 2: agency, securities, mortgagebacked, treasury, principal, payments"
3/20/2013,2013,3/20/2013,11,"Taken together, these actions should maintain downward pressure on longer-term interest rates, support mortgage markets, and help to make broader financial conditions more accommodative.","Taken together, actions maintain downward pressure longer-term interest rates, support mortgage markets, help make broader financial conditions accommodative.",22,0.8933502,0.012710508,0.09393943,-0.79941076,TRUE,"Topic 22: downward, make, pressure, help, mortgage, broader"
3/20/2013,2013,3/20/2013,12,The Committee will closely monitor incoming information on economic and financial developments in coming months.,Committee closely monitor incoming information economic financial developments coming months.,0,0.054201156,0.02135772,0.9244411,0.87024,TRUE,"Topic 0: percent, funds, target, committee, rate, federal"
3/20/2013,2013,3/20/2013,13,"The Committee will continue its purchases of Treasury and agency mortgage-backed securities, and employ its other policy tools as appropriate, until the outlook for the labor market has improved substantially in a context of price stability.","Committee continue purchases Treasury agency mortgage-backed securities, employ policy tools appropriate, outlook labor market improved substantially context price stability.",0,0.8264241,0.014416102,0.1591598,-0.66726434,TRUE,"Topic 0: percent, funds, target, committee, rate, federal"
3/20/2013,2013,3/20/2013,14,"In determining the size, pace, and composition of its asset purchases, the Committee will continue to take appropriate account of the likely efficacy and costs of such purchases as well as the extent of progress toward its economic objectives.","determining size, pace, composition asset purchases, Committee continue take appropriate account likely efficacy costs purchases well extent progress toward economic objectives.",27,0.17960936,0.009485537,0.8109051,0.63129574,TRUE,"Topic 27: purchases, efficacy, costs, decisions, contingent, preset"
3/20/2013,2013,3/20/2013,15,"To support continued progress toward maximum employment and price stability, the Committee expects that a highly accommodative stance of monetary policy will remain appropriate for a considerable time after the asset purchase program ends and the economic recovery strengthens.","support continued progress toward maximum employment price stability, Committee expects highly accommodative stance monetary policy remain appropriate considerable time asset purchase program ends economic recovery strengthens.",0,0.8621315,0.013661516,0.124207035,-0.73792446,TRUE,"Topic 0: percent, funds, target, committee, rate, federal"
3/20/2013,2013,3/20/2013,16,"In particular, the Committee decided to keep the target range for the federal funds rate at 0 to 1/4 percent and currently anticipates that this exceptionally low range for the federal funds rate will be appropriate at least as long as the unemployment rate remains above 6-1/2 percent, inflation between one and two years ahead is projected to be no more than a half percentage point above the Committee's 2 percent longer-run goal, and longer-term inflation expectations continue to be well anchored.","particular, Committee decided keep target range federal funds rate 0 1/4 percent currently anticipates exceptionally low range federal funds rate appropriate least long unemployment rate remains 6-1/2 percent, inflation one two years ahead projected half percentage point Committee's 2 percent longer-run goal, longer-term inflation expectations continue well anchored.",0,0.538934,0.054818004,0.40624806,-0.13268593,TRUE,"Topic 0: percent, funds, target, committee, rate, federal"
3/20/2013,2013,3/20/2013,17,"In determining how long to maintain a highly accommodative stance of monetary policy, the Committee will also consider other information, including additional measures of labor market conditions, indicators of inflation pressures and inflation expectations, and readings on financial developments.","determining long maintain highly accommodative stance monetary policy, Committee also consider information, including additional measures labor market conditions, indicators inflation pressures inflation expectations, readings financial developments.",0,0.05782456,0.022270165,0.9199053,0.86208075,TRUE,"Topic 0: percent, funds, target, committee, rate, federal"
3/20/2013,2013,3/20/2013,18,"When the Committee decides to begin to remove policy accommodation, it will take a balanced approach consistent with its longer-run goals of maximum employment and inflation of 2 percent.","Committee decides begin remove policy accommodation, take balanced approach consistent longer-run goals maximum employment inflation 2 percent.",14,0.18636101,0.022918658,0.79072034,0.6043593,TRUE,"Topic 14: approach, decides, remove, begin, accommodation, balanced"
5/1/2013,2013,5/1/2013,0,Information received since the Federal Open Market Committee met in March suggests that economic activity has been expanding at a moderate pace.,Information received since Federal Open Market Committee met March suggests economic activity expanding moderate pace.,8,0.9472566,0.02342976,0.02931358,-0.91794306,FALSE,"Topic 8: expanding, suggests, received, met, open, activity"
5/1/2013,2013,5/1/2013,1,"Labor market conditions have shown some improvement in recent months, on balance, but the unemployment rate remains elevated.","Labor market conditions shown improvement recent months, balance, unemployment rate remains elevated.",1,0.89432317,0.089325465,0.016351381,-0.87797177,FALSE,"Topic 1: gains, job, unemployment, received, met, open"
5/1/2013,2013,5/1/2013,2,"Household spending and business fixed investment advanced, and the housing sector has strengthened further, but fiscal policy is restraining economic growth.","Household spending business fixed investment advanced, housing sector strengthened further, fiscal policy restraining economic growth.",3,0.04541751,0.93374413,0.020838294,-0.024579216,FALSE,"Topic 3: household, spending, fixed, business, investment, housing"
5/1/2013,2013,5/1/2013,3,"Inflation has been running somewhat below the Committee's longer-run objective, apart from temporary variations that largely reflect fluctuations in energy prices.","Inflation running somewhat Committee's longer-run objective, apart temporary variations largely reflect fluctuations energy prices.",0,0.01982696,0.91687906,0.063293956,0.043466996,FALSE,"Topic 0: percent, funds, target, committee, rate, federal"
5/1/2013,2013,5/1/2013,4,Longer-term inflation expectations have remained stable.,Longer-term inflation expectations remained stable.,6,0.9298828,0.025309332,0.04480783,-0.885075,FALSE,"Topic 6: stable, remained, longerterm, expectations, commodities, underlying"
5/1/2013,2013,5/1/2013,5,"Consistent with its statutory mandate, the Committee seeks to foster maximum employment and price stability.","Consistent statutory mandate, Committee seeks foster maximum employment price stability.",4,0.23863597,0.014581954,0.74678206,0.5081461,FALSE,"Topic 4: statutory, foster, seeks, mandate, stability, price"
5/1/2013,2013,5/1/2013,6,"The Committee expects that, with appropriate policy accommodation, economic growth will proceed at a moderate pace and the unemployment rate will gradually decline toward levels the Committee judges consistent with its dual mandate.","Committee expects that, appropriate policy accommodation, economic growth proceed moderate pace unemployment rate gradually decline toward levels Committee judges consistent dual mandate.",0,0.06757784,0.90872395,0.023698281,-0.043879557,TRUE,"Topic 0: percent, funds, target, committee, rate, federal"
5/1/2013,2013,5/1/2013,7,The Committee continues to see downside risks to the economic outlook.,Committee continues see downside risks economic outlook.,16,0.023123778,0.92447495,0.052401274,0.029277496,FALSE,"Topic 16: downside, strains, significant, risks, global, pose"
5/1/2013,2013,5/1/2013,8,The Committee also anticipates that inflation over the medium term likely will run at or below its 2 percent objective.,Committee also anticipates inflation medium term likely run 2 percent objective.,0,0.014674254,0.94282264,0.042503115,0.027828861,TRUE,"Topic 0: percent, funds, target, committee, rate, federal"
5/1/2013,2013,5/1/2013,9,"To support a stronger economic recovery and to help ensure that inflation, over time, is at the rate most consistent with its dual mandate, the Committee decided to continue purchasing additional agency mortgage-backed securities at a pace of $40 billion per month and longer-term Treasury securities at a pace of $45 billion per month.","support stronger economic recovery help ensure inflation, time, rate consistent dual mandate, Committee decided continue purchasing additional agency mortgage-backed securities pace $40 billion per month longer-term Treasury securities pace $45 billion per month.",2,0.5350947,0.015681623,0.4492236,-0.08587107,FALSE,"Topic 2: agency, securities, mortgagebacked, treasury, principal, payments"
5/1/2013,2013,5/1/2013,10,The Committee is maintaining its existing policy of reinvesting principal payments from its holdings of agency debt and agency mortgage-backed securities in agency mortgage-backed securities and of rolling over maturing Treasury securities at auction.,Committee maintaining existing policy reinvesting principal payments holdings agency debt agency mortgage-backed securities agency mortgage-backed securities rolling maturing Treasury securities auction.,2,0.050884582,0.03078063,0.9183348,0.8674502,FALSE,"Topic 2: agency, securities, mortgagebacked, treasury, principal, payments"
5/1/2013,2013,5/1/2013,11,"Taken together, these actions should maintain downward pressure on longer-term interest rates, support mortgage markets, and help to make broader financial conditions more accommodative.","Taken together, actions maintain downward pressure longer-term interest rates, support mortgage markets, help make broader financial conditions accommodative.",22,0.8933502,0.012710508,0.09393943,-0.79941076,TRUE,"Topic 22: downward, make, pressure, help, mortgage, broader"
5/1/2013,2013,5/1/2013,12,The Committee will closely monitor incoming information on economic and financial developments in coming months.,Committee closely monitor incoming information economic financial developments coming months.,0,0.054201156,0.02135772,0.9244411,0.87024,TRUE,"Topic 0: percent, funds, target, committee, rate, federal"
5/1/2013,2013,5/1/2013,13,"The Committee will continue its purchases of Treasury and agency mortgage-backed securities, and employ its other policy tools as appropriate, until the outlook for the labor market has improved substantially in a context of price stability.","Committee continue purchases Treasury agency mortgage-backed securities, employ policy tools appropriate, outlook labor market improved substantially context price stability.",0,0.8264241,0.014416102,0.1591598,-0.66726434,TRUE,"Topic 0: percent, funds, target, committee, rate, federal"
5/1/2013,2013,5/1/2013,14,The Committee is prepared to increase or reduce the pace of its purchases to maintain appropriate policy accommodation as the outlook for the labor market or inflation changes.,Committee prepared increase reduce pace purchases maintain appropriate policy accommodation outlook labor market inflation changes.,0,0.118989676,0.48543364,0.39557666,0.27658698,TRUE,"Topic 0: percent, funds, target, committee, rate, federal"
5/1/2013,2013,5/1/2013,15,"In determining the size, pace, and composition of its asset purchases, the Committee will continue to take appropriate account of the likely efficacy and costs of such purchases as well as the extent of progress toward its economic objectives.","determining size, pace, composition asset purchases, Committee continue take appropriate account likely efficacy costs purchases well extent progress toward economic objectives.",27,0.17960936,0.009485537,0.8109051,0.63129574,TRUE,"Topic 27: purchases, efficacy, costs, decisions, contingent, preset"
5/1/2013,2013,5/1/2013,16,"To support continued progress toward maximum employment and price stability, the Committee expects that a highly accommodative stance of monetary policy will remain appropriate for a considerable time after the asset purchase program ends and the economic recovery strengthens.","support continued progress toward maximum employment price stability, Committee expects highly accommodative stance monetary policy remain appropriate considerable time asset purchase program ends economic recovery strengthens.",0,0.8621315,0.013661516,0.124207035,-0.73792446,TRUE,"Topic 0: percent, funds, target, committee, rate, federal"
5/1/2013,2013,5/1/2013,17,"In particular, the Committee decided to keep the target range for the federal funds rate at 0 to 1/4 percent and currently anticipates that this exceptionally low range for the federal funds rate will be appropriate at least as long as the unemployment rate remains above 6-1/2 percent, inflation between one and two years ahead is projected to be no more than a half percentage point above the Committee's 2 percent longer-run goal, and longer-term inflation expectations continue to be well anchored.","particular, Committee decided keep target range federal funds rate 0 1/4 percent currently anticipates exceptionally low range federal funds rate appropriate least long unemployment rate remains 6-1/2 percent, inflation one two years ahead projected half percentage point Committee's 2 percent longer-run goal, longer-term inflation expectations continue well anchored.",0,0.538934,0.054818004,0.40624806,-0.13268593,TRUE,"Topic 0: percent, funds, target, committee, rate, federal"
5/1/2013,2013,5/1/2013,18,"In determining how long to maintain a highly accommodative stance of monetary policy, the Committee will also consider other information, including additional measures of labor market conditions, indicators of inflation pressures and inflation expectations, and readings on financial developments.","determining long maintain highly accommodative stance monetary policy, Committee also consider information, including additional measures labor market conditions, indicators inflation pressures inflation expectations, readings financial developments.",0,0.05782456,0.022270165,0.9199053,0.86208075,TRUE,"Topic 0: percent, funds, target, committee, rate, federal"
5/1/2013,2013,5/1/2013,19,"When the Committee decides to begin to remove policy accommodation, it will take a balanced approach consistent with its longer-run goals of maximum employment and inflation of 2 percent.","Committee decides begin remove policy accommodation, take balanced approach consistent longer-run goals maximum employment inflation 2 percent.",14,0.18636101,0.022918658,0.79072034,0.6043593,TRUE,"Topic 14: approach, decides, remove, begin, accommodation, balanced"
6/19/2013,2013,6/19/2013,0,Information received since the Federal Open Market Committee met in May suggests that economic activity has been expanding at a moderate pace.,Information received since Federal Open Market Committee met May suggests economic activity expanding moderate pace.,8,0.947283,0.023531916,0.029185064,-0.918098,TRUE,"Topic 8: expanding, suggests, received, met, open, activity"
6/19/2013,2013,6/19/2013,1,"Labor market conditions have shown further improvement in recent months, on balance, but the unemployment rate remains elevated.","Labor market conditions shown improvement recent months, balance, unemployment rate remains elevated.",1,0.91947865,0.064370915,0.016150385,-0.9033283,FALSE,"Topic 1: gains, job, unemployment, received, met, open"
6/19/2013,2013,6/19/2013,2,"Household spending and business fixed investment advanced, and the housing sector has strengthened further, but fiscal policy is restraining economic growth.","Household spending business fixed investment advanced, housing sector strengthened further, fiscal policy restraining economic growth.",3,0.04541751,0.93374413,0.020838294,-0.024579216,FALSE,"Topic 3: household, spending, fixed, business, investment, housing"
6/19/2013,2013,6/19/2013,3,"Partly reflecting transitory influences, inflation has been running below the Committee's longer-run objective, but longer-term inflation expectations have remained stable.","Partly reflecting transitory influences, inflation running Committee's longer-run objective, longer-term inflation expectations remained stable.",-1,0.09023916,0.8332825,0.07647835,-0.013760813,FALSE,Topic -1
6/19/2013,2013,6/19/2013,4,"Consistent with its statutory mandate, the Committee seeks to foster maximum employment and price stability.","Consistent statutory mandate, Committee seeks foster maximum employment price stability.",4,0.23863597,0.014581954,0.74678206,0.5081461,FALSE,"Topic 4: statutory, foster, seeks, mandate, stability, price"
6/19/2013,2013,6/19/2013,5,"The Committee expects that, with appropriate policy accommodation, economic growth will proceed at a moderate pace and the unemployment rate will gradually decline toward levels the Committee judges consistent with its dual mandate.","Committee expects that, appropriate policy accommodation, economic growth proceed moderate pace unemployment rate gradually decline toward levels Committee judges consistent dual mandate.",0,0.06757784,0.90872395,0.023698281,-0.043879557,TRUE,"Topic 0: percent, funds, target, committee, rate, federal"
6/19/2013,2013,6/19/2013,6,The Committee sees the downside risks to the outlook for the economy and the labor market as having diminished since the fall.,Committee sees downside risks outlook economy labor market diminished since fall.,16,0.15338843,0.8186272,0.02798442,-0.125404,FALSE,"Topic 16: downside, strains, significant, risks, global, pose"
6/19/2013,2013,6/19/2013,7,The Committee also anticipates that inflation over the medium term likely will run at or below its 2 percent objective.,Committee also anticipates inflation medium term likely run 2 percent objective.,0,0.014674254,0.94282264,0.042503115,0.027828861,TRUE,"Topic 0: percent, funds, target, committee, rate, federal"
6/19/2013,2013,6/19/2013,8,"To support a stronger economic recovery and to help ensure that inflation, over time, is at the rate most consistent with its dual mandate, the Committee decided to continue purchasing additional agency mortgage-backed securities at a pace of $40 billion per month and longer-term Treasury securities at a pace of $45 billion per month.","support stronger economic recovery help ensure inflation, time, rate consistent dual mandate, Committee decided continue purchasing additional agency mortgage-backed securities pace $40 billion per month longer-term Treasury securities pace $45 billion per month.",2,0.5350947,0.015681623,0.4492236,-0.08587107,FALSE,"Topic 2: agency, securities, mortgagebacked, treasury, principal, payments"
6/19/2013,2013,6/19/2013,9,The Committee is maintaining its existing policy of reinvesting principal payments from its holdings of agency debt and agency mortgage-backed securities in agency mortgage-backed securities and of rolling over maturing Treasury securities at auction.,Committee maintaining existing policy reinvesting principal payments holdings agency debt agency mortgage-backed securities agency mortgage-backed securities rolling maturing Treasury securities auction.,2,0.050884582,0.03078063,0.9183348,0.8674502,FALSE,"Topic 2: agency, securities, mortgagebacked, treasury, principal, payments"
6/19/2013,2013,6/19/2013,10,"Taken together, these actions should maintain downward pressure on longer-term interest rates, support mortgage markets, and help to make broader financial conditions more accommodative.","Taken together, actions maintain downward pressure longer-term interest rates, support mortgage markets, help make broader financial conditions accommodative.",22,0.8933502,0.012710508,0.09393943,-0.79941076,TRUE,"Topic 22: downward, make, pressure, help, mortgage, broader"
6/19/2013,2013,6/19/2013,11,The Committee will closely monitor incoming information on economic and financial developments in coming months.,Committee closely monitor incoming information economic financial developments coming months.,0,0.054201156,0.02135772,0.9244411,0.87024,TRUE,"Topic 0: percent, funds, target, committee, rate, federal"
6/19/2013,2013,6/19/2013,12,"The Committee will continue its purchases of Treasury and agency mortgage-backed securities, and employ its other policy tools as appropriate, until the outlook for the labor market has improved substantially in a context of price stability.","Committee continue purchases Treasury agency mortgage-backed securities, employ policy tools appropriate, outlook labor market improved substantially context price stability.",0,0.8264241,0.014416102,0.1591598,-0.66726434,TRUE,"Topic 0: percent, funds, target, committee, rate, federal"
6/19/2013,2013,6/19/2013,13,The Committee is prepared to increase or reduce the pace of its purchases to maintain appropriate policy accommodation as the outlook for the labor market or inflation changes.,Committee prepared increase reduce pace purchases maintain appropriate policy accommodation outlook labor market inflation changes.,0,0.118989676,0.48543364,0.39557666,0.27658698,TRUE,"Topic 0: percent, funds, target, committee, rate, federal"
6/19/2013,2013,6/19/2013,14,"In determining the size, pace, and composition of its asset purchases, the Committee will continue to take appropriate account of the likely efficacy and costs of such purchases as well as the extent of progress toward its economic objectives.","determining size, pace, composition asset purchases, Committee continue take appropriate account likely efficacy costs purchases well extent progress toward economic objectives.",27,0.17960936,0.009485537,0.8109051,0.63129574,TRUE,"Topic 27: purchases, efficacy, costs, decisions, contingent, preset"
6/19/2013,2013,6/19/2013,15,"To support continued progress toward maximum employment and price stability, the Committee expects that a highly accommodative stance of monetary policy will remain appropriate for a considerable time after the asset purchase program ends and the economic recovery strengthens.","support continued progress toward maximum employment price stability, Committee expects highly accommodative stance monetary policy remain appropriate considerable time asset purchase program ends economic recovery strengthens.",0,0.8621315,0.013661516,0.124207035,-0.73792446,TRUE,"Topic 0: percent, funds, target, committee, rate, federal"
6/19/2013,2013,6/19/2013,16,"In particular, the Committee decided to keep the target range for the federal funds rate at 0 to 1/4 percent and currently anticipates that this exceptionally low range for the federal funds rate will be appropriate at least as long as the unemployment rate remains above 6-1/2 percent, inflation between one and two years ahead is projected to be no more than a half percentage point above the Committee's 2 percent longer-run goal, and longer-term inflation expectations continue to be well anchored.","particular, Committee decided keep target range federal funds rate 0 1/4 percent currently anticipates exceptionally low range federal funds rate appropriate least long unemployment rate remains 6-1/2 percent, inflation one two years ahead projected half percentage point Committee's 2 percent longer-run goal, longer-term inflation expectations continue well anchored.",0,0.538934,0.054818004,0.40624806,-0.13268593,TRUE,"Topic 0: percent, funds, target, committee, rate, federal"
6/19/2013,2013,6/19/2013,17,"In determining how long to maintain a highly accommodative stance of monetary policy, the Committee will also consider other information, including additional measures of labor market conditions, indicators of inflation pressures and inflation expectations, and readings on financial developments.","determining long maintain highly accommodative stance monetary policy, Committee also consider information, including additional measures labor market conditions, indicators inflation pressures inflation expectations, readings financial developments.",0,0.05782456,0.022270165,0.9199053,0.86208075,TRUE,"Topic 0: percent, funds, target, committee, rate, federal"
6/19/2013,2013,6/19/2013,18,"When the Committee decides to begin to remove policy accommodation, it will take a balanced approach consistent with its longer-run goals of maximum employment and inflation of 2 percent.","Committee decides begin remove policy accommodation, take balanced approach consistent longer-run goals maximum employment inflation 2 percent.",14,0.18636101,0.022918658,0.79072034,0.6043593,TRUE,"Topic 14: approach, decides, remove, begin, accommodation, balanced"
7/31/2013,2013,7/31/2013,0,Information received since the Federal Open Market Committee met in June suggests that economic activity expanded at a modest pace during the first half of the year.,Information received since Federal Open Market Committee met June suggests economic activity expanded modest pace first half year.,8,0.8018351,0.11791612,0.08024884,-0.7215863,FALSE,"Topic 8: expanding, suggests, received, met, open, activity"
7/31/2013,2013,7/31/2013,1,"Labor market conditions have shown further improvement in recent months, on balance, but the unemployment rate remains elevated.","Labor market conditions shown improvement recent months, balance, unemployment rate remains elevated.",1,0.91947865,0.064370915,0.016150385,-0.9033283,FALSE,"Topic 1: gains, job, unemployment, received, met, open"
7/31/2013,2013,7/31/2013,2,"Household spending and business fixed investment advanced, and the housing sector has been strengthening, but mortgage rates have risen somewhat and fiscal policy is restraining economic growth.","Household spending business fixed investment advanced, housing sector strengthening, mortgage rates risen somewhat fiscal policy restraining economic growth.",3,0.075342186,0.9028272,0.021830669,-0.053511515,FALSE,"Topic 3: household, spending, fixed, business, investment, housing"
7/31/2013,2013,7/31/2013,3,"Partly reflecting transitory influences, inflation has been running below the Committee's longer-run objective, but longer-term inflation expectations have remained stable.","Partly reflecting transitory influences, inflation running Committee's longer-run objective, longer-term inflation expectations remained stable.",-1,0.09023916,0.8332825,0.07647835,-0.013760813,FALSE,Topic -1
7/31/2013,2013,7/31/2013,4,"Consistent with its statutory mandate, the Committee seeks to foster maximum employment and price stability.","Consistent statutory mandate, Committee seeks foster maximum employment price stability.",4,0.23863597,0.014581954,0.74678206,0.5081461,FALSE,"Topic 4: statutory, foster, seeks, mandate, stability, price"
7/31/2013,2013,7/31/2013,5,"The Committee expects that, with appropriate policy accommodation, economic growth will pick up from its recent pace and the unemployment rate will gradually decline toward levels the Committee judges consistent with its dual mandate.","Committee expects that, appropriate policy accommodation, economic growth pick recent pace unemployment rate gradually decline toward levels Committee judges consistent dual mandate.",0,0.21881337,0.7552854,0.025901232,-0.19291215,TRUE,"Topic 0: percent, funds, target, committee, rate, federal"
7/31/2013,2013,7/31/2013,6,The Committee sees the downside risks to the outlook for the economy and the labor market as having diminished since the fall.,Committee sees downside risks outlook economy labor market diminished since fall.,16,0.15338843,0.8186272,0.02798442,-0.125404,FALSE,"Topic 16: downside, strains, significant, risks, global, pose"
7/31/2013,2013,7/31/2013,7,"The Committee recognizes that inflation persistently below its 2 percent objective could pose risks to economic performance, but it anticipates that inflation will move back toward its objective over the medium term.","Committee recognizes inflation persistently 2 percent objective could pose risks economic performance, anticipates inflation move back toward objective medium term.",-1,0.67854273,0.27761522,0.043842044,-0.6347007,TRUE,Topic -1
7/31/2013,2013,7/31/2013,8,"To support a stronger economic recovery and to help ensure that inflation, over time, is at the rate most consistent with its dual mandate, the Committee decided to continue purchasing additional agency mortgage-backed securities at a pace of $40 billion per month and longer-term Treasury securities at a pace of $45 billion per month.","support stronger economic recovery help ensure inflation, time, rate consistent dual mandate, Committee decided continue purchasing additional agency mortgage-backed securities pace $40 billion per month longer-term Treasury securities pace $45 billion per month.",2,0.5350947,0.015681623,0.4492236,-0.08587107,FALSE,"Topic 2: agency, securities, mortgagebacked, treasury, principal, payments"
7/31/2013,2013,7/31/2013,9,The Committee is maintaining its existing policy of reinvesting principal payments from its holdings of agency debt and agency mortgage-backed securities in agency mortgage-backed securities and of rolling over maturing Treasury securities at auction.,Committee maintaining existing policy reinvesting principal payments holdings agency debt agency mortgage-backed securities agency mortgage-backed securities rolling maturing Treasury securities auction.,2,0.050884582,0.03078063,0.9183348,0.8674502,FALSE,"Topic 2: agency, securities, mortgagebacked, treasury, principal, payments"
7/31/2013,2013,7/31/2013,10,"Taken together, these actions should maintain downward pressure on longer-term interest rates, support mortgage markets, and help to make broader financial conditions more accommodative.","Taken together, actions maintain downward pressure longer-term interest rates, support mortgage markets, help make broader financial conditions accommodative.",22,0.8933502,0.012710508,0.09393943,-0.79941076,TRUE,"Topic 22: downward, make, pressure, help, mortgage, broader"
7/31/2013,2013,7/31/2013,11,The Committee will closely monitor incoming information on economic and financial developments in coming months.,Committee closely monitor incoming information economic financial developments coming months.,0,0.054201156,0.02135772,0.9244411,0.87024,TRUE,"Topic 0: percent, funds, target, committee, rate, federal"
7/31/2013,2013,7/31/2013,12,"The Committee will continue its purchases of Treasury and agency mortgage-backed securities, and employ its other policy tools as appropriate, until the outlook for the labor market has improved substantially in a context of price stability.","Committee continue purchases Treasury agency mortgage-backed securities, employ policy tools appropriate, outlook labor market improved substantially context price stability.",0,0.8264241,0.014416102,0.1591598,-0.66726434,TRUE,"Topic 0: percent, funds, target, committee, rate, federal"
7/31/2013,2013,7/31/2013,13,The Committee is prepared to increase or reduce the pace of its purchases to maintain appropriate policy accommodation as the outlook for the labor market or inflation changes.,Committee prepared increase reduce pace purchases maintain appropriate policy accommodation outlook labor market inflation changes.,0,0.118989676,0.48543364,0.39557666,0.27658698,TRUE,"Topic 0: percent, funds, target, committee, rate, federal"
7/31/2013,2013,7/31/2013,14,"In determining the size, pace, and composition of its asset purchases, the Committee will continue to take appropriate account of the likely efficacy and costs of such purchases as well as the extent of progress toward its economic objectives.","determining size, pace, composition asset purchases, Committee continue take appropriate account likely efficacy costs purchases well extent progress toward economic objectives.",27,0.17960936,0.009485537,0.8109051,0.63129574,TRUE,"Topic 27: purchases, efficacy, costs, decisions, contingent, preset"
7/31/2013,2013,7/31/2013,15,"To support continued progress toward maximum employment and price stability, the Committee today reaffirmed its view that a highly accommodative stance of monetary policy will remain appropriate for a considerable time after the asset purchase program ends and the economic recovery strengthens.","support continued progress toward maximum employment price stability, Committee today reaffirmed view highly accommodative stance monetary policy remain appropriate considerable time asset purchase program ends economic recovery strengthens.",0,0.8870469,0.013621869,0.0993313,-0.78771555,TRUE,"Topic 0: percent, funds, target, committee, rate, federal"
7/31/2013,2013,7/31/2013,16,"In particular, the Committee decided to keep the target range for the federal funds rate at 0 to 1/4 percent and currently anticipates that this exceptionally low range for the federal funds rate will be appropriate at least as long as the unemployment rate remains above 6-1/2 percent, inflation between one and two years ahead is projected to be no more than a half percentage point above the Committee's 2 percent longer-run goal, and longer-term inflation expectations continue to be well anchored.","particular, Committee decided keep target range federal funds rate 0 1/4 percent currently anticipates exceptionally low range federal funds rate appropriate least long unemployment rate remains 6-1/2 percent, inflation one two years ahead projected half percentage point Committee's 2 percent longer-run goal, longer-term inflation expectations continue well anchored.",0,0.538934,0.054818004,0.40624806,-0.13268593,TRUE,"Topic 0: percent, funds, target, committee, rate, federal"
7/31/2013,2013,7/31/2013,17,"In determining how long to maintain a highly accommodative stance of monetary policy, the Committee will also consider other information, including additional measures of labor market conditions, indicators of inflation pressures and inflation expectations, and readings on financial developments.","determining long maintain highly accommodative stance monetary policy, Committee also consider information, including additional measures labor market conditions, indicators inflation pressures inflation expectations, readings financial developments.",0,0.05782456,0.022270165,0.9199053,0.86208075,TRUE,"Topic 0: percent, funds, target, committee, rate, federal"
7/31/2013,2013,7/31/2013,18,"When the Committee decides to begin to remove policy accommodation, it will take a balanced approach consistent with its longer-run goals of maximum employment and inflation of 2 percent.","Committee decides begin remove policy accommodation, take balanced approach consistent longer-run goals maximum employment inflation 2 percent.",14,0.18636101,0.022918658,0.79072034,0.6043593,TRUE,"Topic 14: approach, decides, remove, begin, accommodation, balanced"
9/18/2013,2013,9/18/2013,0,Information received since the Federal Open Market Committee met in July suggests that economic activity has been expanding at a moderate pace.,Information received since Federal Open Market Committee met July suggests economic activity expanding moderate pace.,8,0.9469143,0.023444556,0.029641086,-0.9172732,FALSE,"Topic 8: expanding, suggests, received, met, open, activity"
9/18/2013,2013,9/18/2013,1,"Some indicators of labor market conditions have shown further improvement in recent months, but the unemployment rate remains elevated.","indicators labor market conditions shown improvement recent months, unemployment rate remains elevated.",1,0.92622226,0.05713765,0.016640136,-0.90958214,FALSE,"Topic 1: gains, job, unemployment, received, met, open"
9/18/2013,2013,9/18/2013,2,"Household spending and business fixed investment advanced, and the housing sector has been strengthening, but mortgage rates have risen further and fiscal policy is restraining economic growth.","Household spending business fixed investment advanced, housing sector strengthening, mortgage rates risen fiscal policy restraining economic growth.",3,0.048204258,0.9336217,0.018174,-0.030030258,FALSE,"Topic 3: household, spending, fixed, business, investment, housing"
9/18/2013,2013,9/18/2013,3,"Apart from fluctuations due to changes in energy prices, inflation has been running below the Committee's longer-run objective, but longer-term inflation expectations have remained stable.","Apart fluctuations due changes energy prices, inflation running Committee's longer-run objective, longer-term inflation expectations remained stable.",-1,0.085881725,0.8193352,0.09478302,0.008901298,FALSE,Topic -1
9/18/2013,2013,9/18/2013,4,"Consistent with its statutory mandate, the Committee seeks to foster maximum employment and price stability.","Consistent statutory mandate, Committee seeks foster maximum employment price stability.",4,0.23863597,0.014581954,0.74678206,0.5081461,FALSE,"Topic 4: statutory, foster, seeks, mandate, stability, price"
9/18/2013,2013,9/18/2013,5,"The Committee expects that, with appropriate policy accommodation, economic growth will pick up from its recent pace and the unemployment rate will gradually decline toward levels the Committee judges consistent with its dual mandate.","Committee expects that, appropriate policy accommodation, economic growth pick recent pace unemployment rate gradually decline toward levels Committee judges consistent dual mandate.",0,0.21881337,0.7552854,0.025901232,-0.19291215,TRUE,"Topic 0: percent, funds, target, committee, rate, federal"
9/18/2013,2013,9/18/2013,6,"The Committee sees the downside risks to the outlook for the economy and the labor market as having diminished, on net, since last fall, but the tightening of financial conditions observed in recent months, if sustained, could slow the pace of improvement in the economy and labor market.","Committee sees downside risks outlook economy labor market diminished, net, since last fall, tightening financial conditions observed recent months, sustained, could slow pace improvement economy labor market.",16,0.12361845,0.8460589,0.030322712,-0.09329574,FALSE,"Topic 16: downside, strains, significant, risks, global, pose"
9/18/2013,2013,9/18/2013,7,"The Committee recognizes that inflation persistently below its 2 percent objective could pose risks to economic performance, but it anticipates that inflation will move back toward its objective over the medium term.","Committee recognizes inflation persistently 2 percent objective could pose risks economic performance, anticipates inflation move back toward objective medium term.",-1,0.67854273,0.27761522,0.043842044,-0.6347007,TRUE,Topic -1
9/18/2013,2013,9/18/2013,8,"Taking into account the extent of federal fiscal retrenchment, the Committee sees the improvement in economic activity and labor market conditions since it began its asset purchase program a year ago as consistent with growing underlying strength in the broader economy.","Taking account extent federal fiscal retrenchment, Committee sees improvement economic activity labor market conditions since began asset purchase program year ago consistent growing underlying strength broader economy.",-1,0.9444177,0.016124947,0.039457332,-0.9049604,FALSE,Topic -1
9/18/2013,2013,9/18/2013,9,"However, the Committee decided to await more evidence that progress will be sustained before adjusting the pace of its purchases.","However, Committee decided await evidence progress sustained adjusting pace purchases.",0,0.8023512,0.02075946,0.17688936,-0.6254618,TRUE,"Topic 0: percent, funds, target, committee, rate, federal"
9/18/2013,2013,9/18/2013,10,"Accordingly, the Committee decided to continue purchasing additional agency mortgage-backed securities at a pace of $40 billion per month and longer-term Treasury securities at a pace of $45 billion per month.","Accordingly, Committee decided continue purchasing additional agency mortgage-backed securities pace $40 billion per month longer-term Treasury securities pace $45 billion per month.",2,0.26201132,0.017618021,0.72037065,0.45835933,FALSE,"Topic 2: agency, securities, mortgagebacked, treasury, principal, payments"
9/18/2013,2013,9/18/2013,11,The Committee is maintaining its existing policy of reinvesting principal payments from its holdings of agency debt and agency mortgage-backed securities in agency mortgage-backed securities and of rolling over maturing Treasury securities at auction.,Committee maintaining existing policy reinvesting principal payments holdings agency debt agency mortgage-backed securities agency mortgage-backed securities rolling maturing Treasury securities auction.,2,0.050884582,0.03078063,0.9183348,0.8674502,FALSE,"Topic 2: agency, securities, mortgagebacked, treasury, principal, payments"
9/18/2013,2013,9/18/2013,12,"Taken together, these actions should maintain downward pressure on longer-term interest rates, support mortgage markets, and help to make broader financial conditions more accommodative, which in turn should promote a stronger economic recovery and help to ensure that inflation, over time, is at the rate most consistent with the Committee's dual mandate.","Taken together, actions maintain downward pressure longer-term interest rates, support mortgage markets, help make broader financial conditions accommodative, turn promote stronger economic recovery help ensure inflation, time, rate consistent Committee's dual mandate.",22,0.87221766,0.012003268,0.11577911,-0.75643855,TRUE,"Topic 22: downward, make, pressure, help, mortgage, broader"
9/18/2013,2013,9/18/2013,13,"The Committee will closely monitor incoming information on economic and financial developments in coming months and will continue its purchases of Treasury and agency mortgage-backed securities, and employ its other policy tools as appropriate, until the outlook for the labor market has improved substantially in a context of price stability.","Committee closely monitor incoming information economic financial developments coming months continue purchases Treasury agency mortgage-backed securities, employ policy tools appropriate, outlook labor market improved substantially context price stability.",0,0.73402923,0.01416033,0.25181043,-0.4822188,TRUE,"Topic 0: percent, funds, target, committee, rate, federal"
9/18/2013,2013,9/18/2013,14,"In judging when to moderate the pace of asset purchases, the Committee will, at its coming meetings, assess whether incoming information continues to support the Committee's expectation of ongoing improvement in labor market conditions and inflation moving back toward its longer-run objective.","judging moderate pace asset purchases, Committee will, coming meetings, assess whether incoming information continues support Committee's expectation ongoing improvement labor market conditions inflation moving back toward longer-run objective.",0,0.93312097,0.018446414,0.04843272,-0.88468826,TRUE,"Topic 0: percent, funds, target, committee, rate, federal"
9/18/2013,2013,9/18/2013,15,"Asset purchases are not on a preset course, and the Committee's decisions about their pace will remain contingent on the Committee's economic outlook as well as its assessment of the likely efficacy and costs of such purchases.","Asset purchases preset course, Committee's decisions pace remain contingent Committee's economic outlook well assessment likely efficacy costs purchases.",27,0.04869836,0.019631535,0.9316701,0.88297176,TRUE,"Topic 27: purchases, efficacy, costs, decisions, contingent, preset"
9/18/2013,2013,9/18/2013,16,"To support continued progress toward maximum employment and price stability, the Committee today reaffirmed its view that a highly accommodative stance of monetary policy will remain appropriate for a considerable time after the asset purchase program ends and the economic recovery strengthens.","support continued progress toward maximum employment price stability, Committee today reaffirmed view highly accommodative stance monetary policy remain appropriate considerable time asset purchase program ends economic recovery strengthens.",0,0.8870469,0.013621869,0.0993313,-0.78771555,TRUE,"Topic 0: percent, funds, target, committee, rate, federal"
9/18/2013,2013,9/18/2013,17,"In particular, the Committee decided to keep the target range for the federal funds rate at 0 to 1/4 percent and currently anticipates that this exceptionally low range for the federal funds rate will be appropriate at least as long as the unemployment rate remains above 6-1/2 percent, inflation between one and two years ahead is projected to be no more than a half percentage point above the Committee's 2 percent longer-run goal, and longer-term inflation expectations continue to be well anchored.","particular, Committee decided keep target range federal funds rate 0 1/4 percent currently anticipates exceptionally low range federal funds rate appropriate least long unemployment rate remains 6-1/2 percent, inflation one two years ahead projected half percentage point Committee's 2 percent longer-run goal, longer-term inflation expectations continue well anchored.",0,0.538934,0.054818004,0.40624806,-0.13268593,TRUE,"Topic 0: percent, funds, target, committee, rate, federal"
9/18/2013,2013,9/18/2013,18,"In determining how long to maintain a highly accommodative stance of monetary policy, the Committee will also consider other information, including additional measures of labor market conditions, indicators of inflation pressures and inflation expectations, and readings on financial developments.","determining long maintain highly accommodative stance monetary policy, Committee also consider information, including additional measures labor market conditions, indicators inflation pressures inflation expectations, readings financial developments.",0,0.05782456,0.022270165,0.9199053,0.86208075,TRUE,"Topic 0: percent, funds, target, committee, rate, federal"
9/18/2013,2013,9/18/2013,19,"When the Committee decides to begin to remove policy accommodation, it will take a balanced approach consistent with its longer-run goals of maximum employment and inflation of 2 percent.","Committee decides begin remove policy accommodation, take balanced approach consistent longer-run goals maximum employment inflation 2 percent.",14,0.18636101,0.022918658,0.79072034,0.6043593,TRUE,"Topic 14: approach, decides, remove, begin, accommodation, balanced"
10/30/2013,2013,10/30/2013,0,Information received since the Federal Open Market Committee met in September generally suggests that economic activity has continued to expand at a moderate pace.,Information received since Federal Open Market Committee met September generally suggests economic activity continued expand moderate pace.,8,0.94402564,0.021670619,0.034303725,-0.9097219,FALSE,"Topic 8: expanding, suggests, received, met, open, activity"
10/30/2013,2013,10/30/2013,1,"Indicators of labor market conditions have shown some further improvement, but the unemployment rate remains elevated.","Indicators labor market conditions shown improvement, unemployment rate remains elevated.",1,0.9289445,0.05536658,0.015688928,-0.9132556,FALSE,"Topic 1: gains, job, unemployment, received, met, open"
10/30/2013,2013,10/30/2013,2,"Available data suggest that household spending and business fixed investment advanced, while the recovery in the housing sector slowed somewhat in recent months.","Available data suggest household spending business fixed investment advanced, recovery housing sector slowed somewhat recent months.",3,0.63815165,0.31812295,0.043725397,-0.5944263,FALSE,"Topic 3: household, spending, fixed, business, investment, housing"
10/30/2013,2013,10/30/2013,3,Fiscal policy is restraining economic growth.,Fiscal policy restraining economic growth.,-1,0.008180002,0.95583266,0.03598728,0.027807279,FALSE,Topic -1
10/30/2013,2013,10/30/2013,4,"Apart from fluctuations due to changes in energy prices, inflation has been running below the Committee's longer-run objective, but longer-term inflation expectations have remained stable.","Apart fluctuations due changes energy prices, inflation running Committee's longer-run objective, longer-term inflation expectations remained stable.",-1,0.085881725,0.8193352,0.09478302,0.008901298,FALSE,Topic -1
10/30/2013,2013,10/30/2013,5,"Consistent with its statutory mandate, the Committee seeks to foster maximum employment and price stability.","Consistent statutory mandate, Committee seeks foster maximum employment price stability.",4,0.23863597,0.014581954,0.74678206,0.5081461,FALSE,"Topic 4: statutory, foster, seeks, mandate, stability, price"
10/30/2013,2013,10/30/2013,6,"The Committee expects that, with appropriate policy accommodation, economic growth will pick up from its recent pace and the unemployment rate will gradually decline toward levels the Committee judges consistent with its dual mandate.","Committee expects that, appropriate policy accommodation, economic growth pick recent pace unemployment rate gradually decline toward levels Committee judges consistent dual mandate.",0,0.21881337,0.7552854,0.025901232,-0.19291215,TRUE,"Topic 0: percent, funds, target, committee, rate, federal"
10/30/2013,2013,10/30/2013,7,"The Committee sees the downside risks to the outlook for the economy and the labor market as having diminished, on net, since last fall.","Committee sees downside risks outlook economy labor market diminished, net, since last fall.",16,0.07469131,0.9030059,0.02230274,-0.05238857,FALSE,"Topic 16: downside, strains, significant, risks, global, pose"
10/30/2013,2013,10/30/2013,8,"The Committee recognizes that inflation persistently below its 2 percent objective could pose risks to economic performance, but it anticipates that inflation will move back toward its objective over the medium term.","Committee recognizes inflation persistently 2 percent objective could pose risks economic performance, anticipates inflation move back toward objective medium term.",-1,0.67854273,0.27761522,0.043842044,-0.6347007,TRUE,Topic -1
10/30/2013,2013,10/30/2013,9,"Taking into account the extent of federal fiscal retrenchment over the past year, the Committee sees the improvement in economic activity and labor market conditions since it began its asset purchase program as consistent with growing underlying strength in the broader economy.","Taking account extent federal fiscal retrenchment past year, Committee sees improvement economic activity labor market conditions since began asset purchase program consistent growing underlying strength broader economy.",-1,0.94356596,0.015722297,0.040711734,-0.9028542,FALSE,Topic -1
10/30/2013,2013,10/30/2013,10,"However, the Committee decided to await more evidence that progress will be sustained before adjusting the pace of its purchases.","However, Committee decided await evidence progress sustained adjusting pace purchases.",0,0.8023512,0.02075946,0.17688936,-0.6254618,TRUE,"Topic 0: percent, funds, target, committee, rate, federal"
10/30/2013,2013,10/30/2013,11,"Accordingly, the Committee decided to continue purchasing additional agency mortgage-backed securities at a pace of $40 billion per month and longer-term Treasury securities at a pace of $45 billion per month.","Accordingly, Committee decided continue purchasing additional agency mortgage-backed securities pace $40 billion per month longer-term Treasury securities pace $45 billion per month.",2,0.26201132,0.017618021,0.72037065,0.45835933,FALSE,"Topic 2: agency, securities, mortgagebacked, treasury, principal, payments"
10/30/2013,2013,10/30/2013,12,The Committee is maintaining its existing policy of reinvesting principal payments from its holdings of agency debt and agency mortgage-backed securities in agency mortgage-backed securities and of rolling over maturing Treasury securities at auction.,Committee maintaining existing policy reinvesting principal payments holdings agency debt agency mortgage-backed securities agency mortgage-backed securities rolling maturing Treasury securities auction.,2,0.050884582,0.03078063,0.9183348,0.8674502,FALSE,"Topic 2: agency, securities, mortgagebacked, treasury, principal, payments"
10/30/2013,2013,10/30/2013,13,"Taken together, these actions should maintain downward pressure on longer-term interest rates, support mortgage markets, and help to make broader financial conditions more accommodative, which in turn should promote a stronger economic recovery and help to ensure that inflation, over time, is at the rate most consistent with the Committee's dual mandate.","Taken together, actions maintain downward pressure longer-term interest rates, support mortgage markets, help make broader financial conditions accommodative, turn promote stronger economic recovery help ensure inflation, time, rate consistent Committee's dual mandate.",22,0.87221766,0.012003268,0.11577911,-0.75643855,TRUE,"Topic 22: downward, make, pressure, help, mortgage, broader"
10/30/2013,2013,10/30/2013,14,"The Committee will closely monitor incoming information on economic and financial developments in coming months and will continue its purchases of Treasury and agency mortgage-backed securities, and employ its other policy tools as appropriate, until the outlook for the labor market has improved substantially in a context of price stability.","Committee closely monitor incoming information economic financial developments coming months continue purchases Treasury agency mortgage-backed securities, employ policy tools appropriate, outlook labor market improved substantially context price stability.",0,0.73402923,0.01416033,0.25181043,-0.4822188,TRUE,"Topic 0: percent, funds, target, committee, rate, federal"
10/30/2013,2013,10/30/2013,15,"In judging when to moderate the pace of asset purchases, the Committee will, at its coming meetings, assess whether incoming information continues to support the Committee's expectation of ongoing improvement in labor market conditions and inflation moving back toward its longer-run objective.","judging moderate pace asset purchases, Committee will, coming meetings, assess whether incoming information continues support Committee's expectation ongoing improvement labor market conditions inflation moving back toward longer-run objective.",0,0.93312097,0.018446414,0.04843272,-0.88468826,TRUE,"Topic 0: percent, funds, target, committee, rate, federal"
10/30/2013,2013,10/30/2013,16,"Asset purchases are not on a preset course, and the Committee's decisions about their pace will remain contingent on the Committee's economic outlook as well as its assessment of the likely efficacy and costs of such purchases.","Asset purchases preset course, Committee's decisions pace remain contingent Committee's economic outlook well assessment likely efficacy costs purchases.",27,0.04869836,0.019631535,0.9316701,0.88297176,TRUE,"Topic 27: purchases, efficacy, costs, decisions, contingent, preset"
10/30/2013,2013,10/30/2013,17,"To support continued progress toward maximum employment and price stability, the Committee today reaffirmed its view that a highly accommodative stance of monetary policy will remain appropriate for a considerable time after the asset purchase program ends and the economic recovery strengthens.","support continued progress toward maximum employment price stability, Committee today reaffirmed view highly accommodative stance monetary policy remain appropriate considerable time asset purchase program ends economic recovery strengthens.",0,0.8870469,0.013621869,0.0993313,-0.78771555,TRUE,"Topic 0: percent, funds, target, committee, rate, federal"
10/30/2013,2013,10/30/2013,18,"In particular, the Committee decided to keep the target range for the federal funds rate at 0 to 1/4 percent and currently anticipates that this exceptionally low range for the federal funds rate will be appropriate at least as long as the unemployment rate remains above 6-1/2 percent, inflation between one and two years ahead is projected to be no more than a half percentage point above the Committee's 2 percent longer-run goal, and longer-term inflation expectations continue to be well anchored.","particular, Committee decided keep target range federal funds rate 0 1/4 percent currently anticipates exceptionally low range federal funds rate appropriate least long unemployment rate remains 6-1/2 percent, inflation one two years ahead projected half percentage point Committee's 2 percent longer-run goal, longer-term inflation expectations continue well anchored.",0,0.538934,0.054818004,0.40624806,-0.13268593,TRUE,"Topic 0: percent, funds, target, committee, rate, federal"
10/30/2013,2013,10/30/2013,19,"In determining how long to maintain a highly accommodative stance of monetary policy, the Committee will also consider other information, including additional measures of labor market conditions, indicators of inflation pressures and inflation expectations, and readings on financial developments.","determining long maintain highly accommodative stance monetary policy, Committee also consider information, including additional measures labor market conditions, indicators inflation pressures inflation expectations, readings financial developments.",0,0.05782456,0.022270165,0.9199053,0.86208075,TRUE,"Topic 0: percent, funds, target, committee, rate, federal"
10/30/2013,2013,10/30/2013,20,"When the Committee decides to begin to remove policy accommodation, it will take a balanced approach consistent with its longer-run goals of maximum employment and inflation of 2 percent.","Committee decides begin remove policy accommodation, take balanced approach consistent longer-run goals maximum employment inflation 2 percent.",14,0.18636101,0.022918658,0.79072034,0.6043593,TRUE,"Topic 14: approach, decides, remove, begin, accommodation, balanced"
12/18/2013,2013,12/18/2013,0,Information received since the Federal Open Market Committee met in October indicates that economic activity is expanding at a moderate pace.,Information received since Federal Open Market Committee met October indicates economic activity expanding moderate pace.,8,0.9450809,0.020923728,0.033995293,-0.9110856,FALSE,"Topic 8: expanding, suggests, received, met, open, activity"
12/18/2013,2013,12/18/2013,1,Labor market conditions have shown further improvement; the unemployment rate has declined but remains elevated.,Labor market conditions shown improvement; unemployment rate declined remains elevated.,1,0.9209553,0.061385147,0.017659564,-0.90329576,FALSE,"Topic 1: gains, job, unemployment, received, met, open"
12/18/2013,2013,12/18/2013,2,"Household spending and business fixed investment advanced, while the recovery in the housing sector slowed somewhat in recent months.","Household spending business fixed investment advanced, recovery housing sector slowed somewhat recent months.",3,0.3072095,0.6355084,0.057282086,-0.2499274,FALSE,"Topic 3: household, spending, fixed, business, investment, housing"
12/18/2013,2013,12/18/2013,3,"Fiscal policy is restraining economic growth, although the extent of restraint may be diminishing.","Fiscal policy restraining economic growth, although extent restraint may diminishing.",-1,0.016651524,0.94186026,0.041488096,0.024836572,TRUE,Topic -1
12/18/2013,2013,12/18/2013,4,"Inflation has been running below the Committee's longer-run objective, but longer-term inflation expectations have remained stable.","Inflation running Committee's longer-run objective, longer-term inflation expectations remained stable.",-1,0.08220417,0.8499406,0.06785516,-0.014349014,FALSE,Topic -1
12/18/2013,2013,12/18/2013,5,"Consistent with its statutory mandate, the Committee seeks to foster maximum employment and price stability.","Consistent statutory mandate, Committee seeks foster maximum employment price stability.",4,0.23863597,0.014581954,0.74678206,0.5081461,FALSE,"Topic 4: statutory, foster, seeks, mandate, stability, price"
12/18/2013,2013,12/18/2013,6,"The Committee expects that, with appropriate policy accommodation, economic growth will pick up from its recent pace and the unemployment rate will gradually decline toward levels the Committee judges consistent with its dual mandate.","Committee expects that, appropriate policy accommodation, economic growth pick recent pace unemployment rate gradually decline toward levels Committee judges consistent dual mandate.",0,0.21881337,0.7552854,0.025901232,-0.19291215,TRUE,"Topic 0: percent, funds, target, committee, rate, federal"
12/18/2013,2013,12/18/2013,7,The Committee sees the risks to the outlook for the economy and the labor market as having become more nearly balanced.,Committee sees risks outlook economy labor market become nearly balanced.,30,0.8107018,0.07722521,0.11207298,-0.6986288,FALSE,"Topic 30: nearly, balanced, risks, sees, outlook, activity"
12/18/2013,2013,12/18/2013,8,"The Committee recognizes that inflation persistently below its 2 percent objective could pose risks to economic performance, and it is monitoring inflation developments carefully for evidence that inflation will move back toward its objective over the medium term.","Committee recognizes inflation persistently 2 percent objective could pose risks economic performance, monitoring inflation developments carefully evidence inflation move back toward objective medium term.",-1,0.4259708,0.48323402,0.09079527,-0.3351755,TRUE,Topic -1
12/18/2013,2013,12/18/2013,9,"Taking into account the extent of federal fiscal retrenchment since the inception of its current asset purchase program, the Committee sees the improvement in economic activity and labor market conditions over that period as consistent with growing underlying strength in the broader economy.","Taking account extent federal fiscal retrenchment since inception current asset purchase program, Committee sees improvement economic activity labor market conditions period consistent growing underlying strength broader economy.",-1,0.94131523,0.015636105,0.043048717,-0.8982665,FALSE,Topic -1
12/18/2013,2013,12/18/2013,10,"In light of the cumulative progress toward maximum employment and the improvement in the outlook for labor market conditions, the Committee decided to modestly reduce the pace of its asset purchases.","light cumulative progress toward maximum employment improvement outlook labor market conditions, Committee decided modestly reduce pace asset purchases.",36,0.36959204,0.40012956,0.23027836,-0.13931368,FALSE,"Topic 36: asset, purchases, cumulative, reduction, light, measured"
12/18/2013,2013,12/18/2013,11,"Beginning in January, the Committee will add to its holdings of agency mortgage-backed securities at a pace of $35 billion per month rather than $40 billion per month, and will add to its holdings of longer-term Treasury securities at a pace of $40 billion per month rather than $45 billion per month.","Beginning January, Committee add holdings agency mortgage-backed securities pace $35 billion per month rather $40 billion per month, add holdings longer-term Treasury securities pace $40 billion per month rather $45 billion per month.",23,0.15318656,0.015247634,0.8315658,0.67837924,TRUE,"Topic 23: month, billion, add, holdings, 40, securities"
12/18/2013,2013,12/18/2013,12,The Committee is maintaining its existing policy of reinvesting principal payments from its holdings of agency debt and agency mortgage-backed securities in agency mortgage-backed securities and of rolling over maturing Treasury securities at auction.,Committee maintaining existing policy reinvesting principal payments holdings agency debt agency mortgage-backed securities agency mortgage-backed securities rolling maturing Treasury securities auction.,2,0.050884582,0.03078063,0.9183348,0.8674502,FALSE,"Topic 2: agency, securities, mortgagebacked, treasury, principal, payments"
12/18/2013,2013,12/18/2013,13,"The Committee's sizable and still-increasing holdings of longer-term securities should maintain downward pressure on longer-term interest rates, support mortgage markets, and help to make broader financial conditions more accommodative, which in turn should promote a stronger economic recovery and help to ensure that inflation, over time, is at the rate most consistent with the Committee's dual mandate.","Committee's sizable still-increasing holdings longer-term securities maintain downward pressure longer-term interest rates, support mortgage markets, help make broader financial conditions accommodative, turn promote stronger economic recovery help ensure inflation, time, rate consistent Committee's dual mandate.",22,0.9007596,0.011806484,0.08743395,-0.81332564,TRUE,"Topic 22: downward, make, pressure, help, mortgage, broader"
12/18/2013,2013,12/18/2013,14,"The Committee will closely monitor incoming information on economic and financial developments in coming months and will continue its purchases of Treasury and agency mortgage-backed securities, and employ its other policy tools as appropriate, until the outlook for the labor market has improved substantially in a context of price stability.","Committee closely monitor incoming information economic financial developments coming months continue purchases Treasury agency mortgage-backed securities, employ policy tools appropriate, outlook labor market improved substantially context price stability.",0,0.73402923,0.01416033,0.25181043,-0.4822188,TRUE,"Topic 0: percent, funds, target, committee, rate, federal"
12/18/2013,2013,12/18/2013,15,"If incoming information broadly supports the Committee's expectation of ongoing improvement in labor market conditions and inflation moving back toward its longer-run objective, the Committee will likely reduce the pace of asset purchases in further measured steps at future meetings.","incoming information broadly supports Committee's expectation ongoing improvement labor market conditions inflation moving back toward longer-run objective, Committee likely reduce pace asset purchases measured steps future meetings.",0,0.12999897,0.35498503,0.515016,0.38501704,TRUE,"Topic 0: percent, funds, target, committee, rate, federal"
12/18/2013,2013,12/18/2013,16,"However, asset purchases are not on a preset course, and the Committee's decisions about their pace will remain contingent on the Committee's outlook for the labor market and inflation as well as its assessment of the likely efficacy and costs of such purchases.","However, asset purchases preset course, Committee's decisions pace remain contingent Committee's outlook labor market inflation well assessment likely efficacy costs purchases.",27,0.060053397,0.023330536,0.9166161,0.8565627,TRUE,"Topic 27: purchases, efficacy, costs, decisions, contingent, preset"
12/18/2013,2013,12/18/2013,17,"To support continued progress toward maximum employment and price stability, the Committee today reaffirmed its view that a highly accommodative stance of monetary policy will remain appropriate for a considerable time after the asset purchase program ends and the economic recovery strengthens.","support continued progress toward maximum employment price stability, Committee today reaffirmed view highly accommodative stance monetary policy remain appropriate considerable time asset purchase program ends economic recovery strengthens.",0,0.8870469,0.013621869,0.0993313,-0.78771555,TRUE,"Topic 0: percent, funds, target, committee, rate, federal"
12/18/2013,2013,12/18/2013,18,"The Committee also reaffirmed its expectation that the current exceptionally low target range for the federal funds rate of 0 to 1/4 percent will be appropriate at least as long as the unemployment rate remains above 6-1/2 percent, inflation between one and two years ahead is projected to be no more than a half percentage point above the Committee's 2 percent longer-run goal, and longer-term inflation expectations continue to be well anchored.","Committee also reaffirmed expectation current exceptionally low target range federal funds rate 0 1/4 percent appropriate least long unemployment rate remains 6-1/2 percent, inflation one two years ahead projected half percentage point Committee's 2 percent longer-run goal, longer-term inflation expectations continue well anchored.",0,0.8287508,0.032289788,0.13895945,-0.6897913,TRUE,"Topic 0: percent, funds, target, committee, rate, federal"
12/18/2013,2013,12/18/2013,19,"In determining how long to maintain a highly accommodative stance of monetary policy, the Committee will also consider other information, including additional measures of labor market conditions, indicators of inflation pressures and inflation expectations, and readings on financial developments.","determining long maintain highly accommodative stance monetary policy, Committee also consider information, including additional measures labor market conditions, indicators inflation pressures inflation expectations, readings financial developments.",0,0.05782456,0.022270165,0.9199053,0.86208075,TRUE,"Topic 0: percent, funds, target, committee, rate, federal"
12/18/2013,2013,12/18/2013,20,"The Committee now anticipates, based on its assessment of these factors, that it likely will be appropriate to maintain the current target range for the federal funds rate well past the time that the unemployment rate declines below 6-1/2 percent, especially if projected inflation continues to run below the Committee's 2 percent longer-run goal.","Committee anticipates, based assessment factors, likely appropriate maintain current target range federal funds rate well past time unemployment rate declines 6-1/2 percent, especially projected inflation continues run Committee's 2 percent longer-run goal.",0,0.45127523,0.1580372,0.39068758,-0.060587645,TRUE,"Topic 0: percent, funds, target, committee, rate, federal"
12/18/2013,2013,12/18/2013,21,"When the Committee decides to begin to remove policy accommodation, it will take a balanced approach consistent with its longer-run goals of maximum employment and inflation of 2 percent.","Committee decides begin remove policy accommodation, take balanced approach consistent longer-run goals maximum employment inflation 2 percent.",14,0.18636101,0.022918658,0.79072034,0.6043593,TRUE,"Topic 14: approach, decides, remove, begin, accommodation, balanced"
1/29/2014,2014,1/29/2014,0,Information received since the Federal Open Market Committee met in December indicates that growth in economic activity picked up in recent quarters.,Information received since Federal Open Market Committee met December indicates growth economic activity picked recent quarters.,1,0.94893014,0.022056364,0.029013468,-0.9199167,FALSE,"Topic 1: gains, job, unemployment, received, met, open"
1/29/2014,2014,1/29/2014,1,Labor market indicators were mixed but on balance showed further improvement.,Labor market indicators mixed balance showed improvement.,1,0.94662505,0.034434948,0.018939896,-0.92768514,FALSE,"Topic 1: gains, job, unemployment, received, met, open"
1/29/2014,2014,1/29/2014,2,The unemployment rate declined but remains elevated.,unemployment rate declined remains elevated.,40,0.40353817,0.5587444,0.037717473,-0.3658207,FALSE,"Topic 40: elevated, unemployment, remains, slow, weakness, rate"
1/29/2014,2014,1/29/2014,3,"Household spending and business fixed investment advanced more quickly in recent months, while the recovery in the housing sector slowed somewhat.","Household spending business fixed investment advanced quickly recent months, recovery housing sector slowed somewhat.",3,0.6882606,0.2281923,0.083547056,-0.60471356,FALSE,"Topic 3: household, spending, fixed, business, investment, housing"
1/29/2014,2014,1/29/2014,4,"Fiscal policy is restraining economic growth, although the extent of restraint is diminishing.","Fiscal policy restraining economic growth, although extent restraint diminishing.",-1,0.017988116,0.9485587,0.03345322,0.015465103,FALSE,Topic -1
1/29/2014,2014,1/29/2014,5,"Inflation has been running below the Committee's longer-run objective, but longer-term inflation expectations have remained stable.","Inflation running Committee's longer-run objective, longer-term inflation expectations remained stable.",-1,0.08220417,0.8499406,0.06785516,-0.014349014,FALSE,Topic -1
1/29/2014,2014,1/29/2014,6,"Consistent with its statutory mandate, the Committee seeks to foster maximum employment and price stability.","Consistent statutory mandate, Committee seeks foster maximum employment price stability.",4,0.23863597,0.014581954,0.74678206,0.5081461,FALSE,"Topic 4: statutory, foster, seeks, mandate, stability, price"
1/29/2014,2014,1/29/2014,7,"The Committee expects that, with appropriate policy accommodation, economic activity will expand at a moderate pace and the unemployment rate will gradually decline toward levels the Committee judges consistent with its dual mandate.","Committee expects that, appropriate policy accommodation, economic activity expand moderate pace unemployment rate gradually decline toward levels Committee judges consistent dual mandate.",0,0.080329664,0.89624304,0.023427347,-0.05690232,TRUE,"Topic 0: percent, funds, target, committee, rate, federal"
1/29/2014,2014,1/29/2014,8,The Committee sees the risks to the outlook for the economy and the labor market as having become more nearly balanced.,Committee sees risks outlook economy labor market become nearly balanced.,30,0.8107018,0.07722521,0.11207298,-0.6986288,FALSE,"Topic 30: nearly, balanced, risks, sees, outlook, activity"
1/29/2014,2014,1/29/2014,9,"The Committee recognizes that inflation persistently below its 2 percent objective could pose risks to economic performance, and it is monitoring inflation developments carefully for evidence that inflation will move back toward its objective over the medium term.","Committee recognizes inflation persistently 2 percent objective could pose risks economic performance, monitoring inflation developments carefully evidence inflation move back toward objective medium term.",-1,0.4259708,0.48323402,0.09079527,-0.3351755,TRUE,Topic -1
1/29/2014,2014,1/29/2014,10,"Taking into account the extent of federal fiscal retrenchment since the inception of its current asset purchase program, the Committee continues to see the improvement in economic activity and labor market conditions over that period as consistent with growing underlying strength in the broader economy.","Taking account extent federal fiscal retrenchment since inception current asset purchase program, Committee continues see improvement economic activity labor market conditions period consistent growing underlying strength broader economy.",0,0.9382376,0.015043874,0.046718605,-0.891519,FALSE,"Topic 0: percent, funds, target, committee, rate, federal"
1/29/2014,2014,1/29/2014,11,"In light of the cumulative progress toward maximum employment and the improvement in the outlook for labor market conditions, the Committee decided to make a further measured reduction in the pace of its asset purchases.","light cumulative progress toward maximum employment improvement outlook labor market conditions, Committee decided make measured reduction pace asset purchases.",36,0.46858537,0.41729,0.11412456,-0.3544608,FALSE,"Topic 36: asset, purchases, cumulative, reduction, light, measured"
1/29/2014,2014,1/29/2014,12,"Beginning in February, the Committee will add to its holdings of agency mortgage-backed securities at a pace of $30 billion per month rather than $35 billion per month, and will add to its holdings of longer-term Treasury securities at a pace of $35 billion per month rather than $40 billion per month.","Beginning February, Committee add holdings agency mortgage-backed securities pace $30 billion per month rather $35 billion per month, add holdings longer-term Treasury securities pace $35 billion per month rather $40 billion per month.",23,0.14859405,0.015267527,0.8361384,0.68754435,TRUE,"Topic 23: month, billion, add, holdings, 40, securities"
1/29/2014,2014,1/29/2014,13,The Committee is maintaining its existing policy of reinvesting principal payments from its holdings of agency debt and agency mortgage-backed securities in agency mortgage-backed securities and of rolling over maturing Treasury securities at auction.,Committee maintaining existing policy reinvesting principal payments holdings agency debt agency mortgage-backed securities agency mortgage-backed securities rolling maturing Treasury securities auction.,2,0.050884582,0.03078063,0.9183348,0.8674502,FALSE,"Topic 2: agency, securities, mortgagebacked, treasury, principal, payments"
1/29/2014,2014,1/29/2014,14,"The Committee's sizable and still-increasing holdings of longer-term securities should maintain downward pressure on longer-term interest rates, support mortgage markets, and help to make broader financial conditions more accommodative, which in turn should promote a stronger economic recovery and help to ensure that inflation, over time, is at the rate most consistent with the Committee's dual mandate.","Committee's sizable still-increasing holdings longer-term securities maintain downward pressure longer-term interest rates, support mortgage markets, help make broader financial conditions accommodative, turn promote stronger economic recovery help ensure inflation, time, rate consistent Committee's dual mandate.",22,0.9007596,0.011806484,0.08743395,-0.81332564,TRUE,"Topic 22: downward, make, pressure, help, mortgage, broader"
1/29/2014,2014,1/29/2014,15,"The Committee will closely monitor incoming information on economic and financial developments in coming months and will continue its purchases of Treasury and agency mortgage-backed securities, and employ its other  policy tools as appropriate, until the outlook for the labor market has improved substantially in a context of price stability.","Committee closely monitor incoming information economic financial developments coming months continue purchases Treasury agency mortgage-backed securities, employ policy tools appropriate, outlook labor market improved substantially context price stability.",0,0.73402923,0.01416033,0.25181043,-0.4822188,TRUE,"Topic 0: percent, funds, target, committee, rate, federal"
1/29/2014,2014,1/29/2014,16,"If incoming information broadly supports the Committee's expectation of ongoing improvement in labor market conditions and inflation moving back toward its longer-run objective, the Committee will likely reduce the pace of asset purchases in further measured steps at future meetings.","incoming information broadly supports Committee's expectation ongoing improvement labor market conditions inflation moving back toward longer-run objective, Committee likely reduce pace asset purchases measured steps future meetings.",0,0.12999897,0.35498503,0.515016,0.38501704,TRUE,"Topic 0: percent, funds, target, committee, rate, federal"
1/29/2014,2014,1/29/2014,17,"However, asset purchases are not on a preset course, and the Committee's decisions about their pace will remain contingent on the Committee's outlook for the labor market and inflation as well as its assessment of the likely efficacy and costs of such purchases.","However, asset purchases preset course, Committee's decisions pace remain contingent Committee's outlook labor market inflation well assessment likely efficacy costs purchases.",27,0.060053397,0.023330536,0.9166161,0.8565627,TRUE,"Topic 27: purchases, efficacy, costs, decisions, contingent, preset"
1/29/2014,2014,1/29/2014,18,"To support continued progress toward maximum employment and price stability, the Committee today reaffirmed its view that a highly accommodative stance of monetary policy will remain appropriate for a considerable time after the asset purchase program ends and the economic recovery strengthens.","support continued progress toward maximum employment price stability, Committee today reaffirmed view highly accommodative stance monetary policy remain appropriate considerable time asset purchase program ends economic recovery strengthens.",0,0.8870469,0.013621869,0.0993313,-0.78771555,TRUE,"Topic 0: percent, funds, target, committee, rate, federal"
1/29/2014,2014,1/29/2014,19,"The Committee also reaffirmed its expectation that the current exceptionally low target range for the federal funds rate of 0 to 1/4 percent will be appropriate at least as long as the unemployment rate remains above 6-1/2 percent, inflation between one and two years ahead is projected to be no more than a half percentage point above the Committee's 2 percent longer-run goal, and longer-term inflation expectations continue to be well anchored.","Committee also reaffirmed expectation current exceptionally low target range federal funds rate 0 1/4 percent appropriate least long unemployment rate remains 6-1/2 percent, inflation one two years ahead projected half percentage point Committee's 2 percent longer-run goal, longer-term inflation expectations continue well anchored.",0,0.8287508,0.032289788,0.13895945,-0.6897913,TRUE,"Topic 0: percent, funds, target, committee, rate, federal"
1/29/2014,2014,1/29/2014,20,"In determining how long to maintain a highly accommodative stance of monetary policy, the Committee will also consider other information, including additional measures of labor market conditions, indicators of inflation pressures and inflation expectations, and readings on financial developments.","determining long maintain highly accommodative stance monetary policy, Committee also consider information, including additional measures labor market conditions, indicators inflation pressures inflation expectations, readings financial developments.",0,0.05782456,0.022270165,0.9199053,0.86208075,TRUE,"Topic 0: percent, funds, target, committee, rate, federal"
1/29/2014,2014,1/29/2014,21,"The Committee continues to anticipate, based on its assessment of these factors, that it likely will be appropriate to maintain the current target range for the federal funds rate well past the time that the unemployment rate declines below 6-1/2 percent, especially if projected inflation continues to run below the Committee's 2 percent longer-run goal.","Committee continues anticipate, based assessment factors, likely appropriate maintain current target range federal funds rate well past time unemployment rate declines 6-1/2 percent, especially projected inflation continues run Committee's 2 percent longer-run goal.",0,0.51586175,0.16473897,0.31939933,-0.19646242,TRUE,"Topic 0: percent, funds, target, committee, rate, federal"
1/29/2014,2014,1/29/2014,22,"When the Committee decides to begin to remove policy accommodation, it will take a balanced approach consistent with its longer-run goals of maximum employment and inflation of 2 percent.","Committee decides begin remove policy accommodation, take balanced approach consistent longer-run goals maximum employment inflation 2 percent.",14,0.18636101,0.022918658,0.79072034,0.6043593,TRUE,"Topic 14: approach, decides, remove, begin, accommodation, balanced"
3/19/2014,2014,3/19/2014,0,"Information received since the Federal Open Market Committee met in January indicates that growth in economic activity slowed during the winter months, in part reflecting adverse weather conditions.","Information received since Federal Open Market Committee met January indicates growth economic activity slowed winter months, part reflecting adverse weather conditions.",1,0.018098626,0.96253866,0.019362798,0.001264172,FALSE,"Topic 1: gains, job, unemployment, received, met, open"
3/19/2014,2014,3/19/2014,1,Labor market indicators were mixed but on balance showed further improvement.,Labor market indicators mixed balance showed improvement.,1,0.94662505,0.034434948,0.018939896,-0.92768514,FALSE,"Topic 1: gains, job, unemployment, received, met, open"
3/19/2014,2014,3/19/2014,2,"The unemployment rate, however, remains elevated.","unemployment rate, however, remains elevated.",40,0.13795935,0.8192332,0.042807512,-0.095151834,FALSE,"Topic 40: elevated, unemployment, remains, slow, weakness, rate"
3/19/2014,2014,3/19/2014,3,"Household spending and business fixed investment continued to advance, while the recovery in the housing sector remained slow.","Household spending business fixed investment continued advance, recovery housing sector remained slow.",3,0.5939652,0.33757177,0.06846305,-0.52550215,FALSE,"Topic 3: household, spending, fixed, business, investment, housing"
3/19/2014,2014,3/19/2014,4,"Fiscal policy is restraining economic growth, although the extent of restraint is diminishing.","Fiscal policy restraining economic growth, although extent restraint diminishing.",-1,0.017988116,0.9485587,0.03345322,0.015465103,FALSE,Topic -1
3/19/2014,2014,3/19/2014,5,"Inflation has been running below the Committee's longer-run objective, but longer-term inflation expectations have remained stable.","Inflation running Committee's longer-run objective, longer-term inflation expectations remained stable.",-1,0.08220417,0.8499406,0.06785516,-0.014349014,FALSE,Topic -1
3/19/2014,2014,3/19/2014,6,"Consistent with its statutory mandate, the Committee seeks to foster maximum employment and price stability.","Consistent statutory mandate, Committee seeks foster maximum employment price stability.",4,0.23863597,0.014581954,0.74678206,0.5081461,FALSE,"Topic 4: statutory, foster, seeks, mandate, stability, price"
3/19/2014,2014,3/19/2014,7,"The Committee expects that, with appropriate policy accommodation, economic activity will expand at a moderate pace and labor market conditions will continue to improve gradually, moving toward those the Committee judges consistent with its dual mandate.","Committee expects that, appropriate policy accommodation, economic activity expand moderate pace labor market conditions continue improve gradually, moving toward Committee judges consistent dual mandate.",0,0.93661934,0.0126035,0.05077726,-0.8858421,TRUE,"Topic 0: percent, funds, target, committee, rate, federal"
3/19/2014,2014,3/19/2014,8,The Committee sees the risks to the outlook for the economy and the labor market as nearly balanced.,Committee sees risks outlook economy labor market nearly balanced.,30,0.5989709,0.04824855,0.35278046,-0.24619043,FALSE,"Topic 30: nearly, balanced, risks, sees, outlook, activity"
3/19/2014,2014,3/19/2014,9,"The Committee recognizes that inflation persistently below its 2 percent objective could pose risks to economic performance, and it is monitoring inflation developments carefully for evidence that inflation will move back toward its objective over the medium term.","Committee recognizes inflation persistently 2 percent objective could pose risks economic performance, monitoring inflation developments carefully evidence inflation move back toward objective medium term.",-1,0.4259708,0.48323402,0.09079527,-0.3351755,TRUE,Topic -1
3/19/2014,2014,3/19/2014,10,The Committee currently judges that there is sufficient underlying strength in the broader economy to support ongoing improvement in labor market conditions.,Committee currently judges sufficient underlying strength broader economy support ongoing improvement labor market conditions.,0,0.9393786,0.017091228,0.043530114,-0.8958485,FALSE,"Topic 0: percent, funds, target, committee, rate, federal"
3/19/2014,2014,3/19/2014,11,"In light of the cumulative progress toward maximum employment and the improvement in the outlook for labor market conditions since the inception of the current asset purchase program, the Committee decided to make a further measured reduction in the pace of its asset purchases.","light cumulative progress toward maximum employment improvement outlook labor market conditions since inception current asset purchase program, Committee decided make measured reduction pace asset purchases.",36,0.39481872,0.45722154,0.14795977,-0.24685895,FALSE,"Topic 36: asset, purchases, cumulative, reduction, light, measured"
3/19/2014,2014,3/19/2014,12,"Beginning in April, the Committee will add to its holdings of agency mortgage-backed securities at a pace of $25 billion per month rather than $30 billion per month, and will add to its holdings of longer-term Treasury securities at a pace of $30 billion per month rather than $35 billion per month.","Beginning April, Committee add holdings agency mortgage-backed securities pace $25 billion per month rather $30 billion per month, add holdings longer-term Treasury securities pace $30 billion per month rather $35 billion per month.",23,0.14719093,0.015191668,0.83761734,0.6904264,TRUE,"Topic 23: month, billion, add, holdings, 40, securities"
3/19/2014,2014,3/19/2014,13,The Committee is maintaining its existing policy of reinvesting principal payments from its holdings of agency debt and agency mortgage-backed securities in agency mortgage-backed securities and of rolling over maturing Treasury securities at auction.,Committee maintaining existing policy reinvesting principal payments holdings agency debt agency mortgage-backed securities agency mortgage-backed securities rolling maturing Treasury securities auction.,2,0.050884582,0.03078063,0.9183348,0.8674502,FALSE,"Topic 2: agency, securities, mortgagebacked, treasury, principal, payments"
3/19/2014,2014,3/19/2014,14,"The Committee's sizable and still-increasing holdings of longer-term securities should maintain downward pressure on longer-term interest rates, support mortgage markets, and help to make broader financial conditions more accommodative, which in turn should promote a stronger economic recovery and help to ensure that inflation, over time, is at the rate most consistent with the Committee's dual mandate.","Committee's sizable still-increasing holdings longer-term securities maintain downward pressure longer-term interest rates, support mortgage markets, help make broader financial conditions accommodative, turn promote stronger economic recovery help ensure inflation, time, rate consistent Committee's dual mandate.",22,0.9007596,0.011806484,0.08743395,-0.81332564,TRUE,"Topic 22: downward, make, pressure, help, mortgage, broader"
3/19/2014,2014,3/19/2014,15,"The Committee will closely monitor incoming information on economic and financial developments in coming months and will continue its purchases of Treasury and agency mortgage-backed securities, and employ its other policy tools as appropriate, until the outlook for the labor market has improved substantially in a context of price stability.","Committee closely monitor incoming information economic financial developments coming months continue purchases Treasury agency mortgage-backed securities, employ policy tools appropriate, outlook labor market improved substantially context price stability.",0,0.73402923,0.01416033,0.25181043,-0.4822188,TRUE,"Topic 0: percent, funds, target, committee, rate, federal"
3/19/2014,2014,3/19/2014,16,"If incoming information broadly supports the Committee's expectation of ongoing improvement in labor market conditions and inflation moving back toward its longer-run objective, the Committee will likely reduce the pace of asset purchases in further measured steps at future meetings.","incoming information broadly supports Committee's expectation ongoing improvement labor market conditions inflation moving back toward longer-run objective, Committee likely reduce pace asset purchases measured steps future meetings.",0,0.12999897,0.35498503,0.515016,0.38501704,TRUE,"Topic 0: percent, funds, target, committee, rate, federal"
3/19/2014,2014,3/19/2014,17,"However, asset purchases are not on a preset course, and the Committee's decisions about their pace will remain contingent on the Committee's outlook for the labor market and inflation as well as its assessment of the likely efficacy and costs of such purchases.","However, asset purchases preset course, Committee's decisions pace remain contingent Committee's outlook labor market inflation well assessment likely efficacy costs purchases.",27,0.060053397,0.023330536,0.9166161,0.8565627,TRUE,"Topic 27: purchases, efficacy, costs, decisions, contingent, preset"
3/19/2014,2014,3/19/2014,18,"To support continued progress toward maximum employment and price stability, the Committee today reaffirmed its view that a highly accommodative stance of monetary policy remains appropriate.","support continued progress toward maximum employment price stability, Committee today reaffirmed view highly accommodative stance monetary policy remains appropriate.",0,0.8740919,0.01452869,0.11137938,-0.76271254,TRUE,"Topic 0: percent, funds, target, committee, rate, federal"
3/19/2014,2014,3/19/2014,19,"In determining how long to maintain the current 0 to 1/4 percent target range for the federal funds rate, the Committee will assess progress--both realized and expected--toward its objectives of maximum employment and 2 percent inflation.","determining long maintain current 0 1/4 percent target range federal funds rate, Committee assess progress--both realized expected--toward objectives maximum employment 2 percent inflation.",0,0.45873654,0.02232544,0.518938,0.060201466,TRUE,"Topic 0: percent, funds, target, committee, rate, federal"
3/19/2014,2014,3/19/2014,20,"This assessment will take into account a wide range of information, including measures of labor market conditions, indicators of inflation pressures and inflation expectations, and readings on financial developments.","assessment take account wide range information, including measures labor market conditions, indicators inflation pressures inflation expectations, readings financial developments.",5,0.06296822,0.017887939,0.91914386,0.85617566,TRUE,"Topic 5: assessment, wide, readings, international, account, pressures"
3/19/2014,2014,3/19/2014,21,"The Committee continues to anticipate, based on its assessment of these factors, that it likely will be appropriate to maintain the current target range for the federal funds rate for a considerable time after the asset purchase program ends, especially if projected inflation continues to run below the Committee's 2 percent longer-run goal, and provided that longer-term inflation expectations remain well anchored.","Committee continues anticipate, based assessment factors, likely appropriate maintain current target range federal funds rate considerable time asset purchase program ends, especially projected inflation continues run Committee's 2 percent longer-run goal, provided longer-term inflation expectations remain well anchored.",0,0.80844474,0.023359394,0.16819592,-0.64024884,TRUE,"Topic 0: percent, funds, target, committee, rate, federal"
3/19/2014,2014,3/19/2014,22,"When the Committee decides to begin to remove policy accommodation, it will take a balanced approach consistent with its longer-run goals of maximum employment and inflation of 2 percent.","Committee decides begin remove policy accommodation, take balanced approach consistent longer-run goals maximum employment inflation 2 percent.",14,0.18636101,0.022918658,0.79072034,0.6043593,TRUE,"Topic 14: approach, decides, remove, begin, accommodation, balanced"
3/19/2014,2014,3/19/2014,23,"The Committee currently anticipates that, even after employment and inflation are near mandate-consistent levels, economic conditions may, for some time, warrant keeping the target federal funds rate below levels the Committee views as normal in the longer run.","Committee currently anticipates that, even employment inflation near mandate-consistent levels, economic conditions may, time, warrant keeping target federal funds rate levels Committee views normal longer run.",0,0.04067654,0.7631703,0.19615316,0.15547663,TRUE,"Topic 0: percent, funds, target, committee, rate, federal"
3/19/2014,2014,3/19/2014,24,"With the unemployment rate nearing 6-1/2 percent, the Committee has updated its forward guidance.","unemployment rate nearing 6-1/2 percent, Committee updated forward guidance.",0,0.08390786,0.7912148,0.1248773,0.04096944,FALSE,"Topic 0: percent, funds, target, committee, rate, federal"
3/19/2014,2014,3/19/2014,25,The change in the Committee's guidance does not indicate any change in the Committee's policy intentions as set forth in its recent statements.,change Committee's guidance indicate change Committee's policy intentions set forth recent statements.,0,0.039192196,0.03550381,0.925304,0.8861118,FALSE,"Topic 0: percent, funds, target, committee, rate, federal"
4/30/2014,2014,4/30/2014,0,"Information received since the Federal Open Market Committee met in March indicates that growth in economic activity has picked up recently, after having slowed sharply during the winter in part because of adverse weather conditions.","Information received since Federal Open Market Committee met March indicates growth economic activity picked recently, slowed sharply winter part adverse weather conditions.",1,0.912024,0.07089724,0.01707873,-0.89494526,FALSE,"Topic 1: gains, job, unemployment, received, met, open"
4/30/2014,2014,4/30/2014,1,Labor market indicators were mixed but on balance showed further improvement.,Labor market indicators mixed balance showed improvement.,1,0.94662505,0.034434948,0.018939896,-0.92768514,FALSE,"Topic 1: gains, job, unemployment, received, met, open"
4/30/2014,2014,4/30/2014,2,"The unemployment rate, however, remains elevated.","unemployment rate, however, remains elevated.",40,0.13795935,0.8192332,0.042807512,-0.095151834,FALSE,"Topic 40: elevated, unemployment, remains, slow, weakness, rate"
4/30/2014,2014,4/30/2014,3,Household spending appears to be rising more quickly.,Household spending appears rising quickly.,3,0.9441595,0.022120483,0.03371997,-0.91043955,FALSE,"Topic 3: household, spending, fixed, business, investment, housing"
4/30/2014,2014,4/30/2014,4,"Business fixed investment edged down, while the recovery in the housing sector remained slow.","Business fixed investment edged down, recovery housing sector remained slow.",3,0.012437026,0.96874577,0.018817259,0.006380233,FALSE,"Topic 3: household, spending, fixed, business, investment, housing"
4/30/2014,2014,4/30/2014,5,"Fiscal policy is restraining economic growth, although the extent of restraint is diminishing.","Fiscal policy restraining economic growth, although extent restraint diminishing.",-1,0.017988116,0.9485587,0.03345322,0.015465103,FALSE,Topic -1
4/30/2014,2014,4/30/2014,6,"Inflation has been running below the Committee's longer-run objective, but longer-term inflation expectations have remained stable.","Inflation running Committee's longer-run objective, longer-term inflation expectations remained stable.",-1,0.08220417,0.8499406,0.06785516,-0.014349014,FALSE,Topic -1
4/30/2014,2014,4/30/2014,7,"Consistent with its statutory mandate, the Committee seeks to foster maximum employment and price stability.","Consistent statutory mandate, Committee seeks foster maximum employment price stability.",4,0.23863597,0.014581954,0.74678206,0.5081461,FALSE,"Topic 4: statutory, foster, seeks, mandate, stability, price"
4/30/2014,2014,4/30/2014,8,"The Committee expects that, with appropriate policy accommodation, economic activity will expand at a moderate pace and labor market conditions will continue to improve gradually, moving toward those the Committee judges consistent with its dual mandate.","Committee expects that, appropriate policy accommodation, economic activity expand moderate pace labor market conditions continue improve gradually, moving toward Committee judges consistent dual mandate.",0,0.93661934,0.0126035,0.05077726,-0.8858421,TRUE,"Topic 0: percent, funds, target, committee, rate, federal"
4/30/2014,2014,4/30/2014,9,The Committee sees the risks to the outlook for the economy and the labor market as nearly balanced.,Committee sees risks outlook economy labor market nearly balanced.,30,0.5989709,0.04824855,0.35278046,-0.24619043,FALSE,"Topic 30: nearly, balanced, risks, sees, outlook, activity"
4/30/2014,2014,4/30/2014,10,"The Committee recognizes that inflation persistently below its 2 percent objective could pose risks to economic performance, and it is monitoring inflation developments carefully for evidence that inflation will move back toward its objective over the medium term.","Committee recognizes inflation persistently 2 percent objective could pose risks economic performance, monitoring inflation developments carefully evidence inflation move back toward objective medium term.",-1,0.4259708,0.48323402,0.09079527,-0.3351755,TRUE,Topic -1
4/30/2014,2014,4/30/2014,11,The Committee currently judges that there is sufficient underlying strength in the broader economy to support ongoing improvement in labor market conditions.,Committee currently judges sufficient underlying strength broader economy support ongoing improvement labor market conditions.,0,0.9393786,0.017091228,0.043530114,-0.8958485,FALSE,"Topic 0: percent, funds, target, committee, rate, federal"
4/30/2014,2014,4/30/2014,12,"In light of the cumulative progress toward maximum employment and the improvement in the outlook for labor market conditions since the inception of the current asset purchase program, the Committee decided to make a further measured reduction in the pace of its asset purchases.","light cumulative progress toward maximum employment improvement outlook labor market conditions since inception current asset purchase program, Committee decided make measured reduction pace asset purchases.",36,0.39481872,0.45722154,0.14795977,-0.24685895,FALSE,"Topic 36: asset, purchases, cumulative, reduction, light, measured"
4/30/2014,2014,4/30/2014,13,"Beginning in May, the Committee will add to its holdings of agency mortgage-backed securities at a pace of $20 billion per month rather than $25 billion per month, and will add to its holdings of longer-term Treasury securities at a pace of $25 billion per month rather than $30 billion per month.","Beginning May, Committee add holdings agency mortgage-backed securities pace $20 billion per month rather $25 billion per month, add holdings longer-term Treasury securities pace $25 billion per month rather $30 billion per month.",23,0.1432793,0.015143578,0.8415772,0.69829786,TRUE,"Topic 23: month, billion, add, holdings, 40, securities"
4/30/2014,2014,4/30/2014,14,The Committee is maintaining its existing policy of reinvesting principal payments from its holdings of agency debt and agency mortgage-backed securities in agency mortgage-backed securities and of rolling over maturing Treasury securities at auction.,Committee maintaining existing policy reinvesting principal payments holdings agency debt agency mortgage-backed securities agency mortgage-backed securities rolling maturing Treasury securities auction.,2,0.050884582,0.03078063,0.9183348,0.8674502,FALSE,"Topic 2: agency, securities, mortgagebacked, treasury, principal, payments"
4/30/2014,2014,4/30/2014,15,"The Committee's sizable and still-increasing holdings of longer-term securities should maintain downward pressure on longer-term interest rates, support mortgage markets, and help to make broader financial conditions more accommodative, which in turn should promote a stronger economic recovery and help to ensure that inflation, over time, is at the rate most consistent with the Committee's dual mandate.","Committee's sizable still-increasing holdings longer-term securities maintain downward pressure longer-term interest rates, support mortgage markets, help make broader financial conditions accommodative, turn promote stronger economic recovery help ensure inflation, time, rate consistent Committee's dual mandate.",22,0.90075946,0.011806494,0.08743398,-0.81332546,TRUE,"Topic 22: downward, make, pressure, help, mortgage, broader"
4/30/2014,2014,4/30/2014,16,"The Committee will closely monitor incoming information on economic and financial developments in coming months and will continue its purchases of Treasury and agency mortgage-backed securities, and employ its other policy tools as appropriate, until the outlook for the labor market has improved substantially in a context of price stability.","Committee closely monitor incoming information economic financial developments coming months continue purchases Treasury agency mortgage-backed securities, employ policy tools appropriate, outlook labor market improved substantially context price stability.",0,0.73402923,0.01416033,0.25181043,-0.4822188,TRUE,"Topic 0: percent, funds, target, committee, rate, federal"
4/30/2014,2014,4/30/2014,17,"If incoming information broadly supports the Committee's expectation of ongoing improvement in labor market conditions and inflation moving back toward its longer-run objective, the Committee will likely reduce the pace of asset purchases in further measured steps at future meetings.","incoming information broadly supports Committee's expectation ongoing improvement labor market conditions inflation moving back toward longer-run objective, Committee likely reduce pace asset purchases measured steps future meetings.",0,0.12999897,0.35498503,0.515016,0.38501704,TRUE,"Topic 0: percent, funds, target, committee, rate, federal"
4/30/2014,2014,4/30/2014,18,"However, asset purchases are not on a preset course, and the Committee's decisions about their pace will remain contingent on the Committee's outlook for the labor market and inflation as well as its assessment of the likely efficacy and costs of such purchases.","However, asset purchases preset course, Committee's decisions pace remain contingent Committee's outlook labor market inflation well assessment likely efficacy costs purchases.",27,0.060053397,0.023330536,0.9166161,0.8565627,TRUE,"Topic 27: purchases, efficacy, costs, decisions, contingent, preset"
4/30/2014,2014,4/30/2014,19,"To support continued progress toward maximum employment and price stability, the Committee today reaffirmed its view that a highly accommodative stance of monetary policy remains appropriate.","support continued progress toward maximum employment price stability, Committee today reaffirmed view highly accommodative stance monetary policy remains appropriate.",0,0.8740919,0.01452869,0.11137938,-0.76271254,TRUE,"Topic 0: percent, funds, target, committee, rate, federal"
4/30/2014,2014,4/30/2014,20,"In determining how long to maintain the current 0 to 1/4 percent target range for the federal funds rate, the Committee will assess progress--both realized and expected--toward its objectives of maximum employment and 2 percent inflation.","determining long maintain current 0 1/4 percent target range federal funds rate, Committee assess progress--both realized expected--toward objectives maximum employment 2 percent inflation.",0,0.45873654,0.02232544,0.518938,0.060201466,TRUE,"Topic 0: percent, funds, target, committee, rate, federal"
4/30/2014,2014,4/30/2014,21,"This assessment will take into account a wide range of information, including measures of labor market conditions, indicators of inflation pressures and inflation expectations, and readings on financial developments.","assessment take account wide range information, including measures labor market conditions, indicators inflation pressures inflation expectations, readings financial developments.",5,0.06296822,0.017887939,0.91914386,0.85617566,TRUE,"Topic 5: assessment, wide, readings, international, account, pressures"
4/30/2014,2014,4/30/2014,22,"The Committee continues to anticipate, based on its assessment of these factors, that it likely will be appropriate to maintain the current target range for the federal funds rate for a considerable time after the asset purchase program ends, especially if projected inflation continues to run below the Committee's 2 percent longer-run goal, and provided that longer-term inflation expectations remain well anchored.","Committee continues anticipate, based assessment factors, likely appropriate maintain current target range federal funds rate considerable time asset purchase program ends, especially projected inflation continues run Committee's 2 percent longer-run goal, provided longer-term inflation expectations remain well anchored.",0,0.80844474,0.023359394,0.16819592,-0.64024884,TRUE,"Topic 0: percent, funds, target, committee, rate, federal"
4/30/2014,2014,4/30/2014,23,"When the Committee decides to begin to remove policy accommodation, it will take a balanced approach consistent with its longer-run goals of maximum employment and inflation of 2 percent.","Committee decides begin remove policy accommodation, take balanced approach consistent longer-run goals maximum employment inflation 2 percent.",14,0.18636101,0.022918658,0.79072034,0.6043593,TRUE,"Topic 14: approach, decides, remove, begin, accommodation, balanced"
4/30/2014,2014,4/30/2014,24,"The Committee currently anticipates that, even after employment and inflation are near mandate-consistent levels, economic conditions may, for some time, warrant keeping the target federal funds rate below levels the Committee views as normal in the longer run.","Committee currently anticipates that, even employment inflation near mandate-consistent levels, economic conditions may, time, warrant keeping target federal funds rate levels Committee views normal longer run.",0,0.04067654,0.7631703,0.19615316,0.15547663,TRUE,"Topic 0: percent, funds, target, committee, rate, federal"
6/18/2014,2014,6/18/2014,0,Information received since the Federal Open Market Committee met in April indicates that growth in economic activity has rebounded in recent months.,Information received since Federal Open Market Committee met April indicates growth economic activity rebounded recent months.,1,0.953404,0.024144365,0.022451676,-0.9309523,FALSE,"Topic 1: gains, job, unemployment, received, met, open"
6/18/2014,2014,6/18/2014,1,Labor market indicators generally showed further improvement.,Labor market indicators generally showed improvement.,1,0.95396984,0.02718515,0.018844962,-0.9351249,FALSE,"Topic 1: gains, job, unemployment, received, met, open"
6/18/2014,2014,6/18/2014,2,"The unemployment rate, though lower, remains elevated.","unemployment rate, though lower, remains elevated.",40,0.6303047,0.3065041,0.0631912,-0.5671135,FALSE,"Topic 40: elevated, unemployment, remains, slow, weakness, rate"
6/18/2014,2014,6/18/2014,3,"Household spending appears to be rising moderately and business fixed investment resumed its advance, while the recovery in the housing sector remained slow.","Household spending appears rising moderately business fixed investment resumed advance, recovery housing sector remained slow.",3,0.61766,0.34429348,0.038046595,-0.5796134,FALSE,"Topic 3: household, spending, fixed, business, investment, housing"
6/18/2014,2014,6/18/2014,4,"Fiscal policy is restraining economic growth, although the extent of restraint is diminishing.","Fiscal policy restraining economic growth, although extent restraint diminishing.",-1,0.017988116,0.9485587,0.03345322,0.015465103,FALSE,Topic -1
6/18/2014,2014,6/18/2014,5,"Inflation has been running below the Committee's longer-run objective, but longer-term inflation expectations have remained stable.","Inflation running Committee's longer-run objective, longer-term inflation expectations remained stable.",-1,0.08220417,0.8499406,0.06785516,-0.014349014,FALSE,Topic -1
6/18/2014,2014,6/18/2014,6,"Consistent with its statutory mandate, the Committee seeks to foster maximum employment and price stability.","Consistent statutory mandate, Committee seeks foster maximum employment price stability.",4,0.23863597,0.014581954,0.74678206,0.5081461,FALSE,"Topic 4: statutory, foster, seeks, mandate, stability, price"
6/18/2014,2014,6/18/2014,7,"The Committee expects that, with appropriate policy accommodation, economic activity will expand at a moderate pace and labor market conditions will continue to improve gradually, moving toward those the Committee judges consistent with its dual mandate.","Committee expects that, appropriate policy accommodation, economic activity expand moderate pace labor market conditions continue improve gradually, moving toward Committee judges consistent dual mandate.",0,0.93661934,0.0126035,0.05077726,-0.8858421,TRUE,"Topic 0: percent, funds, target, committee, rate, federal"
6/18/2014,2014,6/18/2014,8,The Committee sees the risks to the outlook for the economy and the labor market as nearly balanced.,Committee sees risks outlook economy labor market nearly balanced.,30,0.5989709,0.04824855,0.35278046,-0.24619043,FALSE,"Topic 30: nearly, balanced, risks, sees, outlook, activity"
6/18/2014,2014,6/18/2014,9,"The Committee recognizes that inflation persistently below its 2 percent objective could pose risks to economic performance, and it is monitoring inflation developments carefully for evidence that inflation will move back toward its objective over the medium term.","Committee recognizes inflation persistently 2 percent objective could pose risks economic performance, monitoring inflation developments carefully evidence inflation move back toward objective medium term.",-1,0.4259708,0.48323402,0.09079527,-0.3351755,TRUE,Topic -1
6/18/2014,2014,6/18/2014,10,The Committee currently judges that there is sufficient underlying strength in the broader economy to support ongoing improvement in labor market conditions.,Committee currently judges sufficient underlying strength broader economy support ongoing improvement labor market conditions.,0,0.9393786,0.017091228,0.043530114,-0.8958485,FALSE,"Topic 0: percent, funds, target, committee, rate, federal"
6/18/2014,2014,6/18/2014,11,"In light of the cumulative progress toward maximum employment and the improvement in the outlook for labor market conditions since the inception of the current asset purchase program, the Committee decided to make a further measured reduction in the pace of its asset purchases.","light cumulative progress toward maximum employment improvement outlook labor market conditions since inception current asset purchase program, Committee decided make measured reduction pace asset purchases.",36,0.39481872,0.45722154,0.14795977,-0.24685895,FALSE,"Topic 36: asset, purchases, cumulative, reduction, light, measured"
6/18/2014,2014,6/18/2014,12,"Beginning in July, the Committee will add to its holdings of agency mortgage-backed securities at a pace of $15 billion per month rather than $20 billion per month, and will add to its holdings of longer-term Treasury securities at a pace of $20 billion per month rather than $25 billion per month.","Beginning July, Committee add holdings agency mortgage-backed securities pace $15 billion per month rather $20 billion per month, add holdings longer-term Treasury securities pace $20 billion per month rather $25 billion per month.",23,0.14416102,0.015204321,0.84063464,0.6964736,TRUE,"Topic 23: month, billion, add, holdings, 40, securities"
6/18/2014,2014,6/18/2014,13,The Committee is maintaining its existing policy of reinvesting principal payments from its holdings of agency debt and agency mortgage-backed securities in agency mortgage-backed securities and of rolling over maturing Treasury securities at auction.,Committee maintaining existing policy reinvesting principal payments holdings agency debt agency mortgage-backed securities agency mortgage-backed securities rolling maturing Treasury securities auction.,2,0.050884582,0.03078063,0.9183348,0.8674502,FALSE,"Topic 2: agency, securities, mortgagebacked, treasury, principal, payments"
6/18/2014,2014,6/18/2014,14,"The Committee's sizable and still-increasing holdings of longer-term securities should maintain downward pressure on longer-term interest rates, support mortgage markets, and help to make broader financial conditions more accommodative, which in turn should promote a stronger economic recovery and help to ensure that inflation, over time, is at the rate most consistent with the Committee's dual mandate.","Committee's sizable still-increasing holdings longer-term securities maintain downward pressure longer-term interest rates, support mortgage markets, help make broader financial conditions accommodative, turn promote stronger economic recovery help ensure inflation, time, rate consistent Committee's dual mandate.",22,0.90075946,0.011806494,0.08743398,-0.81332546,TRUE,"Topic 22: downward, make, pressure, help, mortgage, broader"
6/18/2014,2014,6/18/2014,15,"The Committee will closely monitor incoming information on economic and financial developments in coming months and will continue its purchases of Treasury and agency mortgage-backed securities, and employ its other policy tools as appropriate, until the outlook for the labor market has improved substantially in a context of price stability.","Committee closely monitor incoming information economic financial developments coming months continue purchases Treasury agency mortgage-backed securities, employ policy tools appropriate, outlook labor market improved substantially context price stability.",0,0.73402923,0.01416033,0.25181043,-0.4822188,TRUE,"Topic 0: percent, funds, target, committee, rate, federal"
6/18/2014,2014,6/18/2014,16,"If incoming information broadly supports the Committee's expectation of ongoing improvement in labor market conditions and inflation moving back toward its longer-run objective, the Committee will likely reduce the pace of asset purchases in further measured steps at future meetings.","incoming information broadly supports Committee's expectation ongoing improvement labor market conditions inflation moving back toward longer-run objective, Committee likely reduce pace asset purchases measured steps future meetings.",0,0.12999897,0.35498503,0.515016,0.38501704,TRUE,"Topic 0: percent, funds, target, committee, rate, federal"
6/18/2014,2014,6/18/2014,17,"However, asset purchases are not on a preset course, and the Committee's decisions about their pace will remain contingent on the Committee's outlook for the labor market and inflation as well as its assessment of the likely efficacy and costs of such purchases.","However, asset purchases preset course, Committee's decisions pace remain contingent Committee's outlook labor market inflation well assessment likely efficacy costs purchases.",27,0.060053397,0.023330536,0.9166161,0.8565627,TRUE,"Topic 27: purchases, efficacy, costs, decisions, contingent, preset"
6/18/2014,2014,6/18/2014,18,"To support continued progress toward maximum employment and price stability, the Committee today reaffirmed its view that a highly accommodative stance of monetary policy remains appropriate.","support continued progress toward maximum employment price stability, Committee today reaffirmed view highly accommodative stance monetary policy remains appropriate.",0,0.8740919,0.01452869,0.11137938,-0.76271254,TRUE,"Topic 0: percent, funds, target, committee, rate, federal"
6/18/2014,2014,6/18/2014,19,"In determining how long to maintain the current 0 to 1/4 percent target range for the federal funds rate, the Committee will assess progress--both realized and expected--toward its objectives of maximum employment and 2 percent inflation.","determining long maintain current 0 1/4 percent target range federal funds rate, Committee assess progress--both realized expected--toward objectives maximum employment 2 percent inflation.",0,0.45873654,0.02232544,0.518938,0.060201466,TRUE,"Topic 0: percent, funds, target, committee, rate, federal"
6/18/2014,2014,6/18/2014,20,"This assessment will take into account a wide range of information, including measures of labor market conditions, indicators of inflation pressures and inflation expectations, and readings on financial developments.","assessment take account wide range information, including measures labor market conditions, indicators inflation pressures inflation expectations, readings financial developments.",5,0.06296822,0.017887939,0.91914386,0.85617566,TRUE,"Topic 5: assessment, wide, readings, international, account, pressures"
6/18/2014,2014,6/18/2014,21,"The Committee continues to anticipate, based on its assessment of these factors, that it likely will be appropriate to maintain the current target range for the federal funds rate for a considerable time after the asset purchase program ends, especially if projected inflation continues to run below the Committee's 2 percent longer-run goal, and provided that longer-term inflation expectations remain well anchored.","Committee continues anticipate, based assessment factors, likely appropriate maintain current target range federal funds rate considerable time asset purchase program ends, especially projected inflation continues run Committee's 2 percent longer-run goal, provided longer-term inflation expectations remain well anchored.",0,0.80844474,0.023359394,0.16819592,-0.64024884,TRUE,"Topic 0: percent, funds, target, committee, rate, federal"
6/18/2014,2014,6/18/2014,22,"When the Committee decides to begin to remove policy accommodation, it will take a balanced approach consistent with its longer-run goals of maximum employment and inflation of 2 percent.","Committee decides begin remove policy accommodation, take balanced approach consistent longer-run goals maximum employment inflation 2 percent.",14,0.18636101,0.022918658,0.79072034,0.6043593,TRUE,"Topic 14: approach, decides, remove, begin, accommodation, balanced"
6/18/2014,2014,6/18/2014,23,"The Committee currently anticipates that, even after employment and inflation are near mandate-consistent levels, economic conditions may, for some time, warrant keeping the target federal funds rate below levels the Committee views as normal in the longer run.","Committee currently anticipates that, even employment inflation near mandate-consistent levels, economic conditions may, time, warrant keeping target federal funds rate levels Committee views normal longer run.",0,0.04067654,0.7631703,0.19615316,0.15547663,TRUE,"Topic 0: percent, funds, target, committee, rate, federal"
7/30/2014,2014,7/30/2014,0,Information received since the Federal Open Market Committee met in June indicates that growth in economic activity rebounded in the second quarter.,Information received since Federal Open Market Committee met June indicates growth economic activity rebounded second quarter.,1,0.9528068,0.02626614,0.020927064,-0.9318797,FALSE,"Topic 1: gains, job, unemployment, received, met, open"
7/30/2014,2014,7/30/2014,1,"Labor market conditions improved, with the unemployment rate declining further.","Labor market conditions improved, unemployment rate declining further.",1,0.9218337,0.062816985,0.015349321,-0.90648437,FALSE,"Topic 1: gains, job, unemployment, received, met, open"
7/30/2014,2014,7/30/2014,2,"However, a range of labor market indicators suggests that there remains significant underutilization of labor resources.","However, range labor market indicators suggests remains significant underutilization labor resources.",38,0.022935795,0.95028114,0.026782958,0.003847163,FALSE,"Topic 38: resources, underutilization, labor, suggests, indicators, diminished"
7/30/2014,2014,7/30/2014,3,"Household spending appears to be rising moderately and business fixed investment is advancing, while the recovery in the housing sector remains slow.","Household spending appears rising moderately business fixed investment advancing, recovery housing sector remains slow.",3,0.83444357,0.11579396,0.049762458,-0.7846811,FALSE,"Topic 3: household, spending, fixed, business, investment, housing"
7/30/2014,2014,7/30/2014,4,"Fiscal policy is restraining economic growth, although the extent of restraint is diminishing.","Fiscal policy restraining economic growth, although extent restraint diminishing.",-1,0.017988116,0.9485587,0.03345322,0.015465103,FALSE,Topic -1
7/30/2014,2014,7/30/2014,5,Inflation has moved somewhat closer to the Committee's longer-run objective.,Inflation moved somewhat closer Committee's longer-run objective.,0,0.69747305,0.060401224,0.24212573,-0.4553473,FALSE,"Topic 0: percent, funds, target, committee, rate, federal"
7/30/2014,2014,7/30/2014,6,Longer-term inflation expectations have remained stable.,Longer-term inflation expectations remained stable.,6,0.9298828,0.025309332,0.04480783,-0.885075,FALSE,"Topic 6: stable, remained, longerterm, expectations, commodities, underlying"
7/30/2014,2014,7/30/2014,7,"Consistent with its statutory mandate, the Committee seeks to foster maximum employment and price stability.","Consistent statutory mandate, Committee seeks foster maximum employment price stability.",4,0.23863597,0.014581954,0.74678206,0.5081461,FALSE,"Topic 4: statutory, foster, seeks, mandate, stability, price"
7/30/2014,2014,7/30/2014,8,"The Committee expects that, with appropriate policy accommodation, economic activity will expand at a moderate pace, with labor market indicators and inflation moving toward levels the Committee judges consistent with its dual mandate.","Committee expects that, appropriate policy accommodation, economic activity expand moderate pace, labor market indicators inflation moving toward levels Committee judges consistent dual mandate.",0,0.94222337,0.013741463,0.044035237,-0.8981881,TRUE,"Topic 0: percent, funds, target, committee, rate, federal"
7/30/2014,2014,7/30/2014,9,The Committee sees the risks to the outlook for economic activity and the labor market as nearly balanced and judges that the likelihood of inflation running persistently below 2 percent has diminished somewhat.,Committee sees risks outlook economic activity labor market nearly balanced judges likelihood inflation running persistently 2 percent diminished somewhat.,20,0.16761783,0.80717033,0.025211874,-0.14240596,FALSE,"Topic 20: roughly, appear, nearterm, balanced, risks, outlook"
7/30/2014,2014,7/30/2014,10,The Committee currently judges that there is sufficient underlying strength in the broader economy to support ongoing improvement in labor market conditions.,Committee currently judges sufficient underlying strength broader economy support ongoing improvement labor market conditions.,0,0.9393786,0.017091228,0.043530114,-0.8958485,FALSE,"Topic 0: percent, funds, target, committee, rate, federal"
7/30/2014,2014,7/30/2014,11,"In light of the cumulative progress toward maximum employment and the improvement in the outlook for labor market conditions since the inception of the current asset purchase program, the Committee decided to make a further measured reduction in the pace of its asset purchases.","light cumulative progress toward maximum employment improvement outlook labor market conditions since inception current asset purchase program, Committee decided make measured reduction pace asset purchases.",36,0.39481872,0.45722154,0.14795977,-0.24685895,FALSE,"Topic 36: asset, purchases, cumulative, reduction, light, measured"
7/30/2014,2014,7/30/2014,12,"Beginning in August, the Committee will add to its holdings of agency mortgage-backed securities at a pace of $10 billion per month rather than $15 billion per month, and will add to its holdings of longer-term Treasury securities at a pace of $15 billion per month rather than $20 billion per month.","Beginning August, Committee add holdings agency mortgage-backed securities pace $10 billion per month rather $15 billion per month, add holdings longer-term Treasury securities pace $15 billion per month rather $20 billion per month.",23,0.14762142,0.015363019,0.8370156,0.68939424,TRUE,"Topic 23: month, billion, add, holdings, 40, securities"
7/30/2014,2014,7/30/2014,13,The Committee is maintaining its existing policy of reinvesting principal payments from its holdings of agency debt and agency mortgage-backed securities in agency mortgage-backed securities and of rolling over maturing Treasury securities at auction.,Committee maintaining existing policy reinvesting principal payments holdings agency debt agency mortgage-backed securities agency mortgage-backed securities rolling maturing Treasury securities auction.,2,0.050884582,0.03078063,0.9183348,0.8674502,FALSE,"Topic 2: agency, securities, mortgagebacked, treasury, principal, payments"
7/30/2014,2014,7/30/2014,14,"The Committee's sizable and still-increasing holdings of longer-term securities should maintain downward pressure on longer-term interest rates, support mortgage markets, and help to make broader financial conditions more accommodative, which in turn should promote a stronger economic recovery and help to ensure that inflation, over time, is at the rate most consistent with the Committee's dual mandate.","Committee's sizable still-increasing holdings longer-term securities maintain downward pressure longer-term interest rates, support mortgage markets, help make broader financial conditions accommodative, turn promote stronger economic recovery help ensure inflation, time, rate consistent Committee's dual mandate.",22,0.90075946,0.011806494,0.08743398,-0.81332546,TRUE,"Topic 22: downward, make, pressure, help, mortgage, broader"
7/30/2014,2014,7/30/2014,15,"The Committee will closely monitor incoming information on economic and financial developments in coming months and will continue its purchases of Treasury and agency mortgage-backed securities, and employ its other policy tools as appropriate, until the outlook for the labor market has improved substantially in a context of price stability.","Committee closely monitor incoming information economic financial developments coming months continue purchases Treasury agency mortgage-backed securities, employ policy tools appropriate, outlook labor market improved substantially context price stability.",0,0.73402923,0.01416033,0.25181043,-0.4822188,TRUE,"Topic 0: percent, funds, target, committee, rate, federal"
7/30/2014,2014,7/30/2014,16,"If incoming information broadly supports the Committee's expectation of ongoing improvement in labor market conditions and inflation moving back toward its longer-run objective, the Committee will likely reduce the pace of asset purchases in further measured steps at future meetings.","incoming information broadly supports Committee's expectation ongoing improvement labor market conditions inflation moving back toward longer-run objective, Committee likely reduce pace asset purchases measured steps future meetings.",0,0.12999897,0.35498503,0.515016,0.38501704,TRUE,"Topic 0: percent, funds, target, committee, rate, federal"
7/30/2014,2014,7/30/2014,17,"However, asset purchases are not on a preset course, and the Committee's decisions about their pace will remain contingent on the Committee's outlook for the labor market and inflation as well as its assessment of the likely efficacy and costs of such purchases.","However, asset purchases preset course, Committee's decisions pace remain contingent Committee's outlook labor market inflation well assessment likely efficacy costs purchases.",27,0.060053397,0.023330536,0.9166161,0.8565627,TRUE,"Topic 27: purchases, efficacy, costs, decisions, contingent, preset"
7/30/2014,2014,7/30/2014,18,"To support continued progress toward maximum employment and price stability, the Committee today reaffirmed its view that a highly accommodative stance of monetary policy remains appropriate.","support continued progress toward maximum employment price stability, Committee today reaffirmed view highly accommodative stance monetary policy remains appropriate.",0,0.8740919,0.01452869,0.11137938,-0.76271254,TRUE,"Topic 0: percent, funds, target, committee, rate, federal"
7/30/2014,2014,7/30/2014,19,"In determining how long to maintain the current 0 to 1/4 percent target range for the federal funds rate, the Committee will assess progress--both realized and expected--toward its objectives of maximum employment and 2 percent inflation.","determining long maintain current 0 1/4 percent target range federal funds rate, Committee assess progress--both realized expected--toward objectives maximum employment 2 percent inflation.",0,0.45873654,0.02232544,0.518938,0.060201466,TRUE,"Topic 0: percent, funds, target, committee, rate, federal"
7/30/2014,2014,7/30/2014,20,"This assessment will take into account a wide range of information, including measures of labor market conditions, indicators of inflation pressures and inflation expectations, and readings on financial developments.","assessment take account wide range information, including measures labor market conditions, indicators inflation pressures inflation expectations, readings financial developments.",5,0.06296822,0.017887939,0.91914386,0.85617566,TRUE,"Topic 5: assessment, wide, readings, international, account, pressures"
7/30/2014,2014,7/30/2014,21,"The Committee continues to anticipate, based on its assessment of these factors, that it likely will be appropriate to maintain the current target range for the federal funds rate for a considerable time after the asset purchase program ends, especially if projected inflation continues to run below the Committee's 2 percent longer-run goal, and provided that longer-term inflation expectations remain well anchored.","Committee continues anticipate, based assessment factors, likely appropriate maintain current target range federal funds rate considerable time asset purchase program ends, especially projected inflation continues run Committee's 2 percent longer-run goal, provided longer-term inflation expectations remain well anchored.",0,0.80844474,0.023359394,0.16819592,-0.64024884,TRUE,"Topic 0: percent, funds, target, committee, rate, federal"
7/30/2014,2014,7/30/2014,22,"When the Committee decides to begin to remove policy accommodation, it will take a balanced approach consistent with its longer-run goals of maximum employment and inflation of 2 percent.","Committee decides begin remove policy accommodation, take balanced approach consistent longer-run goals maximum employment inflation 2 percent.",14,0.18636101,0.022918658,0.79072034,0.6043593,TRUE,"Topic 14: approach, decides, remove, begin, accommodation, balanced"
7/30/2014,2014,7/30/2014,23,"The Committee currently anticipates that, even after employment and inflation are near mandate-consistent levels, economic conditions may, for some time, warrant keeping the target federal funds rate below levels the Committee views as normal in the longer run.","Committee currently anticipates that, even employment inflation near mandate-consistent levels, economic conditions may, time, warrant keeping target federal funds rate levels Committee views normal longer run.",0,0.04067654,0.7631703,0.19615316,0.15547663,TRUE,"Topic 0: percent, funds, target, committee, rate, federal"
9/17/2014,2014,9/17/2014,0,Information received since the Federal Open Market Committee met in July suggests that economic activity is expanding at a moderate pace.,Information received since Federal Open Market Committee met July suggests economic activity expanding moderate pace.,8,0.94284594,0.020694517,0.036459535,-0.9063864,FALSE,"Topic 8: expanding, suggests, received, met, open, activity"
9/17/2014,2014,9/17/2014,1,"On balance, labor market conditions improved somewhat further; however, the unemployment rate is little changed and a range of labor market indicators suggests that there remains significant underutilization of labor resources.","balance, labor market conditions improved somewhat further; however, unemployment rate little changed range labor market indicators suggests remains significant underutilization labor resources.",1,0.86062753,0.11933914,0.020033369,-0.8405942,FALSE,"Topic 1: gains, job, unemployment, received, met, open"
9/17/2014,2014,9/17/2014,2,"Household spending appears to be rising moderately and business fixed investment is advancing, while the recovery in the housing sector remains slow.","Household spending appears rising moderately business fixed investment advancing, recovery housing sector remains slow.",3,0.83444357,0.11579396,0.049762458,-0.7846811,FALSE,"Topic 3: household, spending, fixed, business, investment, housing"
9/17/2014,2014,9/17/2014,3,"Fiscal policy is restraining economic growth, although the extent of restraint is diminishing.","Fiscal policy restraining economic growth, although extent restraint diminishing.",-1,0.017988116,0.9485587,0.03345322,0.015465103,FALSE,Topic -1
9/17/2014,2014,9/17/2014,4,Inflation has been running below the Committee's longer-run objective.,Inflation running Committee's longer-run objective.,0,0.011525206,0.94280285,0.04567193,0.034146722,FALSE,"Topic 0: percent, funds, target, committee, rate, federal"
9/17/2014,2014,9/17/2014,5,Longer-term inflation expectations have remained stable.,Longer-term inflation expectations remained stable.,6,0.9298828,0.025309332,0.04480783,-0.885075,FALSE,"Topic 6: stable, remained, longerterm, expectations, commodities, underlying"
9/17/2014,2014,9/17/2014,6,"Consistent with its statutory mandate, the Committee seeks to foster maximum employment and price stability.","Consistent statutory mandate, Committee seeks foster maximum employment price stability.",4,0.23863597,0.014581954,0.74678206,0.5081461,FALSE,"Topic 4: statutory, foster, seeks, mandate, stability, price"
9/17/2014,2014,9/17/2014,7,"The Committee expects that, with appropriate policy accommodation, economic activity will expand at a moderate pace, with labor market indicators and inflation moving toward levels the Committee judges consistent with its dual mandate.","Committee expects that, appropriate policy accommodation, economic activity expand moderate pace, labor market indicators inflation moving toward levels Committee judges consistent dual mandate.",0,0.94222337,0.013741463,0.044035237,-0.8981881,TRUE,"Topic 0: percent, funds, target, committee, rate, federal"
9/17/2014,2014,9/17/2014,8,The Committee sees the risks to the outlook for economic activity and the labor market as nearly balanced and judges that the likelihood of inflation running persistently below 2 percent has diminished somewhat since early this year.,Committee sees risks outlook economic activity labor market nearly balanced judges likelihood inflation running persistently 2 percent diminished somewhat since early year.,20,0.08192241,0.89919573,0.018881822,-0.06304059,FALSE,"Topic 20: roughly, appear, nearterm, balanced, risks, outlook"
9/17/2014,2014,9/17/2014,9,The Committee currently judges that there is sufficient underlying strength in the broader economy to support ongoing improvement in labor market conditions.,Committee currently judges sufficient underlying strength broader economy support ongoing improvement labor market conditions.,0,0.9393786,0.017091228,0.043530114,-0.8958485,FALSE,"Topic 0: percent, funds, target, committee, rate, federal"
9/17/2014,2014,9/17/2014,10,"In light of the cumulative progress toward maximum employment and the improvement in the outlook for labor market conditions since the inception of the current asset purchase program, the Committee decided to make a further measured reduction in the pace of its asset purchases.","light cumulative progress toward maximum employment improvement outlook labor market conditions since inception current asset purchase program, Committee decided make measured reduction pace asset purchases.",36,0.39481872,0.45722154,0.14795977,-0.24685895,FALSE,"Topic 36: asset, purchases, cumulative, reduction, light, measured"
9/17/2014,2014,9/17/2014,11,"Beginning in October, the Committee will add to its holdings of agency mortgage-backed securities at a pace of $5 billion per month rather than $10 billion per month, and will add to its holdings of longer-term Treasury securities at a pace of $10 billion per month rather than $15 billion per month.","Beginning October, Committee add holdings agency mortgage-backed securities pace $5 billion per month rather $10 billion per month, add holdings longer-term Treasury securities pace $10 billion per month rather $15 billion per month.",23,0.14228798,0.015496514,0.84221554,0.69992757,TRUE,"Topic 23: month, billion, add, holdings, 40, securities"
9/17/2014,2014,9/17/2014,12,The Committee is maintaining its existing policy of reinvesting principal payments from its holdings of agency debt and agency mortgage-backed securities in agency mortgage-backed securities and of rolling over maturing Treasury securities at auction.,Committee maintaining existing policy reinvesting principal payments holdings agency debt agency mortgage-backed securities agency mortgage-backed securities rolling maturing Treasury securities auction.,2,0.050884582,0.03078063,0.9183348,0.8674502,FALSE,"Topic 2: agency, securities, mortgagebacked, treasury, principal, payments"
9/17/2014,2014,9/17/2014,13,"The Committee's sizable and still-increasing holdings of longer-term securities should maintain downward pressure on longer-term interest rates, support mortgage markets, and help to make broader financial conditions more accommodative, which in turn should promote a stronger economic recovery and help to ensure that inflation, over time, is at the rate most consistent with the Committee's dual mandate.","Committee's sizable still-increasing holdings longer-term securities maintain downward pressure longer-term interest rates, support mortgage markets, help make broader financial conditions accommodative, turn promote stronger economic recovery help ensure inflation, time, rate consistent Committee's dual mandate.",22,0.90075946,0.011806494,0.08743398,-0.81332546,TRUE,"Topic 22: downward, make, pressure, help, mortgage, broader"
9/17/2014,2014,9/17/2014,14,"The Committee will closely monitor incoming information on economic and financial developments in coming months and will continue its purchases of Treasury and agency mortgage-backed securities, and employ its other policy tools as appropriate, until the outlook for the labor market has improved substantially in a context of price stability.","Committee closely monitor incoming information economic financial developments coming months continue purchases Treasury agency mortgage-backed securities, employ policy tools appropriate, outlook labor market improved substantially context price stability.",0,0.73402923,0.01416033,0.25181043,-0.4822188,TRUE,"Topic 0: percent, funds, target, committee, rate, federal"
9/17/2014,2014,9/17/2014,15,"If incoming information broadly supports the Committee's expectation of ongoing improvement in labor market conditions and inflation moving back toward its longer-run objective, the Committee will end its current program of asset purchases at its next meeting.","incoming information broadly supports Committee's expectation ongoing improvement labor market conditions inflation moving back toward longer-run objective, Committee end current program asset purchases next meeting.",0,0.027307723,0.5411041,0.43158817,0.40428045,TRUE,"Topic 0: percent, funds, target, committee, rate, federal"
9/17/2014,2014,9/17/2014,16,"However, asset purchases are not on a preset course, and the Committee's decisions about their pace will remain contingent on the Committee's outlook for the labor market and inflation as well as its assessment of the likely efficacy and costs of such purchases.","However, asset purchases preset course, Committee's decisions pace remain contingent Committee's outlook labor market inflation well assessment likely efficacy costs purchases.",27,0.060053397,0.023330536,0.9166161,0.8565627,TRUE,"Topic 27: purchases, efficacy, costs, decisions, contingent, preset"
9/17/2014,2014,9/17/2014,17,"To support continued progress toward maximum employment and price stability, the Committee today reaffirmed its view that a highly accommodative stance of monetary policy remains appropriate.","support continued progress toward maximum employment price stability, Committee today reaffirmed view highly accommodative stance monetary policy remains appropriate.",0,0.8740919,0.01452869,0.11137938,-0.76271254,TRUE,"Topic 0: percent, funds, target, committee, rate, federal"
9/17/2014,2014,9/17/2014,18,"In determining how long to maintain the current 0 to 1/4 percent target range for the federal funds rate, the Committee will assess progress--both realized and expected--toward its objectives of maximum employment and 2 percent inflation.","determining long maintain current 0 1/4 percent target range federal funds rate, Committee assess progress--both realized expected--toward objectives maximum employment 2 percent inflation.",0,0.45873654,0.02232544,0.518938,0.060201466,TRUE,"Topic 0: percent, funds, target, committee, rate, federal"
9/17/2014,2014,9/17/2014,19,"This assessment will take into account a wide range of information, including measures of labor market conditions, indicators of inflation pressures and inflation expectations, and readings on financial developments.","assessment take account wide range information, including measures labor market conditions, indicators inflation pressures inflation expectations, readings financial developments.",5,0.06296822,0.017887939,0.91914386,0.85617566,TRUE,"Topic 5: assessment, wide, readings, international, account, pressures"
9/17/2014,2014,9/17/2014,20,"The Committee continues to anticipate, based on its assessment of these factors, that it likely will be appropriate to maintain the current target range for the federal funds rate for a considerable time after the asset purchase program ends, especially if projected inflation continues to run below the Committee's 2 percent longer-run goal, and provided that longer-term inflation expectations remain well anchored.","Committee continues anticipate, based assessment factors, likely appropriate maintain current target range federal funds rate considerable time asset purchase program ends, especially projected inflation continues run Committee's 2 percent longer-run goal, provided longer-term inflation expectations remain well anchored.",0,0.80844486,0.02335938,0.1681958,-0.6402491,TRUE,"Topic 0: percent, funds, target, committee, rate, federal"
9/17/2014,2014,9/17/2014,21,"When the Committee decides to begin to remove policy accommodation, it will take a balanced approach consistent with its longer-run goals of maximum employment and inflation of 2 percent.","Committee decides begin remove policy accommodation, take balanced approach consistent longer-run goals maximum employment inflation 2 percent.",14,0.18636101,0.022918658,0.79072034,0.6043593,TRUE,"Topic 14: approach, decides, remove, begin, accommodation, balanced"
9/17/2014,2014,9/17/2014,22,"The Committee currently anticipates that, even after employment and inflation are near mandate-consistent levels, economic conditions may, for some time, warrant keeping the target federal funds rate below levels the Committee views as normal in the longer run.","Committee currently anticipates that, even employment inflation near mandate-consistent levels, economic conditions may, time, warrant keeping target federal funds rate levels Committee views normal longer run.",0,0.04067654,0.7631703,0.19615316,0.15547663,TRUE,"Topic 0: percent, funds, target, committee, rate, federal"
10/29/2014,2014,10/29/2014,0,Information received since the Federal Open Market Committee met in September suggests that economic activity is expanding at a moderate pace.,Information received since Federal Open Market Committee met September suggests economic activity expanding moderate pace.,8,0.94291484,0.02063217,0.036452968,-0.9064619,FALSE,"Topic 8: expanding, suggests, received, met, open, activity"
10/29/2014,2014,10/29/2014,1,"Labor market conditions improved somewhat further, with solid job gains and a lower unemployment rate.","Labor market conditions improved somewhat further, solid job gains lower unemployment rate.",1,0.9539437,0.029997326,0.016058968,-0.93788475,FALSE,"Topic 1: gains, job, unemployment, received, met, open"
10/29/2014,2014,10/29/2014,2,"On balance, a range of labor market indicators suggests that underutilization of labor resources is gradually diminishing.","balance, range labor market indicators suggests underutilization labor resources gradually diminishing.",38,0.061227027,0.9099344,0.028838558,-0.03238847,FALSE,"Topic 38: resources, underutilization, labor, suggests, indicators, diminished"
10/29/2014,2014,10/29/2014,3,"Household spending is rising moderately and business fixed investment is advancing, while the recovery in the housing sector remains slow.","Household spending rising moderately business fixed investment advancing, recovery housing sector remains slow.",3,0.7615962,0.17577657,0.06262733,-0.6989689,FALSE,"Topic 3: household, spending, fixed, business, investment, housing"
10/29/2014,2014,10/29/2014,4,Inflation has continued to run below the Committee's longer-run objective.,Inflation continued run Committee's longer-run objective.,0,0.014022922,0.94313586,0.04284124,0.028818319,FALSE,"Topic 0: percent, funds, target, committee, rate, federal"
10/29/2014,2014,10/29/2014,5,Market-based measures of inflation compensation have declined somewhat; survey-based measures of longer-term inflation expectations have remained stable.,Market-based measures inflation compensation declined somewhat; survey-based measures longer-term inflation expectations remained stable.,-1,0.015329082,0.96044296,0.024227947,0.008898865,FALSE,Topic -1
10/29/2014,2014,10/29/2014,6,"Consistent with its statutory mandate, the Committee seeks to foster maximum employment and price stability.","Consistent statutory mandate, Committee seeks foster maximum employment price stability.",4,0.23863597,0.014581954,0.74678206,0.5081461,FALSE,"Topic 4: statutory, foster, seeks, mandate, stability, price"
10/29/2014,2014,10/29/2014,7,"The Committee expects that, with appropriate policy accommodation, economic activity will expand at a moderate pace, with labor market indicators and inflation moving toward levels the Committee judges consistent with its dual mandate.","Committee expects that, appropriate policy accommodation, economic activity expand moderate pace, labor market indicators inflation moving toward levels Committee judges consistent dual mandate.",0,0.94222337,0.013741463,0.044035237,-0.8981881,TRUE,"Topic 0: percent, funds, target, committee, rate, federal"
10/29/2014,2014,10/29/2014,8,The Committee sees the risks to the outlook for economic activity and the labor market as nearly balanced.,Committee sees risks outlook economic activity labor market nearly balanced.,30,0.54630685,0.050252605,0.40344056,-0.14286628,FALSE,"Topic 30: nearly, balanced, risks, sees, outlook, activity"
10/29/2014,2014,10/29/2014,9,"Although inflation in the near term will likely be held down by lower energy prices and other factors, the Committee judges that the likelihood of inflation running persistently below 2 percent has diminished somewhat since early this year.","Although inflation near term likely held lower energy prices factors, Committee judges likelihood inflation running persistently 2 percent diminished somewhat since early year.",13,0.17252517,0.80561954,0.021855246,-0.15066992,TRUE,"Topic 13: food, 12month, basis, items, overall, energy"
10/29/2014,2014,10/29/2014,10,The Committee judges that there has been a substantial improvement in the outlook for the labor market since the inception of its current asset purchase program.,Committee judges substantial improvement outlook labor market since inception current asset purchase program.,-1,0.9500658,0.02619008,0.023744147,-0.9263216,FALSE,Topic -1
10/29/2014,2014,10/29/2014,11,"Moreover, the Committee continues to see sufficient underlying strength in the broader economy to support ongoing progress toward maximum employment in a context of price stability.","Moreover, Committee continues see sufficient underlying strength broader economy support ongoing progress toward maximum employment context price stability.",0,0.94613916,0.016337624,0.037523217,-0.90861595,FALSE,"Topic 0: percent, funds, target, committee, rate, federal"
10/29/2014,2014,10/29/2014,12,"Accordingly, the Committee decided to conclude its asset purchase program this month.","Accordingly, Committee decided conclude asset purchase program month.",-1,0.06582778,0.021987448,0.9121848,0.846357,FALSE,Topic -1
10/29/2014,2014,10/29/2014,13,The Committee is maintaining its existing policy of reinvesting principal payments from its holdings of agency debt and agency mortgage-backed securities in agency mortgage-backed securities and of rolling over maturing Treasury securities at auction.,Committee maintaining existing policy reinvesting principal payments holdings agency debt agency mortgage-backed securities agency mortgage-backed securities rolling maturing Treasury securities auction.,2,0.050884582,0.03078063,0.9183348,0.8674502,FALSE,"Topic 2: agency, securities, mortgagebacked, treasury, principal, payments"
10/29/2014,2014,10/29/2014,14,"This policy, by keeping the Committee's holdings of longer-term securities at sizable levels, should help maintain accommodative financial conditions.","policy, keeping Committee's holdings longer-term securities sizable levels, help maintain accommodative financial conditions.",17,0.5632777,0.010686512,0.4260358,-0.13724193,TRUE,"Topic 17: sizable, keeping, help, accommodative, maintain, holdings"
10/29/2014,2014,10/29/2014,15,"To support continued progress toward maximum employment and price stability, the Committee today reaffirmed its view that the current 0 to 1/4 percent target range for the federal funds rate remains appropriate.","support continued progress toward maximum employment price stability, Committee today reaffirmed view current 0 1/4 percent target range federal funds rate remains appropriate.",0,0.6602924,0.032901134,0.30680645,-0.35348594,TRUE,"Topic 0: percent, funds, target, committee, rate, federal"
10/29/2014,2014,10/29/2014,16,"In determining how long to maintain this target range, the Committee will assess progress--both realized and expected--toward its objectives of maximum employment and 2 percent inflation.","determining long maintain target range, Committee assess progress--both realized expected--toward objectives maximum employment 2 percent inflation.",-1,0.7826425,0.01625328,0.20110425,-0.5815382,TRUE,Topic -1
10/29/2014,2014,10/29/2014,17,"This assessment will take into account a wide range of information, including measures of labor market conditions, indicators of inflation pressures and inflation expectations, and readings on financial developments.","assessment take account wide range information, including measures labor market conditions, indicators inflation pressures inflation expectations, readings financial developments.",5,0.06296822,0.017887939,0.91914386,0.85617566,TRUE,"Topic 5: assessment, wide, readings, international, account, pressures"
10/29/2014,2014,10/29/2014,18,"The Committee anticipates, based on its current assessment, that it likely will be appropriate to maintain the 0 to 1/4 percent target range for the federal funds rate for a considerable time following the end of its asset purchase program this month, especially if projected inflation continues to run below the Committee's 2 percent longer-run goal, and provided that longer-term inflation expectations remain well anchored.","Committee anticipates, based current assessment, likely appropriate maintain 0 1/4 percent target range federal funds rate considerable time following end asset purchase program month, especially projected inflation continues run Committee's 2 percent longer-run goal, provided longer-term inflation expectations remain well anchored.",0,0.7335145,0.042718317,0.22376715,-0.5097473,TRUE,"Topic 0: percent, funds, target, committee, rate, federal"
10/29/2014,2014,10/29/2014,19,"However, if incoming information indicates faster progress toward the Committee's employment and inflation objectives than the Committee now expects, then increases in the target range for the federal funds rate are likely to occur sooner than currently anticipated.","However, incoming information indicates faster progress toward Committee's employment inflation objectives Committee expects, increases target range federal funds rate likely occur sooner currently anticipated.",0,0.7759934,0.1415756,0.082431056,-0.6935623,TRUE,"Topic 0: percent, funds, target, committee, rate, federal"
10/29/2014,2014,10/29/2014,20,"Conversely, if progress proves slower than expected, then increases in the target range are likely to occur later than currently anticipated.","Conversely, progress proves slower expected, increases target range likely occur later currently anticipated.",0,0.17829472,0.7341326,0.08757263,-0.09072209,TRUE,"Topic 0: percent, funds, target, committee, rate, federal"
10/29/2014,2014,10/29/2014,21,"When the Committee decides to begin to remove policy accommodation, it will take a balanced approach consistent with its longer-run goals of maximum employment and inflation of 2 percent.","Committee decides begin remove policy accommodation, take balanced approach consistent longer-run goals maximum employment inflation 2 percent.",14,0.18636101,0.022918658,0.79072034,0.6043593,TRUE,"Topic 14: approach, decides, remove, begin, accommodation, balanced"
10/29/2014,2014,10/29/2014,22,"The Committee currently anticipates that, even after employment and inflation are near mandate-consistent levels, economic conditions may, for some time, warrant keeping the target federal funds rate below levels the Committee views as normal in the longer run.","Committee currently anticipates that, even employment inflation near mandate-consistent levels, economic conditions may, time, warrant keeping target federal funds rate levels Committee views normal longer run.",0,0.04067654,0.7631703,0.19615316,0.15547663,TRUE,"Topic 0: percent, funds, target, committee, rate, federal"
12/17/2014,2014,12/17/2014,0,Information received since the Federal Open Market Committee met in October suggests that economic activity is expanding at a moderate pace.,Information received since Federal Open Market Committee met October suggests economic activity expanding moderate pace.,8,0.94317913,0.020743838,0.03607701,-0.9071021,FALSE,"Topic 8: expanding, suggests, received, met, open, activity"
12/17/2014,2014,12/17/2014,1,"Labor market conditions improved further, with solid job gains and a lower unemployment rate.","Labor market conditions improved further, solid job gains lower unemployment rate.",1,0.9561158,0.026619762,0.01726442,-0.93885136,FALSE,"Topic 1: gains, job, unemployment, received, met, open"
12/17/2014,2014,12/17/2014,2,"On balance, a range of labor market indicators suggests that underutilization of labor resources continues to diminish.","balance, range labor market indicators suggests underutilization labor resources continues diminish.",38,0.258741,0.6982956,0.042963464,-0.21577753,FALSE,"Topic 38: resources, underutilization, labor, suggests, indicators, diminished"
12/17/2014,2014,12/17/2014,3,"Household spending is rising moderately and business fixed investment is advancing, while the recovery in the housing sector remains slow.","Household spending rising moderately business fixed investment advancing, recovery housing sector remains slow.",3,0.7615962,0.17577657,0.06262733,-0.6989689,FALSE,"Topic 3: household, spending, fixed, business, investment, housing"
12/17/2014,2014,12/17/2014,4,"Inflation has continued to run below the Committee's longer-run objective, partly reflecting declines in energy prices.","Inflation continued run Committee's longer-run objective, partly reflecting declines energy prices.",0,0.014166852,0.9619225,0.023910675,0.009743823,FALSE,"Topic 0: percent, funds, target, committee, rate, federal"
12/17/2014,2014,12/17/2014,5,Market-based measures of inflation compensation have declined somewhat further; survey-based measures of longer-term inflation expectations have remained stable.,Market-based measures inflation compensation declined somewhat further; survey-based measures longer-term inflation expectations remained stable.,37,0.019136459,0.9561529,0.024710579,0.00557412,FALSE,"Topic 37: measures, compensation, marketbased, surveybased, stable, longerterm"
12/17/2014,2014,12/17/2014,6,"Consistent with its statutory mandate, the Committee seeks to foster maximum employment and price stability.","Consistent statutory mandate, Committee seeks foster maximum employment price stability.",4,0.23863597,0.014581954,0.74678206,0.5081461,FALSE,"Topic 4: statutory, foster, seeks, mandate, stability, price"
12/17/2014,2014,12/17/2014,7,"The Committee expects that, with appropriate policy accommodation, economic activity will expand at a moderate pace, with labor market indicators moving toward levels the Committee judges consistent with its dual mandate.","Committee expects that, appropriate policy accommodation, economic activity expand moderate pace, labor market indicators moving toward levels Committee judges consistent dual mandate.",0,0.94673884,0.014757961,0.03850322,-0.9082356,TRUE,"Topic 0: percent, funds, target, committee, rate, federal"
12/17/2014,2014,12/17/2014,8,The Committee sees the risks to the outlook for economic activity and the labor market as nearly balanced.,Committee sees risks outlook economic activity labor market nearly balanced.,30,0.54630685,0.050252605,0.40344056,-0.14286628,FALSE,"Topic 30: nearly, balanced, risks, sees, outlook, activity"
12/17/2014,2014,12/17/2014,9,The Committee expects inflation to rise gradually toward 2 percent as the labor market improves further and the transitory effects of lower energy prices and other factors dissipate.,Committee expects inflation rise gradually toward 2 percent labor market improves transitory effects lower energy prices factors dissipate.,28,0.9415255,0.018612556,0.03986201,-0.9016635,TRUE,"Topic 28: dissipate, term, rise, declines, import, transitory"
12/17/2014,2014,12/17/2014,10,The Committee continues to monitor inflation developments closely.,Committee continues monitor inflation developments closely.,12,0.06075513,0.025322292,0.91392255,0.8531674,FALSE,"Topic 12: closely, continues, monitor, developments, attentive, global"
12/17/2014,2014,12/17/2014,11,"To support continued progress toward maximum employment and price stability, the Committee today reaffirmed its view that the current 0 to 1/4 percent target range for the federal funds rate remains appropriate.","support continued progress toward maximum employment price stability, Committee today reaffirmed view current 0 1/4 percent target range federal funds rate remains appropriate.",0,0.6602924,0.032901134,0.30680645,-0.35348594,TRUE,"Topic 0: percent, funds, target, committee, rate, federal"
12/17/2014,2014,12/17/2014,12,"In determining how long to maintain this target range, the Committee will assess progress--both realized and expected--toward its objectives of maximum employment and 2 percent inflation.","determining long maintain target range, Committee assess progress--both realized expected--toward objectives maximum employment 2 percent inflation.",-1,0.7826425,0.01625328,0.20110425,-0.5815382,TRUE,Topic -1
12/17/2014,2014,12/17/2014,13,"This assessment will take into account a wide range of information, including measures of labor market conditions, indicators of inflation pressures and inflation expectations, and readings on financial developments.","assessment take account wide range information, including measures labor market conditions, indicators inflation pressures inflation expectations, readings financial developments.",5,0.06296822,0.017887939,0.91914386,0.85617566,TRUE,"Topic 5: assessment, wide, readings, international, account, pressures"
12/17/2014,2014,12/17/2014,14,"Based on its current assessment, the Committee judges that it can be patient in beginning to normalize the stance of monetary policy.","Based current assessment, Committee judges patient beginning normalize stance monetary policy.",0,0.2779895,0.018961571,0.7030489,0.42505938,FALSE,"Topic 0: percent, funds, target, committee, rate, federal"
12/17/2014,2014,12/17/2014,15,"The Committee sees this guidance as consistent with its previous statement that it likely will be appropriate to maintain the 0 to 1/4 percent target range for the federal funds rate for a considerable time following the end of its asset purchase program in October, especially if projected inflation continues to run below the Committee's 2 percent longer-run goal, and provided that longer-term inflation expectations remain well anchored.","Committee sees guidance consistent previous statement likely appropriate maintain 0 1/4 percent target range federal funds rate considerable time following end asset purchase program October, especially projected inflation continues run Committee's 2 percent longer-run goal, provided longer-term inflation expectations remain well anchored.",0,0.7526199,0.04083791,0.20654225,-0.54607767,TRUE,"Topic 0: percent, funds, target, committee, rate, federal"
12/17/2014,2014,12/17/2014,16,"However, if incoming information indicates faster progress toward the Committee's employment and inflation objectives than the Committee now expects, then increases in the target range for the federal funds rate are likely to occur sooner than currently anticipated.","However, incoming information indicates faster progress toward Committee's employment inflation objectives Committee expects, increases target range federal funds rate likely occur sooner currently anticipated.",0,0.7759934,0.1415756,0.082431056,-0.6935623,TRUE,"Topic 0: percent, funds, target, committee, rate, federal"
12/17/2014,2014,12/17/2014,17,"Conversely, if progress proves slower than expected, then increases in the target range are likely to occur later than currently anticipated.","Conversely, progress proves slower expected, increases target range likely occur later currently anticipated.",0,0.17829472,0.7341326,0.08757263,-0.09072209,TRUE,"Topic 0: percent, funds, target, committee, rate, federal"
12/17/2014,2014,12/17/2014,18,The Committee is maintaining its existing policy of reinvesting principal payments from its holdings of agency debt and agency mortgage-backed securities in agency mortgage-backed securities and of rolling over maturing Treasury securities at auction.,Committee maintaining existing policy reinvesting principal payments holdings agency debt agency mortgage-backed securities agency mortgage-backed securities rolling maturing Treasury securities auction.,2,0.050884582,0.03078063,0.9183348,0.8674502,FALSE,"Topic 2: agency, securities, mortgagebacked, treasury, principal, payments"
12/17/2014,2014,12/17/2014,19,"This policy, by keeping the Committee's holdings of longer-term securities at sizable levels, should help maintain accommodative financial conditions.","policy, keeping Committee's holdings longer-term securities sizable levels, help maintain accommodative financial conditions.",17,0.5632777,0.010686512,0.4260358,-0.13724193,TRUE,"Topic 17: sizable, keeping, help, accommodative, maintain, holdings"
12/17/2014,2014,12/17/2014,20,"When the Committee decides to begin to remove policy accommodation, it will take a balanced approach consistent with its longer-run goals of maximum employment and inflation of 2 percent.","Committee decides begin remove policy accommodation, take balanced approach consistent longer-run goals maximum employment inflation 2 percent.",14,0.18636101,0.022918658,0.79072034,0.6043593,TRUE,"Topic 14: approach, decides, remove, begin, accommodation, balanced"
12/17/2014,2014,12/17/2014,21,"The Committee currently anticipates that, even after employment and inflation are near mandate-consistent levels, economic conditions may, for some time, warrant keeping the target federal funds rate below levels the Committee views as normal in the longer run.","Committee currently anticipates that, even employment inflation near mandate-consistent levels, economic conditions may, time, warrant keeping target federal funds rate levels Committee views normal longer run.",0,0.04067654,0.7631703,0.19615316,0.15547663,TRUE,"Topic 0: percent, funds, target, committee, rate, federal"
1/28/2015,2015,1/28/2015,0,Information received since the Federal Open Market Committee met in December suggests that economic activity has been expanding at a solid pace.,Information received since Federal Open Market Committee met December suggests economic activity expanding solid pace.,8,0.949535,0.021810493,0.028654521,-0.9208805,FALSE,"Topic 8: expanding, suggests, received, met, open, activity"
1/28/2015,2015,1/28/2015,1,"Labor market conditions have improved further, with strong job gains and a lower unemployment rate.","Labor market conditions improved further, strong job gains lower unemployment rate.",1,0.9568743,0.025920205,0.017205546,-0.9396688,FALSE,"Topic 1: gains, job, unemployment, received, met, open"
1/28/2015,2015,1/28/2015,2,"On balance, a range of labor market indicators suggests that underutilization of labor resources continues to diminish.","balance, range labor market indicators suggests underutilization labor resources continues diminish.",38,0.258741,0.6982956,0.042963464,-0.21577753,FALSE,"Topic 38: resources, underutilization, labor, suggests, indicators, diminished"
1/28/2015,2015,1/28/2015,3,Household spending is rising moderately; recent declines in energy prices have boosted household purchasing power.,Household spending rising moderately; recent declines energy prices boosted household purchasing power.,3,0.9538309,0.022682114,0.023487033,-0.93034387,FALSE,"Topic 3: household, spending, fixed, business, investment, housing"
1/28/2015,2015,1/28/2015,4,"Business fixed investment is advancing, while the recovery in the housing sector remains slow.","Business fixed investment advancing, recovery housing sector remains slow.",3,0.71666884,0.18616362,0.09716752,-0.61950135,FALSE,"Topic 3: household, spending, fixed, business, investment, housing"
1/28/2015,2015,1/28/2015,5,"Inflation has declined further below the Committee’s longer-run objective, largely reflecting declines in energy prices.","Inflation declined Committee’s longer-run objective, largely reflecting declines energy prices.",0,0.07340741,0.91112244,0.015470111,-0.0579373,FALSE,"Topic 0: percent, funds, target, committee, rate, federal"
1/28/2015,2015,1/28/2015,6,Market-based measures of inflation compensation have declined substantially in recent months; survey-based measures of longer-term inflation expectations have remained stable.,Market-based measures inflation compensation declined substantially recent months; survey-based measures longer-term inflation expectations remained stable.,37,0.011115151,0.9678151,0.021069814,0.009954663,FALSE,"Topic 37: measures, compensation, marketbased, surveybased, stable, longerterm"
1/28/2015,2015,1/28/2015,7,"Consistent with its statutory mandate, the Committee seeks to foster maximum employment and price stability.","Consistent statutory mandate, Committee seeks foster maximum employment price stability.",4,0.23863597,0.014581954,0.74678206,0.5081461,FALSE,"Topic 4: statutory, foster, seeks, mandate, stability, price"
1/28/2015,2015,1/28/2015,8,"The Committee expects that, with appropriate policy accommodation, economic activity will expand at a moderate pace, with labor market indicators continuing to move toward levels the Committee judges consistent with its dual mandate.","Committee expects that, appropriate policy accommodation, economic activity expand moderate pace, labor market indicators continuing move toward levels Committee judges consistent dual mandate.",0,0.9473105,0.015427349,0.037262116,-0.91004837,TRUE,"Topic 0: percent, funds, target, committee, rate, federal"
1/28/2015,2015,1/28/2015,9,The Committee continues to see the risks to the outlook for economic activity and the labor market as nearly balanced.,Committee continues see risks outlook economic activity labor market nearly balanced.,30,0.8347802,0.029765638,0.13545422,-0.699326,FALSE,"Topic 30: nearly, balanced, risks, sees, outlook, activity"
1/28/2015,2015,1/28/2015,10,"Inflation is anticipated to decline further in the near term, but the Committee expects inflation to rise gradually toward 2 percent over the medium term as the labor market improves further and the transitory effects of lower energy prices and other factors dissipate.","Inflation anticipated decline near term, Committee expects inflation rise gradually toward 2 percent medium term labor market improves transitory effects lower energy prices factors dissipate.",28,0.9304743,0.044959385,0.02456639,-0.90590787,TRUE,"Topic 28: dissipate, term, rise, declines, import, transitory"
1/28/2015,2015,1/28/2015,11,The Committee continues to monitor inflation developments closely.,Committee continues monitor inflation developments closely.,12,0.06075513,0.025322292,0.91392255,0.8531674,FALSE,"Topic 12: closely, continues, monitor, developments, attentive, global"
1/28/2015,2015,1/28/2015,12,"To support continued progress toward maximum employment and price stability, the Committee today reaffirmed its view that the current 0 to 1/4 percent target range for the federal funds rate remains appropriate.","support continued progress toward maximum employment price stability, Committee today reaffirmed view current 0 1/4 percent target range federal funds rate remains appropriate.",0,0.6602924,0.032901134,0.30680645,-0.35348594,TRUE,"Topic 0: percent, funds, target, committee, rate, federal"
1/28/2015,2015,1/28/2015,13,"In determining how long to maintain this target range, the Committee will assess progress--both realized and expected--toward its objectives of maximum employment and 2 percent inflation.","determining long maintain target range, Committee assess progress--both realized expected--toward objectives maximum employment 2 percent inflation.",-1,0.7826425,0.01625328,0.20110425,-0.5815382,TRUE,Topic -1
1/28/2015,2015,1/28/2015,14,"This assessment will take into account a wide range of information, including measures of labor market conditions, indicators of inflation pressures and inflation expectations, and readings on financial and international developments.","assessment take account wide range information, including measures labor market conditions, indicators inflation pressures inflation expectations, readings financial international developments.",5,0.06629161,0.016669849,0.9170385,0.85074687,TRUE,"Topic 5: assessment, wide, readings, international, account, pressures"
1/28/2015,2015,1/28/2015,15,"Based on its current assessment, the Committee judges that it can be patient in beginning to normalize the stance of monetary policy.","Based current assessment, Committee judges patient beginning normalize stance monetary policy.",0,0.2779895,0.018961571,0.7030489,0.42505938,FALSE,"Topic 0: percent, funds, target, committee, rate, federal"
1/28/2015,2015,1/28/2015,16,"However, if incoming information indicates faster progress toward the Committee’s employment and inflation objectives than the Committee now expects, then increases in the target range for the federal funds rate are likely to occur sooner than currently anticipated.","However, incoming information indicates faster progress toward Committee’s employment inflation objectives Committee expects, increases target range federal funds rate likely occur sooner currently anticipated.",0,0.77541524,0.13945065,0.08513412,-0.69028115,TRUE,"Topic 0: percent, funds, target, committee, rate, federal"
1/28/2015,2015,1/28/2015,17,"Conversely, if progress proves slower than expected, then increases in the target range are likely to occur later than currently anticipated.","Conversely, progress proves slower expected, increases target range likely occur later currently anticipated.",0,0.17829472,0.7341326,0.08757263,-0.09072209,TRUE,"Topic 0: percent, funds, target, committee, rate, federal"
1/28/2015,2015,1/28/2015,18,The Committee is maintaining its existing policy of reinvesting principal payments from its holdings of agency debt and agency mortgage-backed securities in agency mortgage-backed securities and of rolling over maturing Treasury securities at auction.,Committee maintaining existing policy reinvesting principal payments holdings agency debt agency mortgage-backed securities agency mortgage-backed securities rolling maturing Treasury securities auction.,2,0.050884582,0.03078063,0.9183348,0.8674502,FALSE,"Topic 2: agency, securities, mortgagebacked, treasury, principal, payments"
1/28/2015,2015,1/28/2015,19,"This policy, by keeping the Committee’s holdings of longer-term securities at sizable levels, should help maintain accommodative financial conditions.","policy, keeping Committee’s holdings longer-term securities sizable levels, help maintain accommodative financial conditions.",17,0.5824622,0.010519122,0.40701863,-0.17544356,TRUE,"Topic 17: sizable, keeping, help, accommodative, maintain, holdings"
1/28/2015,2015,1/28/2015,20,"When the Committee decides to begin to remove policy accommodation, it will take a balanced approach consistent with its longer-run goals of maximum employment and inflation of 2 percent.","Committee decides begin remove policy accommodation, take balanced approach consistent longer-run goals maximum employment inflation 2 percent.",14,0.18636101,0.022918658,0.79072034,0.6043593,TRUE,"Topic 14: approach, decides, remove, begin, accommodation, balanced"
1/28/2015,2015,1/28/2015,21,"The Committee currently anticipates that, even after employment and inflation are near mandate-consistent levels, economic conditions may, for some time, warrant keeping the target federal funds rate below levels the Committee views as normal in the longer run.","Committee currently anticipates that, even employment inflation near mandate-consistent levels, economic conditions may, time, warrant keeping target federal funds rate levels Committee views normal longer run.",0,0.040676564,0.76317024,0.19615318,0.15547661,TRUE,"Topic 0: percent, funds, target, committee, rate, federal"
3/18/2015,2015,3/18/2015,0,Information received since the Federal Open Market Committee met in January suggests that economic growth has moderated somewhat.,Information received since Federal Open Market Committee met January suggests economic growth moderated somewhat.,1,0.4122874,0.55753565,0.030176962,-0.38211045,FALSE,"Topic 1: gains, job, unemployment, received, met, open"
3/18/2015,2015,3/18/2015,1,"Labor market conditions have improved further, with strong job gains and a lower unemployment rate.","Labor market conditions improved further, strong job gains lower unemployment rate.",1,0.9568743,0.025920205,0.017205546,-0.9396688,FALSE,"Topic 1: gains, job, unemployment, received, met, open"
3/18/2015,2015,3/18/2015,2,A range of labor market indicators suggests that underutilization of labor resources continues to diminish.,range labor market indicators suggests underutilization labor resources continues diminish.,38,0.20227952,0.7526317,0.045088813,-0.15719071,FALSE,"Topic 38: resources, underutilization, labor, suggests, indicators, diminished"
3/18/2015,2015,3/18/2015,3,Household spending is rising moderately; declines in energy prices have boosted household purchasing power.,Household spending rising moderately; declines energy prices boosted household purchasing power.,3,0.95358044,0.023467965,0.022951582,-0.93062884,FALSE,"Topic 3: household, spending, fixed, business, investment, housing"
3/18/2015,2015,3/18/2015,4,"Business fixed investment is advancing, while the recovery in the housing sector remains slow and export growth has weakened.","Business fixed investment advancing, recovery housing sector remains slow export growth weakened.",3,0.03271598,0.942449,0.024835171,-0.007880809,FALSE,"Topic 3: household, spending, fixed, business, investment, housing"
3/18/2015,2015,3/18/2015,5,"Inflation has declined further below the Committee's longer-run objective, largely reflecting declines in energy prices.","Inflation declined Committee's longer-run objective, largely reflecting declines energy prices.",0,0.07007923,0.9147249,0.015195923,-0.05488331,FALSE,"Topic 0: percent, funds, target, committee, rate, federal"
3/18/2015,2015,3/18/2015,6,Market-based measures of inflation compensation remain low; survey-based measures of longer-term inflation expectations have remained stable.,Market-based measures inflation compensation remain low; survey-based measures longer-term inflation expectations remained stable.,37,0.20123754,0.61075175,0.18801066,-0.013226882,FALSE,"Topic 37: measures, compensation, marketbased, surveybased, stable, longerterm"
3/18/2015,2015,3/18/2015,7,"Consistent with its statutory mandate, the Committee seeks to foster maximum employment and price stability.","Consistent statutory mandate, Committee seeks foster maximum employment price stability.",4,0.23863597,0.014581954,0.74678206,0.5081461,FALSE,"Topic 4: statutory, foster, seeks, mandate, stability, price"
3/18/2015,2015,3/18/2015,8,"The Committee expects that, with appropriate policy accommodation, economic activity will expand at a moderate pace, with labor market indicators continuing to move toward levels the Committee judges consistent with its dual mandate.","Committee expects that, appropriate policy accommodation, economic activity expand moderate pace, labor market indicators continuing move toward levels Committee judges consistent dual mandate.",0,0.9473105,0.015427349,0.037262116,-0.91004837,TRUE,"Topic 0: percent, funds, target, committee, rate, federal"
3/18/2015,2015,3/18/2015,9,The Committee continues to see the risks to the outlook for economic activity and the labor market as nearly balanced.,Committee continues see risks outlook economic activity labor market nearly balanced.,30,0.8347802,0.029765638,0.13545422,-0.699326,FALSE,"Topic 30: nearly, balanced, risks, sees, outlook, activity"
3/18/2015,2015,3/18/2015,10,"Inflation is anticipated to remain near its recent low level in the near term, but the Committee expects inflation to rise gradually toward 2 percent over the medium term as the labor market improves further and the transitory effects of energy price declines and other factors dissipate.","Inflation anticipated remain near recent low level near term, Committee expects inflation rise gradually toward 2 percent medium term labor market improves transitory effects energy price declines factors dissipate.",28,0.9250639,0.042453893,0.03248215,-0.89258176,TRUE,"Topic 28: dissipate, term, rise, declines, import, transitory"
3/18/2015,2015,3/18/2015,11,The Committee continues to monitor inflation developments closely.,Committee continues monitor inflation developments closely.,12,0.06075513,0.025322292,0.91392255,0.8531674,FALSE,"Topic 12: closely, continues, monitor, developments, attentive, global"
3/18/2015,2015,3/18/2015,12,"To support continued progress toward maximum employment and price stability, the Committee today reaffirmed its view that the current 0 to 1/4 percent target range for the federal funds rate remains appropriate.","support continued progress toward maximum employment price stability, Committee today reaffirmed view current 0 1/4 percent target range federal funds rate remains appropriate.",0,0.6602924,0.032901134,0.30680645,-0.35348594,TRUE,"Topic 0: percent, funds, target, committee, rate, federal"
3/18/2015,2015,3/18/2015,13,"In determining how long to maintain this target range, the Committee will assess progress--both realized and expected--toward its objectives of maximum employment and 2 percent inflation.","determining long maintain target range, Committee assess progress--both realized expected--toward objectives maximum employment 2 percent inflation.",-1,0.7826425,0.01625328,0.20110425,-0.5815382,TRUE,Topic -1
3/18/2015,2015,3/18/2015,14,"This assessment will take into account a wide range of information, including measures of labor market conditions, indicators of inflation pressures and inflation expectations, and readings on financial and international developments.","assessment take account wide range information, including measures labor market conditions, indicators inflation pressures inflation expectations, readings financial international developments.",5,0.06629161,0.016669849,0.9170385,0.85074687,TRUE,"Topic 5: assessment, wide, readings, international, account, pressures"
3/18/2015,2015,3/18/2015,15,"Consistent with its previous statement, the Committee judges that an increase in the target range for the federal funds rate remains unlikely at the April FOMC meeting.","Consistent previous statement, Committee judges increase target range federal funds rate remains unlikely April FOMC meeting.",0,0.1688193,0.37747017,0.45371056,0.28489125,FALSE,"Topic 0: percent, funds, target, committee, rate, federal"
3/18/2015,2015,3/18/2015,16,The Committee anticipates that it will be appropriate to raise the target range for the federal funds rate when it has seen further improvement in the labor market and is reasonably confident that inflation will move back to its 2 percent objective over the medium term.,Committee anticipates appropriate raise target range federal funds rate seen improvement labor market reasonably confident inflation move back 2 percent objective medium term.,0,0.9040068,0.016960435,0.07903283,-0.82497394,TRUE,"Topic 0: percent, funds, target, committee, rate, federal"
3/18/2015,2015,3/18/2015,17,This change in the forward guidance does not indicate that the Committee has decided on the timing of the initial increase in the target range.,change forward guidance indicate Committee decided timing initial increase target range.,0,0.04291636,0.025579069,0.9315046,0.88858825,FALSE,"Topic 0: percent, funds, target, committee, rate, federal"
3/18/2015,2015,3/18/2015,18,The Committee is maintaining its existing policy of reinvesting principal payments from its holdings of agency debt and agency mortgage-backed securities in agency mortgage-backed securities and of rolling over maturing Treasury securities at auction.,Committee maintaining existing policy reinvesting principal payments holdings agency debt agency mortgage-backed securities agency mortgage-backed securities rolling maturing Treasury securities auction.,2,0.050884582,0.03078063,0.9183348,0.8674502,FALSE,"Topic 2: agency, securities, mortgagebacked, treasury, principal, payments"
3/18/2015,2015,3/18/2015,19,"This policy, by keeping the Committee's holdings of longer-term securities at sizable levels, should help maintain accommodative financial conditions.","policy, keeping Committee's holdings longer-term securities sizable levels, help maintain accommodative financial conditions.",17,0.5632777,0.010686512,0.4260358,-0.13724193,TRUE,"Topic 17: sizable, keeping, help, accommodative, maintain, holdings"
3/18/2015,2015,3/18/2015,20,"When the Committee decides to begin to remove policy accommodation, it will take a balanced approach consistent with its longer-run goals of maximum employment and inflation of 2 percent.","Committee decides begin remove policy accommodation, take balanced approach consistent longer-run goals maximum employment inflation 2 percent.",14,0.18636101,0.022918658,0.79072034,0.6043593,TRUE,"Topic 14: approach, decides, remove, begin, accommodation, balanced"
3/18/2015,2015,3/18/2015,21,"The Committee currently anticipates that, even after employment and inflation are near mandate-consistent levels, economic conditions may, for some time, warrant keeping the target federal funds rate below levels the Committee views as normal in the longer run.","Committee currently anticipates that, even employment inflation near mandate-consistent levels, economic conditions may, time, warrant keeping target federal funds rate levels Committee views normal longer run.",0,0.040676564,0.76317024,0.19615318,0.15547661,TRUE,"Topic 0: percent, funds, target, committee, rate, federal"
4/29/2015,2015,4/29/2015,0,"Information received since the Federal Open Market Committee met in March suggests that economic growth slowed during the winter months, in part reflecting transitory factors.","Information received since Federal Open Market Committee met March suggests economic growth slowed winter months, part reflecting transitory factors.",1,0.01519691,0.9645568,0.020246299,0.005049389,FALSE,"Topic 1: gains, job, unemployment, received, met, open"
4/29/2015,2015,4/29/2015,1,"The pace of job gains moderated, and the unemployment rate remained steady.","pace job gains moderated, unemployment rate remained steady.",1,0.8344458,0.12946199,0.036092192,-0.79835355,FALSE,"Topic 1: gains, job, unemployment, received, met, open"
4/29/2015,2015,4/29/2015,2,A range of labor market indicators suggests that underutilization of labor resources was little changed.,range labor market indicators suggests underutilization labor resources little changed.,38,0.57228404,0.23011789,0.19759807,-0.37468597,FALSE,"Topic 38: resources, underutilization, labor, suggests, indicators, diminished"
4/29/2015,2015,4/29/2015,3,"Growth in household spending declined; households' real incomes rose strongly, partly reflecting earlier declines in energy prices, and consumer sentiment remains high.","Growth household spending declined; households' real incomes rose strongly, partly reflecting earlier declines energy prices, consumer sentiment remains high.",3,0.31914982,0.65404195,0.026808254,-0.29234156,FALSE,"Topic 3: household, spending, fixed, business, investment, housing"
4/29/2015,2015,4/29/2015,4,"Business fixed investment softened, the recovery in the housing sector remained slow, and exports declined.","Business fixed investment softened, recovery housing sector remained slow, exports declined.",3,0.02497055,0.95243365,0.022595879,-0.002374671,FALSE,"Topic 3: household, spending, fixed, business, investment, housing"
4/29/2015,2015,4/29/2015,5,"Inflation continued to run below the Committee's longer-run objective, partly reflecting earlier declines in energy prices and decreasing prices of non-energy imports.","Inflation continued run Committee's longer-run objective, partly reflecting earlier declines energy prices decreasing prices non-energy imports.",0,0.02057125,0.95392215,0.025506595,0.004935345,FALSE,"Topic 0: percent, funds, target, committee, rate, federal"
4/29/2015,2015,4/29/2015,6,Market-based measures of inflation compensation remain low; survey-based measures of longer-term inflation expectations have remained stable.,Market-based measures inflation compensation remain low; survey-based measures longer-term inflation expectations remained stable.,37,0.20123754,0.61075175,0.18801066,-0.013226882,FALSE,"Topic 37: measures, compensation, marketbased, surveybased, stable, longerterm"
4/29/2015,2015,4/29/2015,7,"Consistent with its statutory mandate, the Committee seeks to foster maximum employment and price stability.","Consistent statutory mandate, Committee seeks foster maximum employment price stability.",4,0.23863597,0.014581954,0.74678206,0.5081461,FALSE,"Topic 4: statutory, foster, seeks, mandate, stability, price"
4/29/2015,2015,4/29/2015,8,"Although growth in output and employment slowed during the first quarter, the Committee continues to expect that, with appropriate policy accommodation, economic activity will expand at a moderate pace, with labor market indicators continuing to move toward levels the Committee judges consistent with its dual mandate.","Although growth output employment slowed first quarter, Committee continues expect that, appropriate policy accommodation, economic activity expand moderate pace, labor market indicators continuing move toward levels Committee judges consistent dual mandate.",0,0.94580823,0.020584019,0.033607736,-0.9122005,TRUE,"Topic 0: percent, funds, target, committee, rate, federal"
4/29/2015,2015,4/29/2015,9,The Committee continues to see the risks to the outlook for economic activity and the labor market as nearly balanced.,Committee continues see risks outlook economic activity labor market nearly balanced.,30,0.8347802,0.029765638,0.13545422,-0.699326,FALSE,"Topic 30: nearly, balanced, risks, sees, outlook, activity"
4/29/2015,2015,4/29/2015,10,"Inflation is anticipated to remain near its recent low level in the near term, but the Committee expects inflation to rise gradually toward 2 percent over the medium term as the labor market improves further and the transitory effects of declines in energy and import prices dissipate.","Inflation anticipated remain near recent low level near term, Committee expects inflation rise gradually toward 2 percent medium term labor market improves transitory effects declines energy import prices dissipate.",28,0.92253745,0.04550179,0.031960767,-0.89057666,TRUE,"Topic 28: dissipate, term, rise, declines, import, transitory"
4/29/2015,2015,4/29/2015,11,The Committee continues to monitor inflation developments closely.,Committee continues monitor inflation developments closely.,12,0.06075513,0.025322292,0.91392255,0.8531674,FALSE,"Topic 12: closely, continues, monitor, developments, attentive, global"
4/29/2015,2015,4/29/2015,12,"To support continued progress toward maximum employment and price stability, the Committee today reaffirmed its view that the current 0 to 1/4 percent target range for the federal funds rate remains appropriate.","support continued progress toward maximum employment price stability, Committee today reaffirmed view current 0 1/4 percent target range federal funds rate remains appropriate.",0,0.6602924,0.032901134,0.30680645,-0.35348594,TRUE,"Topic 0: percent, funds, target, committee, rate, federal"
4/29/2015,2015,4/29/2015,13,"In determining how long to maintain this target range, the Committee will assess progress--both realized and expected--toward its objectives of maximum employment and 2 percent inflation.","determining long maintain target range, Committee assess progress--both realized expected--toward objectives maximum employment 2 percent inflation.",-1,0.7826425,0.01625328,0.20110425,-0.5815382,TRUE,Topic -1
4/29/2015,2015,4/29/2015,14,"This assessment will take into account a wide range of information, including measures of labor market conditions, indicators of inflation pressures and inflation expectations, and readings on financial and international developments.","assessment take account wide range information, including measures labor market conditions, indicators inflation pressures inflation expectations, readings financial international developments.",5,0.06629161,0.016669849,0.9170385,0.85074687,TRUE,"Topic 5: assessment, wide, readings, international, account, pressures"
4/29/2015,2015,4/29/2015,15,The Committee anticipates that it will be appropriate to raise the target range for the federal funds rate when it has seen further improvement in the labor market and is reasonably confident that inflation will move back to its 2 percent objective over the medium term.,Committee anticipates appropriate raise target range federal funds rate seen improvement labor market reasonably confident inflation move back 2 percent objective medium term.,0,0.9040068,0.016960435,0.07903283,-0.82497394,TRUE,"Topic 0: percent, funds, target, committee, rate, federal"
4/29/2015,2015,4/29/2015,16,The Committee is maintaining its existing policy of reinvesting principal payments from its holdings of agency debt and agency mortgage-backed securities in agency mortgage-backed securities and of rolling over maturing Treasury securities at auction.,Committee maintaining existing policy reinvesting principal payments holdings agency debt agency mortgage-backed securities agency mortgage-backed securities rolling maturing Treasury securities auction.,2,0.050884582,0.03078063,0.9183348,0.8674502,FALSE,"Topic 2: agency, securities, mortgagebacked, treasury, principal, payments"
4/29/2015,2015,4/29/2015,17,"This policy, by keeping the Committee's holdings of longer-term securities at sizable levels, should help maintain accommodative financial conditions.","policy, keeping Committee's holdings longer-term securities sizable levels, help maintain accommodative financial conditions.",17,0.5632777,0.010686512,0.4260358,-0.13724193,TRUE,"Topic 17: sizable, keeping, help, accommodative, maintain, holdings"
4/29/2015,2015,4/29/2015,18,"When the Committee decides to begin to remove policy accommodation, it will take a balanced approach consistent with its longer-run goals of maximum employment and inflation of 2 percent.","Committee decides begin remove policy accommodation, take balanced approach consistent longer-run goals maximum employment inflation 2 percent.",14,0.18636101,0.022918658,0.79072034,0.6043593,TRUE,"Topic 14: approach, decides, remove, begin, accommodation, balanced"
4/29/2015,2015,4/29/2015,19,"The Committee currently anticipates that, even after employment and inflation are near mandate-consistent levels, economic conditions may, for some time, warrant keeping the target federal funds rate below levels the Committee views as normal in the longer run.","Committee currently anticipates that, even employment inflation near mandate-consistent levels, economic conditions may, time, warrant keeping target federal funds rate levels Committee views normal longer run.",0,0.040676564,0.76317024,0.19615318,0.15547661,TRUE,"Topic 0: percent, funds, target, committee, rate, federal"
6/17/2015,2015,6/17/2015,0,Information received since the Federal Open Market Committee met in April suggests that economic activity has been expanding moderately after having changed little during the first quarter.,Information received since Federal Open Market Committee met April suggests economic activity expanding moderately changed little first quarter.,8,0.9501605,0.027746039,0.022093523,-0.92806697,FALSE,"Topic 8: expanding, suggests, received, met, open, activity"
6/17/2015,2015,6/17/2015,1,The pace of job gains picked up while the unemployment rate remained steady.,pace job gains picked unemployment rate remained steady.,1,0.82857543,0.10402707,0.06739745,-0.76117796,FALSE,"Topic 1: gains, job, unemployment, received, met, open"
6/17/2015,2015,6/17/2015,2,"On balance, a range of labor market indicators suggests that underutilization of labor resources diminished somewhat.","balance, range labor market indicators suggests underutilization labor resources diminished somewhat.",38,0.18795821,0.78351486,0.028526956,-0.15943125,FALSE,"Topic 38: resources, underutilization, labor, suggests, indicators, diminished"
6/17/2015,2015,6/17/2015,3,"Growth in household spending has been moderate and the housing sector has shown some improvement; however, business fixed investment and net exports stayed soft.","Growth household spending moderate housing sector shown improvement; however, business fixed investment net exports stayed soft.",3,0.6082477,0.36335438,0.02839788,-0.57984984,FALSE,"Topic 3: household, spending, fixed, business, investment, housing"
6/17/2015,2015,6/17/2015,4,"Inflation continued to run below the Committee's longer-run objective, partly reflecting earlier declines in energy prices and decreasing prices of non-energy imports; energy prices appear to have stabilized.","Inflation continued run Committee's longer-run objective, partly reflecting earlier declines energy prices decreasing prices non-energy imports; energy prices appear stabilized.",0,0.05835156,0.9215405,0.020108018,-0.038243543,FALSE,"Topic 0: percent, funds, target, committee, rate, federal"
6/17/2015,2015,6/17/2015,5,Market-based measures of inflation compensation remain low; survey-based measures of longer-term inflation expectations have remained stable.,Market-based measures inflation compensation remain low; survey-based measures longer-term inflation expectations remained stable.,37,0.20123754,0.61075175,0.18801066,-0.013226882,FALSE,"Topic 37: measures, compensation, marketbased, surveybased, stable, longerterm"
6/17/2015,2015,6/17/2015,6,"Consistent with its statutory mandate, the Committee seeks to foster maximum employment and price stability.","Consistent statutory mandate, Committee seeks foster maximum employment price stability.",4,0.23863597,0.014581954,0.74678206,0.5081461,FALSE,"Topic 4: statutory, foster, seeks, mandate, stability, price"
6/17/2015,2015,6/17/2015,7,"The Committee expects that, with appropriate policy accommodation, economic activity will expand at a moderate pace, with labor market indicators continuing to move toward levels the Committee judges consistent with its dual mandate.","Committee expects that, appropriate policy accommodation, economic activity expand moderate pace, labor market indicators continuing move toward levels Committee judges consistent dual mandate.",0,0.9473105,0.015427349,0.037262116,-0.91004837,TRUE,"Topic 0: percent, funds, target, committee, rate, federal"
6/17/2015,2015,6/17/2015,8,The Committee continues to see the risks to the outlook for economic activity and the labor market as nearly balanced.,Committee continues see risks outlook economic activity labor market nearly balanced.,30,0.8347802,0.029765638,0.13545422,-0.699326,FALSE,"Topic 30: nearly, balanced, risks, sees, outlook, activity"
6/17/2015,2015,6/17/2015,9,"Inflation is anticipated to remain near its recent low level in the near term, but the Committee expects inflation to rise gradually toward 2 percent over the medium term as the labor market improves further and the transitory effects of earlier declines in energy and import prices dissipate.","Inflation anticipated remain near recent low level near term, Committee expects inflation rise gradually toward 2 percent medium term labor market improves transitory effects earlier declines energy import prices dissipate.",28,0.9238603,0.04633875,0.02980094,-0.89405936,TRUE,"Topic 28: dissipate, term, rise, declines, import, transitory"
6/17/2015,2015,6/17/2015,10,The Committee continues to monitor inflation developments closely.,Committee continues monitor inflation developments closely.,12,0.06075513,0.025322292,0.91392255,0.8531674,FALSE,"Topic 12: closely, continues, monitor, developments, attentive, global"
6/17/2015,2015,6/17/2015,11,"To support continued progress toward maximum employment and price stability, the Committee today reaffirmed its view that the current 0 to 1/4 percent target range for the federal funds rate remains appropriate.","support continued progress toward maximum employment price stability, Committee today reaffirmed view current 0 1/4 percent target range federal funds rate remains appropriate.",0,0.6602924,0.032901134,0.30680645,-0.35348594,TRUE,"Topic 0: percent, funds, target, committee, rate, federal"
6/17/2015,2015,6/17/2015,12,"In determining how long to maintain this target range, the Committee will assess progress--both realized and expected--toward its objectives of maximum employment and 2 percent inflation.","determining long maintain target range, Committee assess progress--both realized expected--toward objectives maximum employment 2 percent inflation.",-1,0.7826425,0.01625328,0.20110425,-0.5815382,TRUE,Topic -1
6/17/2015,2015,6/17/2015,13,"This assessment will take into account a wide range of information, including measures of labor market conditions, indicators of inflation pressures and inflation expectations, and readings on financial and international developments.","assessment take account wide range information, including measures labor market conditions, indicators inflation pressures inflation expectations, readings financial international developments.",5,0.06629161,0.016669849,0.9170385,0.85074687,TRUE,"Topic 5: assessment, wide, readings, international, account, pressures"
6/17/2015,2015,6/17/2015,14,The Committee anticipates that it will be appropriate to raise the target range for the federal funds rate when it has seen further improvement in the labor market and is reasonably confident that inflation will move back to its 2 percent objective over the medium term.,Committee anticipates appropriate raise target range federal funds rate seen improvement labor market reasonably confident inflation move back 2 percent objective medium term.,0,0.9040068,0.016960435,0.07903283,-0.82497394,TRUE,"Topic 0: percent, funds, target, committee, rate, federal"
6/17/2015,2015,6/17/2015,15,The Committee is maintaining its existing policy of reinvesting principal payments from its holdings of agency debt and agency mortgage-backed securities in agency mortgage-backed securities and of rolling over maturing Treasury securities at auction.,Committee maintaining existing policy reinvesting principal payments holdings agency debt agency mortgage-backed securities agency mortgage-backed securities rolling maturing Treasury securities auction.,2,0.050884582,0.03078063,0.9183348,0.8674502,FALSE,"Topic 2: agency, securities, mortgagebacked, treasury, principal, payments"
6/17/2015,2015,6/17/2015,16,"This policy, by keeping the Committee's holdings of longer-term securities at sizable levels, should help maintain accommodative financial conditions.","policy, keeping Committee's holdings longer-term securities sizable levels, help maintain accommodative financial conditions.",17,0.5632777,0.010686512,0.4260358,-0.13724193,TRUE,"Topic 17: sizable, keeping, help, accommodative, maintain, holdings"
6/17/2015,2015,6/17/2015,17,"When the Committee decides to begin to remove policy accommodation, it will take a balanced approach consistent with its longer-run goals of maximum employment and inflation of 2 percent.","Committee decides begin remove policy accommodation, take balanced approach consistent longer-run goals maximum employment inflation 2 percent.",14,0.18636101,0.022918658,0.79072034,0.6043593,TRUE,"Topic 14: approach, decides, remove, begin, accommodation, balanced"
6/17/2015,2015,6/17/2015,18,"The Committee currently anticipates that, even after employment and inflation are near mandate-consistent levels, economic conditions may, for some time, warrant keeping the target federal funds rate below levels the Committee views as normal in the longer run.","Committee currently anticipates that, even employment inflation near mandate-consistent levels, economic conditions may, time, warrant keeping target federal funds rate levels Committee views normal longer run.",0,0.040676564,0.76317024,0.19615318,0.15547661,TRUE,"Topic 0: percent, funds, target, committee, rate, federal"
7/29/2015,2015,7/29/2015,0,Information received since the Federal Open Market Committee met in June indicates that economic activity has been expanding moderately in recent months.,Information received since Federal Open Market Committee met June indicates economic activity expanding moderately recent months.,8,0.952004,0.0233687,0.024627313,-0.9273767,FALSE,"Topic 8: expanding, suggests, received, met, open, activity"
7/29/2015,2015,7/29/2015,1,"Growth in household spending has been moderate and the housing sector has shown additional improvement; however, business fixed investment and net exports stayed soft.","Growth household spending moderate housing sector shown additional improvement; however, business fixed investment net exports stayed soft.",3,0.80205536,0.1754401,0.022504512,-0.77955085,FALSE,"Topic 3: household, spending, fixed, business, investment, housing"
7/29/2015,2015,7/29/2015,2,"The labor market continued to improve, with solid job gains and declining unemployment.","labor market continued improve, solid job gains declining unemployment.",1,0.9466702,0.036934916,0.016394895,-0.93027526,FALSE,"Topic 1: gains, job, unemployment, received, met, open"
7/29/2015,2015,7/29/2015,3,"On balance, a range of labor market indicators suggests that underutilization of labor resources has diminished since early this year.","balance, range labor market indicators suggests underutilization labor resources diminished since early year.",38,0.039883155,0.9393208,0.020796055,-0.0190871,FALSE,"Topic 38: resources, underutilization, labor, suggests, indicators, diminished"
7/29/2015,2015,7/29/2015,4,"Inflation continued to run below the Committee's longer-run objective, partly reflecting earlier declines in energy prices and decreasing prices of non-energy imports.","Inflation continued run Committee's longer-run objective, partly reflecting earlier declines energy prices decreasing prices non-energy imports.",0,0.02057125,0.95392215,0.025506595,0.004935345,FALSE,"Topic 0: percent, funds, target, committee, rate, federal"
7/29/2015,2015,7/29/2015,5,Market-based measures of inflation compensation remain low; survey‑based measures of longer-term inflation expectations have remained stable.,Market-based measures inflation compensation remain low; survey‑based measures longer-term inflation expectations remained stable.,37,0.21149737,0.6175404,0.17096224,-0.040535122,FALSE,"Topic 37: measures, compensation, marketbased, surveybased, stable, longerterm"
7/29/2015,2015,7/29/2015,6,"Consistent with its statutory mandate, the Committee seeks to foster maximum employment and price stability.","Consistent statutory mandate, Committee seeks foster maximum employment price stability.",4,0.23863597,0.014581954,0.74678206,0.5081461,FALSE,"Topic 4: statutory, foster, seeks, mandate, stability, price"
7/29/2015,2015,7/29/2015,7,"The Committee expects that, with appropriate policy accommodation, economic activity will expand at a moderate pace, with labor market indicators continuing to move toward levels the Committee judges consistent with its dual mandate.","Committee expects that, appropriate policy accommodation, economic activity expand moderate pace, labor market indicators continuing move toward levels Committee judges consistent dual mandate.",0,0.9473105,0.015427349,0.037262116,-0.91004837,TRUE,"Topic 0: percent, funds, target, committee, rate, federal"
7/29/2015,2015,7/29/2015,8,The Committee continues to see the risks to the outlook for economic activity and the labor market as nearly balanced.,Committee continues see risks outlook economic activity labor market nearly balanced.,30,0.8347802,0.029765638,0.13545422,-0.699326,FALSE,"Topic 30: nearly, balanced, risks, sees, outlook, activity"
7/29/2015,2015,7/29/2015,9,"Inflation is anticipated to remain near its recent low level in the near term, but the Committee expects inflation to rise gradually toward 2 percent over the medium term as the labor market improves further and the transitory effects of earlier declines in energy and import prices dissipate.","Inflation anticipated remain near recent low level near term, Committee expects inflation rise gradually toward 2 percent medium term labor market improves transitory effects earlier declines energy import prices dissipate.",28,0.9238603,0.04633875,0.02980094,-0.89405936,TRUE,"Topic 28: dissipate, term, rise, declines, import, transitory"
7/29/2015,2015,7/29/2015,10,The Committee continues to monitor inflation developments closely.,Committee continues monitor inflation developments closely.,12,0.06075513,0.025322292,0.91392255,0.8531674,FALSE,"Topic 12: closely, continues, monitor, developments, attentive, global"
7/29/2015,2015,7/29/2015,11,"To support continued progress toward maximum employment and price stability, the Committee today reaffirmed its view that the current 0 to 1/4 percent target range for the federal funds rate remains appropriate.","support continued progress toward maximum employment price stability, Committee today reaffirmed view current 0 1/4 percent target range federal funds rate remains appropriate.",0,0.6602924,0.032901134,0.30680645,-0.35348594,TRUE,"Topic 0: percent, funds, target, committee, rate, federal"
7/29/2015,2015,7/29/2015,12,"In determining how long to maintain this target range, the Committee will assess progress--both realized and expected--toward its objectives of maximum employment and 2 percent inflation.","determining long maintain target range, Committee assess progress--both realized expected--toward objectives maximum employment 2 percent inflation.",-1,0.7826425,0.01625328,0.20110425,-0.5815382,TRUE,Topic -1
7/29/2015,2015,7/29/2015,13,"This assessment will take into account a wide range of information, including measures of labor market conditions, indicators of inflation pressures and inflation expectations, and readings on financial and international developments.","assessment take account wide range information, including measures labor market conditions, indicators inflation pressures inflation expectations, readings financial international developments.",5,0.06629161,0.016669849,0.9170385,0.85074687,TRUE,"Topic 5: assessment, wide, readings, international, account, pressures"
7/29/2015,2015,7/29/2015,14,The Committee anticipates that it will be appropriate to raise the target range for the federal funds rate when it has seen some further improvement in the labor market and is reasonably confident that inflation will move back to its 2 percent objective over the medium term.,Committee anticipates appropriate raise target range federal funds rate seen improvement labor market reasonably confident inflation move back 2 percent objective medium term.,0,0.90371275,0.017220212,0.07906703,-0.8246457,TRUE,"Topic 0: percent, funds, target, committee, rate, federal"
7/29/2015,2015,7/29/2015,15,The Committee is maintaining its existing policy of reinvesting principal payments from its holdings of agency debt and agency mortgage-backed securities in agency mortgage-backed securities and of rolling over maturing Treasury securities at auction.,Committee maintaining existing policy reinvesting principal payments holdings agency debt agency mortgage-backed securities agency mortgage-backed securities rolling maturing Treasury securities auction.,2,0.050884582,0.03078063,0.9183348,0.8674502,FALSE,"Topic 2: agency, securities, mortgagebacked, treasury, principal, payments"
7/29/2015,2015,7/29/2015,16,"This policy, by keeping the Committee's holdings of longer-term securities at sizable levels, should help maintain accommodative financial conditions.","policy, keeping Committee's holdings longer-term securities sizable levels, help maintain accommodative financial conditions.",17,0.5632777,0.010686512,0.4260358,-0.13724193,TRUE,"Topic 17: sizable, keeping, help, accommodative, maintain, holdings"
7/29/2015,2015,7/29/2015,17,"When the Committee decides to begin to remove policy accommodation, it will take a balanced approach consistent with its longer-run goals of maximum employment and inflation of 2 percent.","Committee decides begin remove policy accommodation, take balanced approach consistent longer-run goals maximum employment inflation 2 percent.",14,0.18636101,0.022918658,0.79072034,0.6043593,TRUE,"Topic 14: approach, decides, remove, begin, accommodation, balanced"
7/29/2015,2015,7/29/2015,18,"The Committee currently anticipates that, even after employment and inflation are near mandate-consistent levels, economic conditions may, for some time, warrant keeping the target federal funds rate below levels the Committee views as normal in the longer run.","Committee currently anticipates that, even employment inflation near mandate-consistent levels, economic conditions may, time, warrant keeping target federal funds rate levels Committee views normal longer run.",0,0.040676564,0.76317024,0.19615318,0.15547661,TRUE,"Topic 0: percent, funds, target, committee, rate, federal"
9/17/2015,2015,9/17/2015,0,Information received since the Federal Open Market Committee met in July suggests that economic activity is expanding at a moderate pace.,Information received since Federal Open Market Committee met July suggests economic activity expanding moderate pace.,8,0.94284594,0.020694517,0.036459535,-0.9063864,FALSE,"Topic 8: expanding, suggests, received, met, open, activity"
9/17/2015,2015,9/17/2015,1,"Household spending and business fixed investment have been increasing moderately, and the housing sector has improved further; however, net exports have been soft.","Household spending business fixed investment increasing moderately, housing sector improved further; however, net exports soft.",3,0.9111452,0.07155365,0.017301185,-0.893844,FALSE,"Topic 3: household, spending, fixed, business, investment, housing"
9/17/2015,2015,9/17/2015,2,"The labor market continued to improve, with solid job gains and declining unemployment.","labor market continued improve, solid job gains declining unemployment.",1,0.9466702,0.036934916,0.016394895,-0.93027526,FALSE,"Topic 1: gains, job, unemployment, received, met, open"
9/17/2015,2015,9/17/2015,3,"On balance, labor market indicators show that underutilization of labor resources has diminished since early this year.","balance, labor market indicators show underutilization labor resources diminished since early year.",38,0.03726307,0.94669557,0.016041318,-0.021221751,FALSE,"Topic 38: resources, underutilization, labor, suggests, indicators, diminished"
9/17/2015,2015,9/17/2015,4,"Inflation has continued to run below the Committee's longer-run objective, partly reflecting declines in energy prices and in prices of non-energy imports.","Inflation continued run Committee's longer-run objective, partly reflecting declines energy prices prices non-energy imports.",0,0.010939069,0.96604186,0.02301911,0.012080042,FALSE,"Topic 0: percent, funds, target, committee, rate, federal"
9/17/2015,2015,9/17/2015,5,Market-based measures of inflation compensation moved lower; survey-based measures of longer-term inflation expectations have remained stable.,Market-based measures inflation compensation moved lower; survey-based measures longer-term inflation expectations remained stable.,37,0.07938358,0.8751557,0.045460645,-0.033922937,FALSE,"Topic 37: measures, compensation, marketbased, surveybased, stable, longerterm"
9/17/2015,2015,9/17/2015,6,"Consistent with its statutory mandate, the Committee seeks to foster maximum employment and price stability.","Consistent statutory mandate, Committee seeks foster maximum employment price stability.",4,0.23863597,0.014581954,0.74678206,0.5081461,FALSE,"Topic 4: statutory, foster, seeks, mandate, stability, price"
9/17/2015,2015,9/17/2015,7,Recent global economic and financial developments may restrain economic activity somewhat and are likely to put further downward pressure on inflation in the near term.,Recent global economic financial developments may restrain economic activity somewhat likely put downward pressure inflation near term.,-1,0.011183616,0.95438576,0.034430627,0.023247011,TRUE,Topic -1
9/17/2015,2015,9/17/2015,8,"Nonetheless, the Committee expects that, with appropriate policy accommodation, economic activity will expand at a moderate pace, with labor market indicators continuing to move toward levels the Committee judges consistent with its dual mandate.","Nonetheless, Committee expects that, appropriate policy accommodation, economic activity expand moderate pace, labor market indicators continuing move toward levels Committee judges consistent dual mandate.",0,0.9498742,0.016031962,0.03409376,-0.9157805,TRUE,"Topic 0: percent, funds, target, committee, rate, federal"
9/17/2015,2015,9/17/2015,9,The Committee continues to see the risks to the outlook for economic activity and the labor market as nearly balanced but is monitoring developments abroad.,Committee continues see risks outlook economic activity labor market nearly balanced monitoring developments abroad.,30,0.1628744,0.06779168,0.76933396,0.60645956,FALSE,"Topic 30: nearly, balanced, risks, sees, outlook, activity"
9/17/2015,2015,9/17/2015,10,Inflation is anticipated to remain near its recent low level in the near term but the Committee expects inflation to rise gradually toward 2 percent over the medium term as the labor market improves further and the transitory effects of declines in energy and import prices dissipate.,Inflation anticipated remain near recent low level near term Committee expects inflation rise gradually toward 2 percent medium term labor market improves transitory effects declines energy import prices dissipate.,28,0.91939944,0.04805165,0.032548882,-0.88685054,TRUE,"Topic 28: dissipate, term, rise, declines, import, transitory"
9/17/2015,2015,9/17/2015,11,The Committee continues to monitor inflation developments closely.,Committee continues monitor inflation developments closely.,12,0.06075513,0.025322292,0.91392255,0.8531674,FALSE,"Topic 12: closely, continues, monitor, developments, attentive, global"
9/17/2015,2015,9/17/2015,12,"To support continued progress toward maximum employment and price stability, the Committee today reaffirmed its view that the current 0 to 1/4 percent target range for the federal funds rate remains appropriate.","support continued progress toward maximum employment price stability, Committee today reaffirmed view current 0 1/4 percent target range federal funds rate remains appropriate.",0,0.6602924,0.032901134,0.30680645,-0.35348594,TRUE,"Topic 0: percent, funds, target, committee, rate, federal"
9/17/2015,2015,9/17/2015,13,"In determining how long to maintain this target range, the Committee will assess progress--both realized and expected--toward its objectives of maximum employment and 2 percent inflation.","determining long maintain target range, Committee assess progress--both realized expected--toward objectives maximum employment 2 percent inflation.",-1,0.7826425,0.01625328,0.20110425,-0.5815382,TRUE,Topic -1
9/17/2015,2015,9/17/2015,14,"This assessment will take into account a wide range of information, including measures of labor market conditions, indicators of inflation pressures and inflation expectations, and readings on financial and international developments.","assessment take account wide range information, including measures labor market conditions, indicators inflation pressures inflation expectations, readings financial international developments.",5,0.06629161,0.016669849,0.9170385,0.85074687,TRUE,"Topic 5: assessment, wide, readings, international, account, pressures"
9/17/2015,2015,9/17/2015,15,The Committee anticipates that it will be appropriate to raise the target range for the federal funds rate when it has seen some further improvement in the labor market and is reasonably confident that inflation will move back to its 2 percent objective over the medium term.,Committee anticipates appropriate raise target range federal funds rate seen improvement labor market reasonably confident inflation move back 2 percent objective medium term.,0,0.90371275,0.017220212,0.07906703,-0.8246457,TRUE,"Topic 0: percent, funds, target, committee, rate, federal"
9/17/2015,2015,9/17/2015,16,The Committee is maintaining its existing policy of reinvesting principal payments from its holdings of agency debt and agency mortgage-backed securities in agency mortgage-backed securities and of rolling over maturing Treasury securities at auction.,Committee maintaining existing policy reinvesting principal payments holdings agency debt agency mortgage-backed securities agency mortgage-backed securities rolling maturing Treasury securities auction.,2,0.050884582,0.03078063,0.9183348,0.8674502,FALSE,"Topic 2: agency, securities, mortgagebacked, treasury, principal, payments"
9/17/2015,2015,9/17/2015,17,"This policy, by keeping the Committee's holdings of longer-term securities at sizable levels, should help maintain accommodative financial conditions.","policy, keeping Committee's holdings longer-term securities sizable levels, help maintain accommodative financial conditions.",17,0.5632777,0.010686512,0.4260358,-0.13724193,TRUE,"Topic 17: sizable, keeping, help, accommodative, maintain, holdings"
9/17/2015,2015,9/17/2015,18,"When the Committee decides to begin to remove policy accommodation, it will take a balanced approach consistent with its longer-run goals of maximum employment and inflation of 2 percent.","Committee decides begin remove policy accommodation, take balanced approach consistent longer-run goals maximum employment inflation 2 percent.",14,0.18636101,0.022918658,0.79072034,0.6043593,TRUE,"Topic 14: approach, decides, remove, begin, accommodation, balanced"
9/17/2015,2015,9/17/2015,19,"The Committee currently anticipates that, even after employment and inflation are near mandate-consistent levels, economic conditions may, for some time, warrant keeping the target federal funds rate below levels the Committee views as normal in the longer run.","Committee currently anticipates that, even employment inflation near mandate-consistent levels, economic conditions may, time, warrant keeping target federal funds rate levels Committee views normal longer run.",0,0.040676564,0.76317024,0.19615318,0.15547661,TRUE,"Topic 0: percent, funds, target, committee, rate, federal"
10/28/2015,2015,10/28/2015,0,Information received since the Federal Open Market Committee met in September suggests that economic activity has been expanding at a moderate pace.,Information received since Federal Open Market Committee met September suggests economic activity expanding moderate pace.,8,0.9469914,0.023306895,0.0297017,-0.9172897,FALSE,"Topic 8: expanding, suggests, received, met, open, activity"
10/28/2015,2015,10/28/2015,1,"Household spending and business fixed investment have been increasing at solid rates in recent months, and the housing sector has improved further; however, net exports have been soft.","Household spending business fixed investment increasing solid rates recent months, housing sector improved further; however, net exports soft.",3,0.8496506,0.12996292,0.020386491,-0.8292641,FALSE,"Topic 3: household, spending, fixed, business, investment, housing"
10/28/2015,2015,10/28/2015,2,The pace of job gains slowed and the unemployment rate held steady.,pace job gains slowed unemployment rate held steady.,1,0.09462019,0.8502878,0.055092,-0.03952819,FALSE,"Topic 1: gains, job, unemployment, received, met, open"
10/28/2015,2015,10/28/2015,3,"Nonetheless, labor market indicators, on balance, show that underutilization of labor resources has diminished since early this year.","Nonetheless, labor market indicators, balance, show underutilization labor resources diminished since early year.",38,0.04023466,0.9399445,0.019820929,-0.02041373,FALSE,"Topic 38: resources, underutilization, labor, suggests, indicators, diminished"
10/28/2015,2015,10/28/2015,4,"Inflation has continued to run below the Committee's longer-run objective, partly reflecting declines in energy prices and in prices of non-energy imports.","Inflation continued run Committee's longer-run objective, partly reflecting declines energy prices prices non-energy imports.",0,0.010939069,0.96604186,0.02301911,0.012080042,FALSE,"Topic 0: percent, funds, target, committee, rate, federal"
10/28/2015,2015,10/28/2015,5,Market-based measures of inflation compensation moved slightly lower; survey-based measures of longer-term inflation expectations have remained stable.,Market-based measures inflation compensation moved slightly lower; survey-based measures longer-term inflation expectations remained stable.,37,0.08562013,0.87415045,0.040229443,-0.045390684,FALSE,"Topic 37: measures, compensation, marketbased, surveybased, stable, longerterm"
10/28/2015,2015,10/28/2015,6,"Consistent with its statutory mandate, the Committee seeks to foster maximum employment and price stability.","Consistent statutory mandate, Committee seeks foster maximum employment price stability.",4,0.23863597,0.014581954,0.74678206,0.5081461,FALSE,"Topic 4: statutory, foster, seeks, mandate, stability, price"
10/28/2015,2015,10/28/2015,7,"The Committee expects that, with appropriate policy accommodation, economic activity will expand at a moderate pace, with labor market indicators continuing to move toward levels the Committee judges consistent with its dual mandate.","Committee expects that, appropriate policy accommodation, economic activity expand moderate pace, labor market indicators continuing move toward levels Committee judges consistent dual mandate.",0,0.9473105,0.015427349,0.037262116,-0.91004837,TRUE,"Topic 0: percent, funds, target, committee, rate, federal"
10/28/2015,2015,10/28/2015,8,The Committee continues to see the risks to the outlook for economic activity and the labor market as nearly balanced but is monitoring global economic and financial developments.,Committee continues see risks outlook economic activity labor market nearly balanced monitoring global economic financial developments.,30,0.12083735,0.037911903,0.8412507,0.7204134,FALSE,"Topic 30: nearly, balanced, risks, sees, outlook, activity"
10/28/2015,2015,10/28/2015,9,Inflation is anticipated to remain near its recent low level in the near term but the Committee expects inflation to rise gradually toward 2 percent over the medium term as the labor market improves further and the transitory effects of declines in energy and import prices dissipate.,Inflation anticipated remain near recent low level near term Committee expects inflation rise gradually toward 2 percent medium term labor market improves transitory effects declines energy import prices dissipate.,28,0.91939944,0.04805165,0.032548882,-0.88685054,TRUE,"Topic 28: dissipate, term, rise, declines, import, transitory"
10/28/2015,2015,10/28/2015,10,The Committee continues to monitor inflation developments closely.,Committee continues monitor inflation developments closely.,12,0.06075513,0.025322292,0.91392255,0.8531674,FALSE,"Topic 12: closely, continues, monitor, developments, attentive, global"
10/28/2015,2015,10/28/2015,11,"To support continued progress toward maximum employment and price stability, the Committee today reaffirmed its view that the current 0 to 1/4 percent target range for the federal funds rate remains appropriate.","support continued progress toward maximum employment price stability, Committee today reaffirmed view current 0 1/4 percent target range federal funds rate remains appropriate.",0,0.6602924,0.032901134,0.30680645,-0.35348594,TRUE,"Topic 0: percent, funds, target, committee, rate, federal"
10/28/2015,2015,10/28/2015,12,"In determining whether it will be appropriate to raise the target range at its next meeting, the Committee will assess progress--both realized and expected--toward its objectives of maximum employment and 2 percent inflation.","determining whether appropriate raise target range next meeting, Committee assess progress--both realized expected--toward objectives maximum employment 2 percent inflation.",-1,0.7643567,0.022195091,0.21344826,-0.55090845,TRUE,Topic -1
10/28/2015,2015,10/28/2015,13,"This assessment will take into account a wide range of information, including measures of labor market conditions, indicators of inflation pressures and inflation expectations, and readings on financial and international developments.","assessment take account wide range information, including measures labor market conditions, indicators inflation pressures inflation expectations, readings financial international developments.",5,0.06629161,0.016669849,0.9170385,0.85074687,TRUE,"Topic 5: assessment, wide, readings, international, account, pressures"
10/28/2015,2015,10/28/2015,14,The Committee anticipates that it will be appropriate to raise the target range for the federal funds rate when it has seen some further improvement in the labor market and is reasonably confident that inflation will move back to its 2 percent objective over the medium term.,Committee anticipates appropriate raise target range federal funds rate seen improvement labor market reasonably confident inflation move back 2 percent objective medium term.,0,0.90371275,0.017220212,0.07906703,-0.8246457,TRUE,"Topic 0: percent, funds, target, committee, rate, federal"
10/28/2015,2015,10/28/2015,15,The Committee is maintaining its existing policy of reinvesting principal payments from its holdings of agency debt and agency mortgage-backed securities in agency mortgage-backed securities and of rolling over maturing Treasury securities at auction.,Committee maintaining existing policy reinvesting principal payments holdings agency debt agency mortgage-backed securities agency mortgage-backed securities rolling maturing Treasury securities auction.,2,0.050884582,0.03078063,0.9183348,0.8674502,FALSE,"Topic 2: agency, securities, mortgagebacked, treasury, principal, payments"
10/28/2015,2015,10/28/2015,16,"This policy, by keeping the Committee's holdings of longer-term securities at sizable levels, should help maintain accommodative financial conditions.","policy, keeping Committee's holdings longer-term securities sizable levels, help maintain accommodative financial conditions.",17,0.5632777,0.010686512,0.4260358,-0.13724193,TRUE,"Topic 17: sizable, keeping, help, accommodative, maintain, holdings"
10/28/2015,2015,10/28/2015,17,"When the Committee decides to begin to remove policy accommodation, it will take a balanced approach consistent with its longer-run goals of maximum employment and inflation of 2 percent.","Committee decides begin remove policy accommodation, take balanced approach consistent longer-run goals maximum employment inflation 2 percent.",14,0.18636101,0.022918658,0.79072034,0.6043593,TRUE,"Topic 14: approach, decides, remove, begin, accommodation, balanced"
10/28/2015,2015,10/28/2015,18,"The Committee currently anticipates that, even after employment and inflation are near mandate-consistent levels, economic conditions may, for some time, warrant keeping the target federal funds rate below levels the Committee views as normal in the longer run.","Committee currently anticipates that, even employment inflation near mandate-consistent levels, economic conditions may, time, warrant keeping target federal funds rate levels Committee views normal longer run.",0,0.04067654,0.7631703,0.19615316,0.15547663,TRUE,"Topic 0: percent, funds, target, committee, rate, federal"
12/16/2015,2015,12/16/2015,0,Information received since the Federal Open Market Committee met in October suggests that economic activity has been expanding at a moderate pace.,Information received since Federal Open Market Committee met October suggests economic activity expanding moderate pace.,8,0.9471122,0.023398183,0.029489594,-0.9176226,FALSE,"Topic 8: expanding, suggests, received, met, open, activity"
12/16/2015,2015,12/16/2015,1,"Household spending and business fixed investment have been increasing at solid rates in recent months, and the housing sector has improved further; however, net exports have been soft.","Household spending business fixed investment increasing solid rates recent months, housing sector improved further; however, net exports soft.",3,0.8496506,0.12996292,0.020386491,-0.8292641,FALSE,"Topic 3: household, spending, fixed, business, investment, housing"
12/16/2015,2015,12/16/2015,2,"A range of recent labor market indicators, including ongoing job gains and declining unemployment, shows further improvement and confirms that underutilization of labor resources has diminished appreciably since early this year.","range recent labor market indicators, including ongoing job gains declining unemployment, shows improvement confirms underutilization labor resources diminished appreciably since early year.",38,0.12395411,0.8615255,0.014520354,-0.109433755,FALSE,"Topic 38: resources, underutilization, labor, suggests, indicators, diminished"
12/16/2015,2015,12/16/2015,3,"Inflation has continued to run below the Committee's 2 percent longer-run objective, partly reflecting declines in energy prices and in prices of non-energy imports.","Inflation continued run Committee's 2 percent longer-run objective, partly reflecting declines energy prices prices non-energy imports.",0,0.013668999,0.9619232,0.024407744,0.010738745,FALSE,"Topic 0: percent, funds, target, committee, rate, federal"
12/16/2015,2015,12/16/2015,4,Market-based measures of inflation compensation remain low; some survey-based measures of longer-term inflation expectations have edged down.,Market-based measures inflation compensation remain low; survey-based measures longer-term inflation expectations edged down.,7,0.025562223,0.94987774,0.024560079,-0.001002144,FALSE,"Topic 7: measures, changed, little, marketbased, surveybased, compensation"
12/16/2015,2015,12/16/2015,5,"Consistent with its statutory mandate, the Committee seeks to foster maximum employment and price stability.","Consistent statutory mandate, Committee seeks foster maximum employment price stability.",4,0.23863597,0.014581954,0.74678206,0.5081461,FALSE,"Topic 4: statutory, foster, seeks, mandate, stability, price"
12/16/2015,2015,12/16/2015,6,"The Committee currently expects that, with gradual adjustments in the stance of monetary policy, economic activity will continue to expand at a moderate pace and labor market indicators will continue to strengthen.","Committee currently expects that, gradual adjustments stance monetary policy, economic activity continue expand moderate pace labor market indicators continue strengthen.",0,0.9352011,0.013781179,0.051017728,-0.8841834,TRUE,"Topic 0: percent, funds, target, committee, rate, federal"
12/16/2015,2015,12/16/2015,7,"Overall, taking into account domestic and international developments, the Committee sees the risks to the outlook for both economic activity and the labor market as balanced.","Overall, taking account domestic international developments, Committee sees risks outlook economic activity labor market balanced.",30,0.5012698,0.024819814,0.47391027,-0.027359545,FALSE,"Topic 30: nearly, balanced, risks, sees, outlook, activity"
12/16/2015,2015,12/16/2015,8,Inflation is expected to rise to 2 percent over the medium term as the transitory effects of declines in energy and import prices dissipate and the labor market strengthens further.,Inflation expected rise 2 percent medium term transitory effects declines energy import prices dissipate labor market strengthens further.,28,0.9493612,0.019157907,0.031480923,-0.9178803,FALSE,"Topic 28: dissipate, term, rise, declines, import, transitory"
12/16/2015,2015,12/16/2015,9,The Committee continues to monitor inflation developments closely.,Committee continues monitor inflation developments closely.,12,0.06075513,0.025322292,0.91392255,0.8531674,FALSE,"Topic 12: closely, continues, monitor, developments, attentive, global"
12/16/2015,2015,12/16/2015,10,"The Committee judges that there has been considerable improvement in labor market conditions this year, and it is reasonably confident that inflation will rise, over the medium term, to its 2 percent objective.","Committee judges considerable improvement labor market conditions year, reasonably confident inflation rise, medium term, 2 percent objective.",0,0.95126796,0.018879445,0.029852616,-0.9214153,TRUE,"Topic 0: percent, funds, target, committee, rate, federal"
12/16/2015,2015,12/16/2015,11,"Given the economic outlook, and recognizing the time it takes for policy actions to affect future economic outcomes, the Committee decided to raise the target range for the federal funds rate to 1/4 to 1/2 percent.","Given economic outlook, recognizing time takes policy actions affect future economic outcomes, Committee decided raise target range federal funds rate 1/4 1/2 percent.",0,0.48293272,0.037612393,0.47945493,-0.003477782,TRUE,"Topic 0: percent, funds, target, committee, rate, federal"
12/16/2015,2015,12/16/2015,12,"The stance of monetary policy remains accommodative after this increase, thereby supporting further improvement in labor market conditions and a return to 2 percent inflation.","stance monetary policy remains accommodative increase, thereby supporting improvement labor market conditions return 2 percent inflation.",0,0.9487088,0.014406096,0.036885146,-0.91182363,FALSE,"Topic 0: percent, funds, target, committee, rate, federal"
12/16/2015,2015,12/16/2015,13,"In determining the timing and size of future adjustments to the target range for the federal funds rate, the Committee will assess realized and expected economic conditions relative to its objectives of maximum employment and 2 percent inflation.","determining timing size future adjustments target range federal funds rate, Committee assess realized expected economic conditions relative objectives maximum employment 2 percent inflation.",0,0.05471807,0.06073654,0.8845454,0.8298273,TRUE,"Topic 0: percent, funds, target, committee, rate, federal"
12/16/2015,2015,12/16/2015,14,"This assessment will take into account a wide range of information, including measures of labor market conditions, indicators of inflation pressures and inflation expectations, and readings on financial and international developments.","assessment take account wide range information, including measures labor market conditions, indicators inflation pressures inflation expectations, readings financial international developments.",5,0.06629161,0.016669849,0.9170385,0.85074687,TRUE,"Topic 5: assessment, wide, readings, international, account, pressures"
12/16/2015,2015,12/16/2015,15,"In light of the current shortfall of inflation from 2 percent, the Committee will carefully monitor actual and expected progress toward its inflation goal.","light current shortfall inflation 2 percent, Committee carefully monitor actual expected progress toward inflation goal.",0,0.8582525,0.019321315,0.12242619,-0.7358263,TRUE,"Topic 0: percent, funds, target, committee, rate, federal"
12/16/2015,2015,12/16/2015,16,"The Committee expects that economic conditions will evolve in a manner that will warrant only gradual increases in the federal funds rate; the federal funds rate is likely to remain, for some time, below levels that are expected to prevail in the longer run.","Committee expects economic conditions evolve manner warrant gradual increases federal funds rate; federal funds rate likely remain, time, levels expected prevail longer run.",0,0.458239,0.29647297,0.24528807,-0.21295092,TRUE,"Topic 0: percent, funds, target, committee, rate, federal"
12/16/2015,2015,12/16/2015,17,"However, the actual path of the federal funds rate will depend on the economic outlook as informed by incoming data.","However, actual path federal funds rate depend economic outlook informed incoming data.",21,0.030569822,0.056604367,0.9128258,0.88225603,TRUE,"Topic 21: informed, data, depend, path, actual, incoming"
12/16/2015,2015,12/16/2015,18,"The Committee is maintaining its existing policy of reinvesting principal payments from its holdings of agency debt and agency mortgage-backed securities in agency mortgage-backed securities and of rolling over maturing Treasury securities at auction, and it anticipates doing so until normalization of the level of the federal funds rate is well under way.","Committee maintaining existing policy reinvesting principal payments holdings agency debt agency mortgage-backed securities agency mortgage-backed securities rolling maturing Treasury securities auction, anticipates normalization level federal funds rate well way.",2,0.08403512,0.021533608,0.8944313,0.8103962,FALSE,"Topic 2: agency, securities, mortgagebacked, treasury, principal, payments"
12/16/2015,2015,12/16/2015,19,"This policy, by keeping the Committee's holdings of longer-term securities at sizable levels, should help maintain accommodative financial conditions.","policy, keeping Committee's holdings longer-term securities sizable levels, help maintain accommodative financial conditions.",17,0.5632777,0.010686512,0.4260358,-0.13724193,TRUE,"Topic 17: sizable, keeping, help, accommodative, maintain, holdings"
1/27/2016,2016,1/27/2016,0,Information received since the Federal Open Market Committee met in December suggests that labor market conditions improved further even as economic growth slowed late last year.,Information received since Federal Open Market Committee met December suggests labor market conditions improved even economic growth slowed late last year.,1,0.95580125,0.026598973,0.017599773,-0.9382015,FALSE,"Topic 1: gains, job, unemployment, received, met, open"
1/27/2016,2016,1/27/2016,1,"Household spending and business fixed investment have been increasing at moderate rates in recent months, and the housing sector has improved further; however, net exports have been soft and inventory investment slowed.","Household spending business fixed investment increasing moderate rates recent months, housing sector improved further; however, net exports soft inventory investment slowed.",3,0.43621913,0.5342646,0.02951625,-0.40670288,FALSE,"Topic 3: household, spending, fixed, business, investment, housing"
1/27/2016,2016,1/27/2016,2,"A range of recent labor market indicators, including strong job gains, points to some additional decline in underutilization of labor resources.","range recent labor market indicators, including strong job gains, points additional decline underutilization labor resources.",38,0.022442335,0.9614175,0.01614019,-0.006302144,FALSE,"Topic 38: resources, underutilization, labor, suggests, indicators, diminished"
1/27/2016,2016,1/27/2016,3,"Inflation has continued to run below the Committee's 2 percent longer-run objective, partly reflecting declines in energy prices and in prices of non-energy imports.","Inflation continued run Committee's 2 percent longer-run objective, partly reflecting declines energy prices prices non-energy imports.",0,0.013668999,0.9619232,0.024407744,0.010738745,FALSE,"Topic 0: percent, funds, target, committee, rate, federal"
1/27/2016,2016,1/27/2016,4,"Market-based measures of inflation compensation declined further; survey-based measures of longer-term inflation expectations are little changed, on balance, in recent months.","Market-based measures inflation compensation declined further; survey-based measures longer-term inflation expectations little changed, balance, recent months.",37,0.038813543,0.9305434,0.030643033,-0.00817051,FALSE,"Topic 37: measures, compensation, marketbased, surveybased, stable, longerterm"
1/27/2016,2016,1/27/2016,5,"Consistent with its statutory mandate, the Committee seeks to foster maximum employment and price stability.","Consistent statutory mandate, Committee seeks foster maximum employment price stability.",4,0.23863597,0.014581954,0.74678206,0.5081461,FALSE,"Topic 4: statutory, foster, seeks, mandate, stability, price"
1/27/2016,2016,1/27/2016,6,"The Committee currently expects that, with gradual adjustments in the stance of monetary policy, economic activity will expand at a moderate pace and labor market indicators will continue to strengthen.","Committee currently expects that, gradual adjustments stance monetary policy, economic activity expand moderate pace labor market indicators continue strengthen.",0,0.9375994,0.014158799,0.04824185,-0.88935757,TRUE,"Topic 0: percent, funds, target, committee, rate, federal"
1/27/2016,2016,1/27/2016,7,"Inflation is expected to remain low in the near term, in part because of the further declines in energy prices, but to rise to 2 percent over the medium term as the transitory effects of declines in energy and import prices dissipate and the labor market strengthens further.","Inflation expected remain low near term, part declines energy prices, rise 2 percent medium term transitory effects declines energy import prices dissipate labor market strengthens further.",28,0.9007284,0.07203899,0.027232565,-0.8734958,FALSE,"Topic 28: dissipate, term, rise, declines, import, transitory"
1/27/2016,2016,1/27/2016,8,"The Committee is closely monitoring global economic and financial developments and is assessing their implications for the labor market and inflation, and for the balance of risks to the outlook.","Committee closely monitoring global economic financial developments assessing implications labor market inflation, balance risks outlook.",-1,0.08638082,0.024557615,0.88906157,0.80268073,FALSE,Topic -1
1/27/2016,2016,1/27/2016,9,"Given the economic outlook, the Committee decided to maintain the target range for the federal funds rate at 1/4 to 1/2 percent.","Given economic outlook, Committee decided maintain target range federal funds rate 1/4 1/2 percent.",0,0.078838296,0.05099046,0.8701712,0.7913329,FALSE,"Topic 0: percent, funds, target, committee, rate, federal"
1/27/2016,2016,1/27/2016,10,"The stance of monetary policy remains accommodative, thereby supporting further improvement in labor market conditions and a return to 2 percent inflation.","stance monetary policy remains accommodative, thereby supporting improvement labor market conditions return 2 percent inflation.",0,0.9239455,0.013973157,0.06208141,-0.8618641,FALSE,"Topic 0: percent, funds, target, committee, rate, federal"
1/27/2016,2016,1/27/2016,11,"In determining the timing and size of future adjustments to the target range for the federal funds rate, the Committee will assess realized and expected economic conditions relative to its objectives of maximum employment and 2 percent inflation.","determining timing size future adjustments target range federal funds rate, Committee assess realized expected economic conditions relative objectives maximum employment 2 percent inflation.",0,0.05471807,0.06073654,0.8845454,0.8298273,TRUE,"Topic 0: percent, funds, target, committee, rate, federal"
1/27/2016,2016,1/27/2016,12,"This assessment will take into account a wide range of information, including measures of labor market conditions, indicators of inflation pressures and inflation expectations, and readings on financial and international developments.","assessment take account wide range information, including measures labor market conditions, indicators inflation pressures inflation expectations, readings financial international developments.",5,0.06629161,0.016669849,0.9170385,0.85074687,TRUE,"Topic 5: assessment, wide, readings, international, account, pressures"
1/27/2016,2016,1/27/2016,13,"In light of the current shortfall of inflation from 2 percent, the Committee will carefully monitor actual and expected progress toward its inflation goal.","light current shortfall inflation 2 percent, Committee carefully monitor actual expected progress toward inflation goal.",0,0.8582525,0.019321315,0.12242619,-0.7358263,TRUE,"Topic 0: percent, funds, target, committee, rate, federal"
1/27/2016,2016,1/27/2016,14,"The Committee expects that economic conditions will evolve in a manner that will warrant only gradual increases in the federal funds rate; the federal funds rate is likely to remain, for some time, below levels that are expected to prevail in the longer run.","Committee expects economic conditions evolve manner warrant gradual increases federal funds rate; federal funds rate likely remain, time, levels expected prevail longer run.",0,0.458239,0.29647297,0.24528807,-0.21295092,TRUE,"Topic 0: percent, funds, target, committee, rate, federal"
1/27/2016,2016,1/27/2016,15,"However, the actual path of the federal funds rate will depend on the economic outlook as informed by incoming data.","However, actual path federal funds rate depend economic outlook informed incoming data.",21,0.030569822,0.056604367,0.9128258,0.88225603,TRUE,"Topic 21: informed, data, depend, path, actual, incoming"
1/27/2016,2016,1/27/2016,16,"The Committee is maintaining its existing policy of reinvesting principal payments from its holdings of agency debt and agency mortgage-backed securities in agency mortgage-backed securities and of rolling over maturing Treasury securities at auction, and it anticipates doing so until normalization of the level of the federal funds rate is well under way.","Committee maintaining existing policy reinvesting principal payments holdings agency debt agency mortgage-backed securities agency mortgage-backed securities rolling maturing Treasury securities auction, anticipates normalization level federal funds rate well way.",2,0.08403512,0.021533608,0.8944313,0.8103962,FALSE,"Topic 2: agency, securities, mortgagebacked, treasury, principal, payments"
1/27/2016,2016,1/27/2016,17,"This policy, by keeping the Committee's holdings of longer-term securities at sizable levels, should help maintain accommodative financial conditions.","policy, keeping Committee's holdings longer-term securities sizable levels, help maintain accommodative financial conditions.",17,0.5632777,0.010686512,0.4260358,-0.13724193,TRUE,"Topic 17: sizable, keeping, help, accommodative, maintain, holdings"
3/16/2016,2016,3/16/2016,0,Information received since the Federal Open Market Committee met in January suggests that economic activity has been expanding at a moderate pace despite the global economic and financial developments of recent months.,Information received since Federal Open Market Committee met January suggests economic activity expanding moderate pace despite global economic financial developments recent months.,8,0.950988,0.022257138,0.026754815,-0.9242332,FALSE,"Topic 8: expanding, suggests, received, met, open, activity"
3/16/2016,2016,3/16/2016,1,"Household spending has been increasing at a moderate rate, and the housing sector has improved further; however, business fixed investment and net exports have been soft.","Household spending increasing moderate rate, housing sector improved further; however, business fixed investment net exports soft.",3,0.90771043,0.07486303,0.017426515,-0.89028394,FALSE,"Topic 3: household, spending, fixed, business, investment, housing"
3/16/2016,2016,3/16/2016,2,"A range of recent indicators, including strong job gains, points to additional strengthening of the labor market.","range recent indicators, including strong job gains, points additional strengthening labor market.",1,0.9566097,0.0196055,0.023784786,-0.93282497,FALSE,"Topic 1: gains, job, unemployment, received, met, open"
3/16/2016,2016,3/16/2016,3,"Inflation picked up in recent months; however, it continued to run below the Committee's 2 percent longer-run objective, partly reflecting declines in energy prices and in prices of non-energy imports.","Inflation picked recent months; however, continued run Committee's 2 percent longer-run objective, partly reflecting declines energy prices prices non-energy imports.",0,0.058907878,0.8994695,0.04162268,-0.017285198,FALSE,"Topic 0: percent, funds, target, committee, rate, federal"
3/16/2016,2016,3/16/2016,4,"Market-based measures of inflation compensation remain low; survey-based measures of longer-term inflation expectations are little changed, on balance, in recent months.","Market-based measures inflation compensation remain low; survey-based measures longer-term inflation expectations little changed, balance, recent months.",7,0.09117553,0.7614667,0.14735779,0.056182265,FALSE,"Topic 7: measures, changed, little, marketbased, surveybased, compensation"
3/16/2016,2016,3/16/2016,5,"Consistent with its statutory mandate, the Committee seeks to foster maximum employment and price stability.","Consistent statutory mandate, Committee seeks foster maximum employment price stability.",4,0.23863597,0.014581954,0.74678206,0.5081461,FALSE,"Topic 4: statutory, foster, seeks, mandate, stability, price"
3/16/2016,2016,3/16/2016,6,"The Committee currently expects that, with gradual adjustments in the stance of monetary policy, economic activity will expand at a moderate pace and labor market indicators will continue to strengthen.","Committee currently expects that, gradual adjustments stance monetary policy, economic activity expand moderate pace labor market indicators continue strengthen.",0,0.9375994,0.014158799,0.04824185,-0.88935757,TRUE,"Topic 0: percent, funds, target, committee, rate, federal"
3/16/2016,2016,3/16/2016,7,"However, global economic and financial developments continue to pose risks.","However, global economic financial developments continue pose risks.",16,0.08530506,0.74984235,0.16485257,0.07954752,FALSE,"Topic 16: downside, strains, significant, risks, global, pose"
3/16/2016,2016,3/16/2016,8,"Inflation is expected to remain low in the near term, in part because of earlier declines in energy prices, but to rise to 2 percent over the medium term as the transitory effects of declines in energy and import prices dissipate and the labor market strengthens further.","Inflation expected remain low near term, part earlier declines energy prices, rise 2 percent medium term transitory effects declines energy import prices dissipate labor market strengthens further.",28,0.90331554,0.06957864,0.027105747,-0.8762098,FALSE,"Topic 28: dissipate, term, rise, declines, import, transitory"
3/16/2016,2016,3/16/2016,9,The Committee continues to monitor inflation developments closely.,Committee continues monitor inflation developments closely.,12,0.06075513,0.025322292,0.91392255,0.8531674,FALSE,"Topic 12: closely, continues, monitor, developments, attentive, global"
3/16/2016,2016,3/16/2016,10,"Against this backdrop, the Committee decided to maintain the target range for the federal funds rate at 1/4 to 1/2 percent.","backdrop, Committee decided maintain target range federal funds rate 1/4 1/2 percent.",0,0.075379595,0.04245465,0.8821658,0.8067862,FALSE,"Topic 0: percent, funds, target, committee, rate, federal"
3/16/2016,2016,3/16/2016,11,"The stance of monetary policy remains accommodative, thereby supporting further improvement in labor market conditions and a return to 2 percent inflation.","stance monetary policy remains accommodative, thereby supporting improvement labor market conditions return 2 percent inflation.",0,0.9239455,0.013973157,0.06208141,-0.8618641,FALSE,"Topic 0: percent, funds, target, committee, rate, federal"
3/16/2016,2016,3/16/2016,12,"In determining the timing and size of future adjustments to the target range for the federal funds rate, the Committee will assess realized and expected economic conditions relative to its objectives of maximum employment and 2 percent inflation.","determining timing size future adjustments target range federal funds rate, Committee assess realized expected economic conditions relative objectives maximum employment 2 percent inflation.",0,0.05471807,0.06073654,0.8845454,0.8298273,TRUE,"Topic 0: percent, funds, target, committee, rate, federal"
3/16/2016,2016,3/16/2016,13,"This assessment will take into account a wide range of information, including measures of labor market conditions, indicators of inflation pressures and inflation expectations, and readings on financial and international developments.","assessment take account wide range information, including measures labor market conditions, indicators inflation pressures inflation expectations, readings financial international developments.",5,0.06629161,0.016669849,0.9170385,0.85074687,TRUE,"Topic 5: assessment, wide, readings, international, account, pressures"
3/16/2016,2016,3/16/2016,14,"In light of the current shortfall of inflation from 2 percent, the Committee will carefully monitor actual and expected progress toward its inflation goal.","light current shortfall inflation 2 percent, Committee carefully monitor actual expected progress toward inflation goal.",0,0.8582525,0.019321315,0.12242619,-0.7358263,TRUE,"Topic 0: percent, funds, target, committee, rate, federal"
3/16/2016,2016,3/16/2016,15,"The Committee expects that economic conditions will evolve in a manner that will warrant only gradual increases in the federal funds rate; the federal funds rate is likely to remain, for some time, below levels that are expected to prevail in the longer run.","Committee expects economic conditions evolve manner warrant gradual increases federal funds rate; federal funds rate likely remain, time, levels expected prevail longer run.",0,0.458239,0.29647297,0.24528807,-0.21295092,TRUE,"Topic 0: percent, funds, target, committee, rate, federal"
3/16/2016,2016,3/16/2016,16,"However, the actual path of the federal funds rate will depend on the economic outlook as informed by incoming data.","However, actual path federal funds rate depend economic outlook informed incoming data.",21,0.030569822,0.056604367,0.9128258,0.88225603,TRUE,"Topic 21: informed, data, depend, path, actual, incoming"
3/16/2016,2016,3/16/2016,17,"The Committee is maintaining its existing policy of reinvesting principal payments from its holdings of agency debt and agency mortgage-backed securities in agency mortgage-backed securities and of rolling over maturing Treasury securities at auction, and it anticipates doing so until normalization of the level of the federal funds rate is well under way.","Committee maintaining existing policy reinvesting principal payments holdings agency debt agency mortgage-backed securities agency mortgage-backed securities rolling maturing Treasury securities auction, anticipates normalization level federal funds rate well way.",2,0.08403512,0.021533608,0.8944313,0.8103962,FALSE,"Topic 2: agency, securities, mortgagebacked, treasury, principal, payments"
3/16/2016,2016,3/16/2016,18,"This policy, by keeping the Committee's holdings of longer-term securities at sizable levels, should help maintain accommodative financial conditions.","policy, keeping Committee's holdings longer-term securities sizable levels, help maintain accommodative financial conditions.",17,0.5632777,0.010686512,0.4260358,-0.13724193,TRUE,"Topic 17: sizable, keeping, help, accommodative, maintain, holdings"
4/27/2016,2016,4/27/2016,0,Information received since the Federal Open Market Committee met in March indicates that labor market conditions have improved further even as growth in economic activity appears to have slowed.,Information received since Federal Open Market Committee met March indicates labor market conditions improved even growth economic activity appears slowed.,1,0.92490685,0.05843906,0.016654102,-0.9082528,FALSE,"Topic 1: gains, job, unemployment, received, met, open"
4/27/2016,2016,4/27/2016,1,"Growth in household spending has moderated, although households' real income has risen at a solid rate and consumer sentiment remains high.","Growth household spending moderated, although households' real income risen solid rate consumer sentiment remains high.",3,0.92381555,0.05777057,0.018414007,-0.9054015,FALSE,"Topic 3: household, spending, fixed, business, investment, housing"
4/27/2016,2016,4/27/2016,2,"Since the beginning of the year, the housing sector has improved further but business fixed investment and net exports have been soft.","Since beginning year, housing sector improved business fixed investment net exports soft.",3,0.36293602,0.6131464,0.023917554,-0.33901846,FALSE,"Topic 3: household, spending, fixed, business, investment, housing"
4/27/2016,2016,4/27/2016,3,"A range of recent indicators, including strong job gains, points to additional strengthening of the labor market.","range recent indicators, including strong job gains, points additional strengthening labor market.",1,0.9566097,0.0196055,0.023784786,-0.93282497,FALSE,"Topic 1: gains, job, unemployment, received, met, open"
4/27/2016,2016,4/27/2016,4,"Inflation has continued to run below the Committee's 2 percent longer-run objective, partly reflecting earlier declines in energy prices and falling prices of non-energy imports.","Inflation continued run Committee's 2 percent longer-run objective, partly reflecting earlier declines energy prices falling prices non-energy imports.",0,0.017434822,0.95825386,0.024311347,0.006876525,FALSE,"Topic 0: percent, funds, target, committee, rate, federal"
4/27/2016,2016,4/27/2016,5,"Market-based measures of inflation compensation remain low; survey-based measures of longer-term inflation expectations are little changed, on balance, in recent months.","Market-based measures inflation compensation remain low; survey-based measures longer-term inflation expectations little changed, balance, recent months.",7,0.09117553,0.7614667,0.14735779,0.056182265,FALSE,"Topic 7: measures, changed, little, marketbased, surveybased, compensation"
4/27/2016,2016,4/27/2016,6,"Consistent with its statutory mandate, the Committee seeks to foster maximum employment and price stability.","Consistent statutory mandate, Committee seeks foster maximum employment price stability.",4,0.23863597,0.014581954,0.74678206,0.5081461,FALSE,"Topic 4: statutory, foster, seeks, mandate, stability, price"
4/27/2016,2016,4/27/2016,7,"The Committee currently expects that, with gradual adjustments in the stance of monetary policy, economic activity will expand at a moderate pace and labor market indicators will continue to strengthen.","Committee currently expects that, gradual adjustments stance monetary policy, economic activity expand moderate pace labor market indicators continue strengthen.",0,0.9375994,0.014158799,0.04824185,-0.88935757,TRUE,"Topic 0: percent, funds, target, committee, rate, federal"
4/27/2016,2016,4/27/2016,8,"Inflation is expected to remain low in the near term, in part because of earlier declines in energy prices, but to rise to 2 percent over the medium term as the transitory effects of declines in energy and import prices dissipate and the labor market strengthens further.","Inflation expected remain low near term, part earlier declines energy prices, rise 2 percent medium term transitory effects declines energy import prices dissipate labor market strengthens further.",28,0.90331554,0.06957864,0.027105747,-0.8762098,FALSE,"Topic 28: dissipate, term, rise, declines, import, transitory"
4/27/2016,2016,4/27/2016,9,The Committee continues to closely monitor inflation indicators and global economic and financial developments.,Committee continues closely monitor inflation indicators global economic financial developments.,12,0.0826185,0.01755162,0.89982986,0.8172114,FALSE,"Topic 12: closely, continues, monitor, developments, attentive, global"
4/27/2016,2016,4/27/2016,10,"Against this backdrop, the Committee decided to maintain the target range for the federal funds rate at 1/4 to 1/2 percent.","backdrop, Committee decided maintain target range federal funds rate 1/4 1/2 percent.",0,0.075379595,0.04245465,0.8821658,0.8067862,FALSE,"Topic 0: percent, funds, target, committee, rate, federal"
4/27/2016,2016,4/27/2016,11,"The stance of monetary policy remains accommodative, thereby supporting further improvement in labor market conditions and a return to 2 percent inflation.","stance monetary policy remains accommodative, thereby supporting improvement labor market conditions return 2 percent inflation.",0,0.9239455,0.013973157,0.06208141,-0.8618641,FALSE,"Topic 0: percent, funds, target, committee, rate, federal"
4/27/2016,2016,4/27/2016,12,"In determining the timing and size of future adjustments to the target range for the federal funds rate, the Committee will assess realized and expected economic conditions relative to its objectives of maximum employment and 2 percent inflation.","determining timing size future adjustments target range federal funds rate, Committee assess realized expected economic conditions relative objectives maximum employment 2 percent inflation.",0,0.05471807,0.06073654,0.8845454,0.8298273,TRUE,"Topic 0: percent, funds, target, committee, rate, federal"
4/27/2016,2016,4/27/2016,13,"This assessment will take into account a wide range of information, including measures of labor market conditions, indicators of inflation pressures and inflation expectations, and readings on financial and international developments.","assessment take account wide range information, including measures labor market conditions, indicators inflation pressures inflation expectations, readings financial international developments.",5,0.06629161,0.016669849,0.9170385,0.85074687,TRUE,"Topic 5: assessment, wide, readings, international, account, pressures"
4/27/2016,2016,4/27/2016,14,"In light of the current shortfall of inflation from 2 percent, the Committee will carefully monitor actual and expected progress toward its inflation goal.","light current shortfall inflation 2 percent, Committee carefully monitor actual expected progress toward inflation goal.",0,0.8582525,0.019321315,0.12242619,-0.7358263,TRUE,"Topic 0: percent, funds, target, committee, rate, federal"
4/27/2016,2016,4/27/2016,15,"The Committee expects that economic conditions will evolve in a manner that will warrant only gradual increases in the federal funds rate; the federal funds rate is likely to remain, for some time, below levels that are expected to prevail in the longer run.","Committee expects economic conditions evolve manner warrant gradual increases federal funds rate; federal funds rate likely remain, time, levels expected prevail longer run.",0,0.458239,0.29647297,0.24528807,-0.21295092,TRUE,"Topic 0: percent, funds, target, committee, rate, federal"
4/27/2016,2016,4/27/2016,16,"However, the actual path of the federal funds rate will depend on the economic outlook as informed by incoming data.","However, actual path federal funds rate depend economic outlook informed incoming data.",21,0.030569822,0.056604367,0.9128258,0.88225603,TRUE,"Topic 21: informed, data, depend, path, actual, incoming"
4/27/2016,2016,4/27/2016,17,"The Committee is maintaining its existing policy of reinvesting principal payments from its holdings of agency debt and agency mortgage-backed securities in agency mortgage-backed securities and of rolling over maturing Treasury securities at auction, and it anticipates doing so until normalization of the level of the federal funds rate is well under way.","Committee maintaining existing policy reinvesting principal payments holdings agency debt agency mortgage-backed securities agency mortgage-backed securities rolling maturing Treasury securities auction, anticipates normalization level federal funds rate well way.",2,0.08403512,0.021533608,0.8944313,0.8103962,FALSE,"Topic 2: agency, securities, mortgagebacked, treasury, principal, payments"
4/27/2016,2016,4/27/2016,18,"This policy, by keeping the Committee's holdings of longer-term securities at sizable levels, should help maintain accommodative financial conditions.","policy, keeping Committee's holdings longer-term securities sizable levels, help maintain accommodative financial conditions.",17,0.5632777,0.010686512,0.4260358,-0.13724193,TRUE,"Topic 17: sizable, keeping, help, accommodative, maintain, holdings"
6/15/2016,2016,6/15/2016,0,Information received since the Federal Open Market Committee met in April indicates that the pace of improvement in the labor market has slowed while growth in economic activity appears to have picked up.,Information received since Federal Open Market Committee met April indicates pace improvement labor market slowed growth economic activity appears picked up.,1,0.068972185,0.886424,0.044603854,-0.02436833,FALSE,"Topic 1: gains, job, unemployment, received, met, open"
6/15/2016,2016,6/15/2016,1,"Although the unemployment rate has declined, job gains have diminished.","Although unemployment rate declined, job gains diminished.",1,0.05689005,0.9211782,0.021931741,-0.03495831,FALSE,"Topic 1: gains, job, unemployment, received, met, open"
6/15/2016,2016,6/15/2016,2,Growth in household spending has strengthened.,Growth household spending strengthened.,3,0.9576854,0.022224888,0.020089678,-0.9375957,FALSE,"Topic 3: household, spending, fixed, business, investment, housing"
6/15/2016,2016,6/15/2016,3,"Since the beginning of the year, the housing sector has continued to improve and the drag from net exports appears to have lessened, but business fixed investment has been soft.","Since beginning year, housing sector continued improve drag net exports appears lessened, business fixed investment soft.",3,0.733669,0.23446149,0.031869598,-0.7017994,FALSE,"Topic 3: household, spending, fixed, business, investment, housing"
6/15/2016,2016,6/15/2016,4,"Inflation has continued to run below the Committee's 2 percent longer-run objective, partly reflecting earlier declines in energy prices and in prices of non-energy imports.","Inflation continued run Committee's 2 percent longer-run objective, partly reflecting earlier declines energy prices prices non-energy imports.",0,0.017154332,0.9584887,0.024356948,0.007202616,FALSE,"Topic 0: percent, funds, target, committee, rate, federal"
6/15/2016,2016,6/15/2016,5,"Market-based measures of inflation compensation declined; most survey-based measures of longer-term inflation expectations are little changed, on balance, in recent months.","Market-based measures inflation compensation declined; survey-based measures longer-term inflation expectations little changed, balance, recent months.",37,0.029587869,0.93621606,0.034196045,0.004608177,FALSE,"Topic 37: measures, compensation, marketbased, surveybased, stable, longerterm"
6/15/2016,2016,6/15/2016,6,"Consistent with its statutory mandate, the Committee seeks to foster maximum employment and price stability.","Consistent statutory mandate, Committee seeks foster maximum employment price stability.",4,0.23863597,0.014581954,0.74678206,0.5081461,FALSE,"Topic 4: statutory, foster, seeks, mandate, stability, price"
6/15/2016,2016,6/15/2016,7,"The Committee currently expects that, with gradual adjustments in the stance of monetary policy, economic activity will expand at a moderate pace and labor market indicators will strengthen.","Committee currently expects that, gradual adjustments stance monetary policy, economic activity expand moderate pace labor market indicators strengthen.",0,0.9397029,0.013860611,0.046436466,-0.89326644,TRUE,"Topic 0: percent, funds, target, committee, rate, federal"
6/15/2016,2016,6/15/2016,8,"Inflation is expected to remain low in the near term, in part because of earlier declines in energy prices, but to rise to 2 percent over the medium term as the transitory effects of past declines in energy and import prices dissipate and the labor market strengthens further.","Inflation expected remain low near term, part earlier declines energy prices, rise 2 percent medium term transitory effects past declines energy import prices dissipate labor market strengthens further.",28,0.91759115,0.057012793,0.025396064,-0.8921951,FALSE,"Topic 28: dissipate, term, rise, declines, import, transitory"
6/15/2016,2016,6/15/2016,9,The Committee continues to closely monitor inflation indicators and global economic and financial developments.,Committee continues closely monitor inflation indicators global economic financial developments.,12,0.0826185,0.01755162,0.89982986,0.8172114,FALSE,"Topic 12: closely, continues, monitor, developments, attentive, global"
6/15/2016,2016,6/15/2016,10,"Against this backdrop, the Committee decided to maintain the target range for the federal funds rate at 1/4 to 1/2 percent.","backdrop, Committee decided maintain target range federal funds rate 1/4 1/2 percent.",0,0.075379595,0.04245465,0.8821658,0.8067862,FALSE,"Topic 0: percent, funds, target, committee, rate, federal"
6/15/2016,2016,6/15/2016,11,"The stance of monetary policy remains accommodative, thereby supporting further improvement in labor market conditions and a return to 2 percent inflation.","stance monetary policy remains accommodative, thereby supporting improvement labor market conditions return 2 percent inflation.",0,0.9239455,0.013973157,0.06208141,-0.8618641,FALSE,"Topic 0: percent, funds, target, committee, rate, federal"
6/15/2016,2016,6/15/2016,12,"In determining the timing and size of future adjustments to the target range for the federal funds rate, the Committee will assess realized and expected economic conditions relative to its objectives of maximum employment and 2 percent inflation.","determining timing size future adjustments target range federal funds rate, Committee assess realized expected economic conditions relative objectives maximum employment 2 percent inflation.",0,0.05471807,0.06073654,0.8845454,0.8298273,TRUE,"Topic 0: percent, funds, target, committee, rate, federal"
6/15/2016,2016,6/15/2016,13,"This assessment will take into account a wide range of information, including measures of labor market conditions, indicators of inflation pressures and inflation expectations, and readings on financial and international developments.","assessment take account wide range information, including measures labor market conditions, indicators inflation pressures inflation expectations, readings financial international developments.",5,0.06629161,0.016669849,0.9170385,0.85074687,TRUE,"Topic 5: assessment, wide, readings, international, account, pressures"
6/15/2016,2016,6/15/2016,14,"In light of the current shortfall of inflation from 2 percent, the Committee will carefully monitor actual and expected progress toward its inflation goal.","light current shortfall inflation 2 percent, Committee carefully monitor actual expected progress toward inflation goal.",0,0.8582525,0.019321315,0.12242619,-0.7358263,TRUE,"Topic 0: percent, funds, target, committee, rate, federal"
6/15/2016,2016,6/15/2016,15,"The Committee expects that economic conditions will evolve in a manner that will warrant only gradual increases in the federal funds rate; the federal funds rate is likely to remain, for some time, below levels that are expected to prevail in the longer run.","Committee expects economic conditions evolve manner warrant gradual increases federal funds rate; federal funds rate likely remain, time, levels expected prevail longer run.",0,0.458239,0.29647297,0.24528807,-0.21295092,TRUE,"Topic 0: percent, funds, target, committee, rate, federal"
6/15/2016,2016,6/15/2016,16,"However, the actual path of the federal funds rate will depend on the economic outlook as informed by incoming data.","However, actual path federal funds rate depend economic outlook informed incoming data.",21,0.030569822,0.056604367,0.9128258,0.88225603,TRUE,"Topic 21: informed, data, depend, path, actual, incoming"
6/15/2016,2016,6/15/2016,17,"The Committee is maintaining its existing policy of reinvesting principal payments from its holdings of agency debt and agency mortgage-backed securities in agency mortgage-backed securities and of rolling over maturing Treasury securities at auction, and it anticipates doing so until normalization of the level of the federal funds rate is well under way.","Committee maintaining existing policy reinvesting principal payments holdings agency debt agency mortgage-backed securities agency mortgage-backed securities rolling maturing Treasury securities auction, anticipates normalization level federal funds rate well way.",2,0.08403512,0.021533608,0.8944313,0.8103962,FALSE,"Topic 2: agency, securities, mortgagebacked, treasury, principal, payments"
6/15/2016,2016,6/15/2016,18,"This policy, by keeping the Committee's holdings of longer-term securities at sizable levels, should help maintain accommodative financial conditions.","policy, keeping Committee's holdings longer-term securities sizable levels, help maintain accommodative financial conditions.",17,0.5632777,0.010686512,0.4260358,-0.13724193,TRUE,"Topic 17: sizable, keeping, help, accommodative, maintain, holdings"
7/27/2016,2016,7/27/2016,0,Information received since the Federal Open Market Committee met in June indicates that the labor market strengthened and that economic activity has been expanding at a moderate rate.,Information received since Federal Open Market Committee met June indicates labor market strengthened economic activity expanding moderate rate.,1,0.9547445,0.02340711,0.021848379,-0.93289614,FALSE,"Topic 1: gains, job, unemployment, received, met, open"
7/27/2016,2016,7/27/2016,1,Job gains were strong in June following weak growth in May.,Job gains strong June following weak growth May.,1,0.9216241,0.061946847,0.016429074,-0.90519506,TRUE,"Topic 1: gains, job, unemployment, received, met, open"
7/27/2016,2016,7/27/2016,2,"On balance, payrolls and other labor market indicators point to some increase in labor utilization in recent months.","balance, payrolls labor market indicators point increase labor utilization recent months.",1,0.94698155,0.03660799,0.016410459,-0.9305711,FALSE,"Topic 1: gains, job, unemployment, received, met, open"
7/27/2016,2016,7/27/2016,3,Household spending has been growing strongly but business fixed investment has been soft.,Household spending growing strongly business fixed investment soft.,3,0.39766017,0.56609726,0.036242608,-0.36141756,FALSE,"Topic 3: household, spending, fixed, business, investment, housing"
7/27/2016,2016,7/27/2016,4,"Inflation has continued to run below the Committee's 2 percent longer-run objective, partly reflecting earlier declines in energy prices and in prices of non-energy imports.","Inflation continued run Committee's 2 percent longer-run objective, partly reflecting earlier declines energy prices prices non-energy imports.",0,0.017154332,0.9584887,0.024356948,0.007202616,FALSE,"Topic 0: percent, funds, target, committee, rate, federal"
7/27/2016,2016,7/27/2016,5,"Market-based measures of inflation compensation remain low; most survey-based measures of longer-term inflation expectations are little changed, on balance, in recent months.","Market-based measures inflation compensation remain low; survey-based measures longer-term inflation expectations little changed, balance, recent months.",7,0.078583226,0.78634566,0.13507114,0.056487918,FALSE,"Topic 7: measures, changed, little, marketbased, surveybased, compensation"
7/27/2016,2016,7/27/2016,6,"Consistent with its statutory mandate, the Committee seeks to foster maximum employment and price stability.","Consistent statutory mandate, Committee seeks foster maximum employment price stability.",4,0.23863597,0.014581954,0.74678206,0.5081461,FALSE,"Topic 4: statutory, foster, seeks, mandate, stability, price"
7/27/2016,2016,7/27/2016,7,"The Committee currently expects that, with gradual adjustments in the stance of monetary policy, economic activity will expand at a moderate pace and labor market indicators will strengthen.","Committee currently expects that, gradual adjustments stance monetary policy, economic activity expand moderate pace labor market indicators strengthen.",0,0.9397029,0.013860611,0.046436466,-0.89326644,TRUE,"Topic 0: percent, funds, target, committee, rate, federal"
7/27/2016,2016,7/27/2016,8,"Inflation is expected to remain low in the near term, in part because of earlier declines in energy prices, but to rise to 2 percent over the medium term as the transitory effects of past declines in energy and import prices dissipate and the labor market strengthens further.","Inflation expected remain low near term, part earlier declines energy prices, rise 2 percent medium term transitory effects past declines energy import prices dissipate labor market strengthens further.",28,0.91759115,0.057012793,0.025396064,-0.8921951,FALSE,"Topic 28: dissipate, term, rise, declines, import, transitory"
7/27/2016,2016,7/27/2016,9,Near-term risks to the economic outlook have diminished.,Near-term risks economic outlook diminished.,16,0.6445527,0.31342998,0.042017307,-0.6025354,FALSE,"Topic 16: downside, strains, significant, risks, global, pose"
7/27/2016,2016,7/27/2016,10,The Committee continues to closely monitor inflation indicators and global economic and financial developments.,Committee continues closely monitor inflation indicators global economic financial developments.,12,0.0826185,0.01755162,0.89982986,0.8172114,FALSE,"Topic 12: closely, continues, monitor, developments, attentive, global"
7/27/2016,2016,7/27/2016,11,"Against this backdrop, the Committee decided to maintain the target range for the federal funds rate at 1/4 to 1/2 percent.","backdrop, Committee decided maintain target range federal funds rate 1/4 1/2 percent.",0,0.075379595,0.04245465,0.8821658,0.8067862,FALSE,"Topic 0: percent, funds, target, committee, rate, federal"
7/27/2016,2016,7/27/2016,12,"The stance of monetary policy remains accommodative, thereby supporting further improvement in labor market conditions and a return to 2 percent inflation.","stance monetary policy remains accommodative, thereby supporting improvement labor market conditions return 2 percent inflation.",0,0.9239455,0.013973157,0.06208141,-0.8618641,FALSE,"Topic 0: percent, funds, target, committee, rate, federal"
7/27/2016,2016,7/27/2016,13,"In determining the timing and size of future adjustments to the target range for the federal funds rate, the Committee will assess realized and expected economic conditions relative to its objectives of maximum employment and 2 percent inflation.","determining timing size future adjustments target range federal funds rate, Committee assess realized expected economic conditions relative objectives maximum employment 2 percent inflation.",0,0.05471807,0.06073654,0.8845454,0.8298273,TRUE,"Topic 0: percent, funds, target, committee, rate, federal"
7/27/2016,2016,7/27/2016,14,"This assessment will take into account a wide range of information, including measures of labor market conditions, indicators of inflation pressures and inflation expectations, and readings on financial and international developments.","assessment take account wide range information, including measures labor market conditions, indicators inflation pressures inflation expectations, readings financial international developments.",5,0.06629161,0.016669849,0.9170385,0.85074687,TRUE,"Topic 5: assessment, wide, readings, international, account, pressures"
7/27/2016,2016,7/27/2016,15,"In light of the current shortfall of inflation from 2 percent, the Committee will carefully monitor actual and expected progress toward its inflation goal.","light current shortfall inflation 2 percent, Committee carefully monitor actual expected progress toward inflation goal.",0,0.8582525,0.019321315,0.12242619,-0.7358263,TRUE,"Topic 0: percent, funds, target, committee, rate, federal"
7/27/2016,2016,7/27/2016,16,"The Committee expects that economic conditions will evolve in a manner that will warrant only gradual increases in the federal funds rate; the federal funds rate is likely to remain, for some time, below levels that are expected to prevail in the longer run.","Committee expects economic conditions evolve manner warrant gradual increases federal funds rate; federal funds rate likely remain, time, levels expected prevail longer run.",0,0.458239,0.29647297,0.24528807,-0.21295092,TRUE,"Topic 0: percent, funds, target, committee, rate, federal"
7/27/2016,2016,7/27/2016,17,"However, the actual path of the federal funds rate will depend on the economic outlook as informed by incoming data.","However, actual path federal funds rate depend economic outlook informed incoming data.",21,0.030569822,0.056604367,0.9128258,0.88225603,TRUE,"Topic 21: informed, data, depend, path, actual, incoming"
7/27/2016,2016,7/27/2016,18,"The Committee is maintaining its existing policy of reinvesting principal payments from its holdings of agency debt and agency mortgage-backed securities in agency mortgage-backed securities and of rolling over maturing Treasury securities at auction, and it anticipates doing so until normalization of the level of the federal funds rate is well under way.","Committee maintaining existing policy reinvesting principal payments holdings agency debt agency mortgage-backed securities agency mortgage-backed securities rolling maturing Treasury securities auction, anticipates normalization level federal funds rate well way.",2,0.08403512,0.021533608,0.8944313,0.8103962,FALSE,"Topic 2: agency, securities, mortgagebacked, treasury, principal, payments"
7/27/2016,2016,7/27/2016,19,"This policy, by keeping the Committee's holdings of longer-term securities at sizable levels, should help maintain accommodative financial conditions.","policy, keeping Committee's holdings longer-term securities sizable levels, help maintain accommodative financial conditions.",17,0.5632777,0.010686512,0.4260358,-0.13724193,TRUE,"Topic 17: sizable, keeping, help, accommodative, maintain, holdings"
9/21/2016,2016,9/21/2016,0,Information received since the Federal Open Market Committee met in July indicates that the labor market has continued to strengthen and growth of economic activity has picked up from the modest pace seen in the first half of this year.,Information received since Federal Open Market Committee met July indicates labor market continued strengthen growth economic activity picked modest pace seen first half year.,1,0.9538395,0.026393062,0.019767415,-0.9340721,FALSE,"Topic 1: gains, job, unemployment, received, met, open"
9/21/2016,2016,9/21/2016,1,"Although the unemployment rate is little changed in recent months, job gains have been solid, on average.","Although unemployment rate little changed recent months, job gains solid, average.",1,0.9329021,0.050638694,0.01645922,-0.9164429,FALSE,"Topic 1: gains, job, unemployment, received, met, open"
9/21/2016,2016,9/21/2016,2,Household spending has been growing strongly but business fixed investment has remained soft.,Household spending growing strongly business fixed investment remained soft.,3,0.5037429,0.45684022,0.039416965,-0.4643259,FALSE,"Topic 3: household, spending, fixed, business, investment, housing"
9/21/2016,2016,9/21/2016,3,"Inflation has continued to run below the Committee's 2 percent longer-run objective, partly reflecting earlier declines in energy prices and in prices of non-energy imports.","Inflation continued run Committee's 2 percent longer-run objective, partly reflecting earlier declines energy prices prices non-energy imports.",0,0.017154332,0.9584887,0.024356948,0.007202616,FALSE,"Topic 0: percent, funds, target, committee, rate, federal"
9/21/2016,2016,9/21/2016,4,"Market-based measures of inflation compensation remain low; most survey-based measures of longer-term inflation expectations are little changed, on balance, in recent months.","Market-based measures inflation compensation remain low; survey-based measures longer-term inflation expectations little changed, balance, recent months.",7,0.078583226,0.78634566,0.13507114,0.056487918,FALSE,"Topic 7: measures, changed, little, marketbased, surveybased, compensation"
9/21/2016,2016,9/21/2016,5,"Consistent with its statutory mandate, the Committee seeks to foster maximum employment and price stability.","Consistent statutory mandate, Committee seeks foster maximum employment price stability.",4,0.23863597,0.014581954,0.74678206,0.5081461,FALSE,"Topic 4: statutory, foster, seeks, mandate, stability, price"
9/21/2016,2016,9/21/2016,6,"The Committee expects that, with gradual adjustments in the stance of monetary policy, economic activity will expand at a moderate pace and labor market conditions will strengthen somewhat further.","Committee expects that, gradual adjustments stance monetary policy, economic activity expand moderate pace labor market conditions strengthen somewhat further.",0,0.94136024,0.016133398,0.042506345,-0.8988539,TRUE,"Topic 0: percent, funds, target, committee, rate, federal"
9/21/2016,2016,9/21/2016,7,"Inflation is expected to remain low in the near term, in part because of earlier declines in energy prices, but to rise to 2 percent over the medium term as the transitory effects of past declines in energy and import prices dissipate and the labor market strengthens further.","Inflation expected remain low near term, part earlier declines energy prices, rise 2 percent medium term transitory effects past declines energy import prices dissipate labor market strengthens further.",28,0.91759115,0.057012793,0.025396064,-0.8921951,FALSE,"Topic 28: dissipate, term, rise, declines, import, transitory"
9/21/2016,2016,9/21/2016,8,Near-term risks to the economic outlook appear roughly balanced.,Near-term risks economic outlook appear roughly balanced.,20,0.71350014,0.08912524,0.19737469,-0.51612544,FALSE,"Topic 20: roughly, appear, nearterm, balanced, risks, outlook"
9/21/2016,2016,9/21/2016,9,The Committee continues to closely monitor inflation indicators and global economic and financial developments.,Committee continues closely monitor inflation indicators global economic financial developments.,12,0.0826185,0.01755162,0.89982986,0.8172114,FALSE,"Topic 12: closely, continues, monitor, developments, attentive, global"
9/21/2016,2016,9/21/2016,10,"Against this backdrop, the Committee decided to maintain the target range for the federal funds rate at 1/4 to 1/2 percent.","backdrop, Committee decided maintain target range federal funds rate 1/4 1/2 percent.",0,0.075379595,0.04245465,0.8821658,0.8067862,FALSE,"Topic 0: percent, funds, target, committee, rate, federal"
9/21/2016,2016,9/21/2016,11,"The Committee judges that the case for an increase in the federal funds rate has strengthened but decided, for the time being, to wait for further evidence of continued progress toward its objectives.","Committee judges case increase federal funds rate strengthened decided, time being, wait evidence continued progress toward objectives.",0,0.9054759,0.026729384,0.06779465,-0.8376813,FALSE,"Topic 0: percent, funds, target, committee, rate, federal"
9/21/2016,2016,9/21/2016,12,"The stance of monetary policy remains accommodative, thereby supporting further improvement in labor market conditions and a return to 2 percent inflation.","stance monetary policy remains accommodative, thereby supporting improvement labor market conditions return 2 percent inflation.",0,0.9239455,0.013973157,0.06208141,-0.8618641,FALSE,"Topic 0: percent, funds, target, committee, rate, federal"
9/21/2016,2016,9/21/2016,13,"In determining the timing and size of future adjustments to the target range for the federal funds rate, the Committee will assess realized and expected economic conditions relative to its objectives of maximum employment and 2 percent inflation.","determining timing size future adjustments target range federal funds rate, Committee assess realized expected economic conditions relative objectives maximum employment 2 percent inflation.",0,0.05471807,0.06073654,0.8845454,0.8298273,TRUE,"Topic 0: percent, funds, target, committee, rate, federal"
9/21/2016,2016,9/21/2016,14,"This assessment will take into account a wide range of information, including measures of labor market conditions, indicators of inflation pressures and inflation expectations, and readings on financial and international developments.","assessment take account wide range information, including measures labor market conditions, indicators inflation pressures inflation expectations, readings financial international developments.",5,0.06629161,0.016669849,0.9170385,0.85074687,TRUE,"Topic 5: assessment, wide, readings, international, account, pressures"
9/21/2016,2016,9/21/2016,15,"In light of the current shortfall of inflation from 2 percent, the Committee will carefully monitor actual and expected progress toward its inflation goal.","light current shortfall inflation 2 percent, Committee carefully monitor actual expected progress toward inflation goal.",0,0.8582525,0.019321315,0.12242619,-0.7358263,TRUE,"Topic 0: percent, funds, target, committee, rate, federal"
9/21/2016,2016,9/21/2016,16,"The Committee expects that economic conditions will evolve in a manner that will warrant only gradual increases in the federal funds rate; the federal funds rate is likely to remain, for some time, below levels that are expected to prevail in the longer run.","Committee expects economic conditions evolve manner warrant gradual increases federal funds rate; federal funds rate likely remain, time, levels expected prevail longer run.",0,0.458239,0.29647297,0.24528807,-0.21295092,TRUE,"Topic 0: percent, funds, target, committee, rate, federal"
9/21/2016,2016,9/21/2016,17,"However, the actual path of the federal funds rate will depend on the economic outlook as informed by incoming data.","However, actual path federal funds rate depend economic outlook informed incoming data.",21,0.030569822,0.056604367,0.9128258,0.88225603,TRUE,"Topic 21: informed, data, depend, path, actual, incoming"
9/21/2016,2016,9/21/2016,18,"The Committee is maintaining its existing policy of reinvesting principal payments from its holdings of agency debt and agency mortgage-backed securities in agency mortgage-backed securities and of rolling over maturing Treasury securities at auction, and it anticipates doing so until normalization of the level of the federal funds rate is well under way.","Committee maintaining existing policy reinvesting principal payments holdings agency debt agency mortgage-backed securities agency mortgage-backed securities rolling maturing Treasury securities auction, anticipates normalization level federal funds rate well way.",2,0.08403512,0.021533608,0.8944313,0.8103962,FALSE,"Topic 2: agency, securities, mortgagebacked, treasury, principal, payments"
9/21/2016,2016,9/21/2016,19,"This policy, by keeping the Committee's holdings of longer-term securities at sizable levels, should help maintain accommodative financial conditions.","policy, keeping Committee's holdings longer-term securities sizable levels, help maintain accommodative financial conditions.",17,0.5632777,0.010686512,0.4260358,-0.13724193,TRUE,"Topic 17: sizable, keeping, help, accommodative, maintain, holdings"
11/2/2016,2016,11/2/2016,0,Information received since the Federal Open Market Committee met in September indicates that the labor market has continued to strengthen and growth of economic activity has picked up from the modest pace seen in the first half of this year.,Information received since Federal Open Market Committee met September indicates labor market continued strengthen growth economic activity picked modest pace seen first half year.,1,0.95370966,0.02654932,0.019740924,-0.9339687,FALSE,"Topic 1: gains, job, unemployment, received, met, open"
11/2/2016,2016,11/2/2016,1,"Although the unemployment rate is little changed in recent months, job gains have been solid.","Although unemployment rate little changed recent months, job gains solid.",1,0.9348143,0.04788819,0.017297586,-0.9175167,FALSE,"Topic 1: gains, job, unemployment, received, met, open"
11/2/2016,2016,11/2/2016,2,Household spending has been rising moderately but business fixed investment has remained soft.,Household spending rising moderately business fixed investment remained soft.,3,0.5348437,0.42325824,0.04189803,-0.49294564,FALSE,"Topic 3: household, spending, fixed, business, investment, housing"
11/2/2016,2016,11/2/2016,3,"Inflation has increased somewhat since earlier this year but is still below the Committee's 2 percent longer-run objective, partly reflecting earlier declines in energy prices and in prices of non-energy imports.","Inflation increased somewhat since earlier year still Committee's 2 percent longer-run objective, partly reflecting earlier declines energy prices prices non-energy imports.",0,0.24309535,0.72793436,0.028970294,-0.21412507,FALSE,"Topic 0: percent, funds, target, committee, rate, federal"
11/2/2016,2016,11/2/2016,4,"Market-based measures of inflation compensation have moved up but remain low; most survey-based measures of longer-term inflation expectations are little changed, on balance, in recent months.","Market-based measures inflation compensation moved remain low; survey-based measures longer-term inflation expectations little changed, balance, recent months.",7,0.30626705,0.6370451,0.056687836,-0.24957922,FALSE,"Topic 7: measures, changed, little, marketbased, surveybased, compensation"
11/2/2016,2016,11/2/2016,5,"Consistent with its statutory mandate, the Committee seeks to foster maximum employment and price stability.","Consistent statutory mandate, Committee seeks foster maximum employment price stability.",4,0.23863597,0.014581954,0.74678206,0.5081461,FALSE,"Topic 4: statutory, foster, seeks, mandate, stability, price"
11/2/2016,2016,11/2/2016,6,"The Committee expects that, with gradual adjustments in the stance of monetary policy, economic activity will expand at a moderate pace and labor market conditions will strengthen somewhat further.","Committee expects that, gradual adjustments stance monetary policy, economic activity expand moderate pace labor market conditions strengthen somewhat further.",0,0.94136024,0.016133398,0.042506345,-0.8988539,TRUE,"Topic 0: percent, funds, target, committee, rate, federal"
11/2/2016,2016,11/2/2016,7,Inflation is expected to rise to 2 percent over the medium term as the transitory effects of past declines in energy and import prices dissipate and the labor market strengthens further.,Inflation expected rise 2 percent medium term transitory effects past declines energy import prices dissipate labor market strengthens further.,28,0.95067024,0.018786138,0.030543579,-0.9201267,FALSE,"Topic 28: dissipate, term, rise, declines, import, transitory"
11/2/2016,2016,11/2/2016,8,Near-term risks to the economic outlook appear roughly balanced.,Near-term risks economic outlook appear roughly balanced.,20,0.71350014,0.08912524,0.19737469,-0.51612544,FALSE,"Topic 20: roughly, appear, nearterm, balanced, risks, outlook"
11/2/2016,2016,11/2/2016,9,The Committee continues to closely monitor inflation indicators and global economic and financial developments.,Committee continues closely monitor inflation indicators global economic financial developments.,12,0.0826185,0.01755162,0.89982986,0.8172114,FALSE,"Topic 12: closely, continues, monitor, developments, attentive, global"
11/2/2016,2016,11/2/2016,10,"Against this backdrop, the Committee decided to maintain the target range for the federal funds rate at 1/4 to 1/2 percent.","backdrop, Committee decided maintain target range federal funds rate 1/4 1/2 percent.",0,0.075379595,0.04245465,0.8821658,0.8067862,FALSE,"Topic 0: percent, funds, target, committee, rate, federal"
11/2/2016,2016,11/2/2016,11,"The Committee judges that the case for an increase in the federal funds rate has continued to strengthen but decided, for the time being, to wait for some further evidence of continued progress toward its objectives.","Committee judges case increase federal funds rate continued strengthen decided, time being, wait evidence continued progress toward objectives.",0,0.9086526,0.023684321,0.06766308,-0.84098953,FALSE,"Topic 0: percent, funds, target, committee, rate, federal"
11/2/2016,2016,11/2/2016,12,"The stance of monetary policy remains accommodative, thereby supporting further improvement in labor market conditions and a return to 2 percent inflation.","stance monetary policy remains accommodative, thereby supporting improvement labor market conditions return 2 percent inflation.",0,0.9239455,0.013973157,0.06208141,-0.8618641,FALSE,"Topic 0: percent, funds, target, committee, rate, federal"
11/2/2016,2016,11/2/2016,13,"In determining the timing and size of future adjustments to the target range for the federal funds rate, the Committee will assess realized and expected economic conditions relative to its objectives of maximum employment and 2 percent inflation.","determining timing size future adjustments target range federal funds rate, Committee assess realized expected economic conditions relative objectives maximum employment 2 percent inflation.",0,0.05471807,0.06073654,0.8845454,0.8298273,TRUE,"Topic 0: percent, funds, target, committee, rate, federal"
11/2/2016,2016,11/2/2016,14,"This assessment will take into account a wide range of information, including measures of labor market conditions, indicators of inflation pressures and inflation expectations, and readings on financial and international developments.","assessment take account wide range information, including measures labor market conditions, indicators inflation pressures inflation expectations, readings financial international developments.",5,0.06629161,0.016669849,0.9170385,0.85074687,TRUE,"Topic 5: assessment, wide, readings, international, account, pressures"
11/2/2016,2016,11/2/2016,15,"In light of the current shortfall of inflation from 2 percent, the Committee will carefully monitor actual and expected progress toward its inflation goal.","light current shortfall inflation 2 percent, Committee carefully monitor actual expected progress toward inflation goal.",0,0.8582525,0.019321315,0.12242619,-0.7358263,TRUE,"Topic 0: percent, funds, target, committee, rate, federal"
11/2/2016,2016,11/2/2016,16,"The Committee expects that economic conditions will evolve in a manner that will warrant only gradual increases in the federal funds rate; the federal funds rate is likely to remain, for some time, below levels that are expected to prevail in the longer run.","Committee expects economic conditions evolve manner warrant gradual increases federal funds rate; federal funds rate likely remain, time, levels expected prevail longer run.",0,0.458239,0.29647297,0.24528807,-0.21295092,TRUE,"Topic 0: percent, funds, target, committee, rate, federal"
11/2/2016,2016,11/2/2016,17,"However, the actual path of the federal funds rate will depend on the economic outlook as informed by incoming data.","However, actual path federal funds rate depend economic outlook informed incoming data.",21,0.030569822,0.056604367,0.9128258,0.88225603,TRUE,"Topic 21: informed, data, depend, path, actual, incoming"
11/2/2016,2016,11/2/2016,18,"The Committee is maintaining its existing policy of reinvesting principal payments from its holdings of agency debt and agency mortgage-backed securities in agency mortgage-backed securities and of rolling over maturing Treasury securities at auction, and it anticipates doing so until normalization of the level of the federal funds rate is well under way.","Committee maintaining existing policy reinvesting principal payments holdings agency debt agency mortgage-backed securities agency mortgage-backed securities rolling maturing Treasury securities auction, anticipates normalization level federal funds rate well way.",2,0.08403512,0.021533608,0.8944313,0.8103962,FALSE,"Topic 2: agency, securities, mortgagebacked, treasury, principal, payments"
11/2/2016,2016,11/2/2016,19,"This policy, by keeping the Committee's holdings of longer-term securities at sizable levels, should help maintain accommodative financial conditions.","policy, keeping Committee's holdings longer-term securities sizable levels, help maintain accommodative financial conditions.",17,0.5632777,0.010686512,0.4260358,-0.13724193,TRUE,"Topic 17: sizable, keeping, help, accommodative, maintain, holdings"
12/14/2016,2016,12/14/2016,0,Information received since the Federal Open Market Committee met in November indicates that the labor market has continued to strengthen and that economic activity has been expanding at a moderate pace since mid-year.,Information received since Federal Open Market Committee met November indicates labor market continued strengthen economic activity expanding moderate pace since mid-year.,1,0.951866,0.021417964,0.026716186,-0.9251498,FALSE,"Topic 1: gains, job, unemployment, received, met, open"
12/14/2016,2016,12/14/2016,1,Job gains have been solid in recent months and the unemployment rate has declined.,Job gains solid recent months unemployment rate declined.,1,0.02384882,0.957903,0.018248219,-0.005600601,FALSE,"Topic 1: gains, job, unemployment, received, met, open"
12/14/2016,2016,12/14/2016,2,Household spending has been rising moderately but business fixed investment has remained soft.,Household spending rising moderately business fixed investment remained soft.,3,0.5348437,0.42325824,0.04189803,-0.49294564,FALSE,"Topic 3: household, spending, fixed, business, investment, housing"
12/14/2016,2016,12/14/2016,3,"Inflation has increased since earlier this year but is still below the Committee's 2 percent longer-run objective, partly reflecting earlier declines in energy prices and in prices of non-energy imports.","Inflation increased since earlier year still Committee's 2 percent longer-run objective, partly reflecting earlier declines energy prices prices non-energy imports.",0,0.15239398,0.8194406,0.02816543,-0.12422855,FALSE,"Topic 0: percent, funds, target, committee, rate, federal"
12/14/2016,2016,12/14/2016,4,"Market-based measures of inflation compensation have moved up considerably but still are low; most survey-based measures of longer-term inflation expectations are little changed, on balance, in recent months.","Market-based measures inflation compensation moved considerably still low; survey-based measures longer-term inflation expectations little changed, balance, recent months.",7,0.39629114,0.5425188,0.061190065,-0.33510107,FALSE,"Topic 7: measures, changed, little, marketbased, surveybased, compensation"
12/14/2016,2016,12/14/2016,5,"Consistent with its statutory mandate, the Committee seeks to foster maximum employment and price stability.","Consistent statutory mandate, Committee seeks foster maximum employment price stability.",4,0.23863597,0.014581954,0.74678206,0.5081461,FALSE,"Topic 4: statutory, foster, seeks, mandate, stability, price"
12/14/2016,2016,12/14/2016,6,"The Committee expects that, with gradual adjustments in the stance of monetary policy, economic activity will expand at a moderate pace and labor market conditions will strengthen somewhat further.","Committee expects that, gradual adjustments stance monetary policy, economic activity expand moderate pace labor market conditions strengthen somewhat further.",0,0.94136024,0.016133398,0.042506345,-0.8988539,TRUE,"Topic 0: percent, funds, target, committee, rate, federal"
12/14/2016,2016,12/14/2016,7,Inflation is expected to rise to 2 percent over the medium term as the transitory effects of past declines in energy and import prices dissipate and the labor market strengthens further.,Inflation expected rise 2 percent medium term transitory effects past declines energy import prices dissipate labor market strengthens further.,28,0.95067024,0.018786138,0.030543579,-0.9201267,FALSE,"Topic 28: dissipate, term, rise, declines, import, transitory"
12/14/2016,2016,12/14/2016,8,Near-term risks to the economic outlook appear roughly balanced.,Near-term risks economic outlook appear roughly balanced.,20,0.71350014,0.08912524,0.19737469,-0.51612544,FALSE,"Topic 20: roughly, appear, nearterm, balanced, risks, outlook"
12/14/2016,2016,12/14/2016,9,The Committee continues to closely monitor inflation indicators and global economic and financial developments.,Committee continues closely monitor inflation indicators global economic financial developments.,12,0.0826185,0.01755162,0.89982986,0.8172114,FALSE,"Topic 12: closely, continues, monitor, developments, attentive, global"
12/14/2016,2016,12/14/2016,10,"In view of realized and expected labor market conditions and inflation, the Committee decided to raise the target range for the federal funds rate to 1/2 to 3/4 percent.","view realized expected labor market conditions inflation, Committee decided raise target range federal funds rate 1/2 3/4 percent.",0,0.3535562,0.033651393,0.61279243,0.25923625,FALSE,"Topic 0: percent, funds, target, committee, rate, federal"
12/14/2016,2016,12/14/2016,11,"The stance of monetary policy remains accommodative, thereby supporting some further strengthening in labor market conditions and a return to 2 percent inflation.","stance monetary policy remains accommodative, thereby supporting strengthening labor market conditions return 2 percent inflation.",0,0.9272804,0.016142126,0.056577515,-0.8707029,FALSE,"Topic 0: percent, funds, target, committee, rate, federal"
12/14/2016,2016,12/14/2016,12,"In determining the timing and size of future adjustments to the target range for the federal funds rate, the Committee will assess realized and expected economic conditions relative to its objectives of maximum employment and 2 percent inflation.","determining timing size future adjustments target range federal funds rate, Committee assess realized expected economic conditions relative objectives maximum employment 2 percent inflation.",0,0.05471807,0.06073654,0.8845454,0.8298273,TRUE,"Topic 0: percent, funds, target, committee, rate, federal"
12/14/2016,2016,12/14/2016,13,"This assessment will take into account a wide range of information, including measures of labor market conditions, indicators of inflation pressures and inflation expectations, and readings on financial and international developments.","assessment take account wide range information, including measures labor market conditions, indicators inflation pressures inflation expectations, readings financial international developments.",5,0.06629161,0.016669849,0.9170385,0.85074687,TRUE,"Topic 5: assessment, wide, readings, international, account, pressures"
12/14/2016,2016,12/14/2016,14,"In light of the current shortfall of inflation from 2 percent, the Committee will carefully monitor actual and expected progress toward its inflation goal.","light current shortfall inflation 2 percent, Committee carefully monitor actual expected progress toward inflation goal.",0,0.8582525,0.019321315,0.12242619,-0.7358263,TRUE,"Topic 0: percent, funds, target, committee, rate, federal"
12/14/2016,2016,12/14/2016,15,"The Committee expects that economic conditions will evolve in a manner that will warrant only gradual increases in the federal funds rate; the federal funds rate is likely to remain, for some time, below levels that are expected to prevail in the longer run.","Committee expects economic conditions evolve manner warrant gradual increases federal funds rate; federal funds rate likely remain, time, levels expected prevail longer run.",0,0.458239,0.29647297,0.24528807,-0.21295092,TRUE,"Topic 0: percent, funds, target, committee, rate, federal"
12/14/2016,2016,12/14/2016,16,"However, the actual path of the federal funds rate will depend on the economic outlook as informed by incoming data.","However, actual path federal funds rate depend economic outlook informed incoming data.",21,0.030569822,0.056604367,0.9128258,0.88225603,TRUE,"Topic 21: informed, data, depend, path, actual, incoming"
12/14/2016,2016,12/14/2016,17,"The Committee is maintaining its existing policy of reinvesting principal payments from its holdings of agency debt and agency mortgage-backed securities in agency mortgage-backed securities and of rolling over maturing Treasury securities at auction, and it anticipates doing so until normalization of the level of the federal funds rate is well under way.","Committee maintaining existing policy reinvesting principal payments holdings agency debt agency mortgage-backed securities agency mortgage-backed securities rolling maturing Treasury securities auction, anticipates normalization level federal funds rate well way.",2,0.08403512,0.021533608,0.8944313,0.8103962,FALSE,"Topic 2: agency, securities, mortgagebacked, treasury, principal, payments"
12/14/2016,2016,12/14/2016,18,"This policy, by keeping the Committee's holdings of longer-term securities at sizable levels, should help maintain accommodative financial conditions.","policy, keeping Committee's holdings longer-term securities sizable levels, help maintain accommodative financial conditions.",17,0.5632777,0.010686512,0.4260358,-0.13724193,TRUE,"Topic 17: sizable, keeping, help, accommodative, maintain, holdings"
2/1/2017,2017,2/1/2017,0,Information received since the Federal Open Market Committee met in December indicates that the labor market has continued to strengthen and that economic activity has continued to expand at a moderate pace.,Information received since Federal Open Market Committee met December indicates labor market continued strengthen economic activity continued expand moderate pace.,1,0.95099455,0.020650277,0.02835511,-0.9226394,FALSE,"Topic 1: gains, job, unemployment, received, met, open"
2/1/2017,2017,2/1/2017,1,Job gains remained solid and the unemployment rate stayed near its recent low.,Job gains remained solid unemployment rate stayed near recent low.,1,0.18727307,0.7887195,0.024007453,-0.16326562,FALSE,"Topic 1: gains, job, unemployment, received, met, open"
2/1/2017,2017,2/1/2017,2,Household spending has continued to rise moderately while business fixed investment has remained soft.,Household spending continued rise moderately business fixed investment remained soft.,3,0.642694,0.3145522,0.042753812,-0.5999402,FALSE,"Topic 3: household, spending, fixed, business, investment, housing"
2/1/2017,2017,2/1/2017,3,Measures of consumer and business sentiment have improved of late.,Measures consumer business sentiment improved late.,1,0.9545264,0.025607256,0.019866372,-0.9346601,FALSE,"Topic 1: gains, job, unemployment, received, met, open"
2/1/2017,2017,2/1/2017,4,Inflation increased in recent quarters but is still below the Committee's 2 percent longer-run objective.,Inflation increased recent quarters still Committee's 2 percent longer-run objective.,0,0.30907014,0.54431695,0.14661291,-0.16245723,FALSE,"Topic 0: percent, funds, target, committee, rate, federal"
2/1/2017,2017,2/1/2017,5,"Market-based measures of inflation compensation remain low; most survey-based measures of longer-term inflation expectations are little changed, on balance.","Market-based measures inflation compensation remain low; survey-based measures longer-term inflation expectations little changed, balance.",7,0.074874975,0.70323503,0.22188999,0.147015,FALSE,"Topic 7: measures, changed, little, marketbased, surveybased, compensation"
2/1/2017,2017,2/1/2017,6,"Consistent with its statutory mandate, the Committee seeks to foster maximum employment and price stability.","Consistent statutory mandate, Committee seeks foster maximum employment price stability.",4,0.23863597,0.014581954,0.74678206,0.5081461,FALSE,"Topic 4: statutory, foster, seeks, mandate, stability, price"
2/1/2017,2017,2/1/2017,7,"The Committee expects that, with gradual adjustments in the stance of monetary policy, economic activity will expand at a moderate pace, labor market conditions will strengthen somewhat further, and inflation will rise to 2 percent over the medium term.","Committee expects that, gradual adjustments stance monetary policy, economic activity expand moderate pace, labor market conditions strengthen somewhat further, inflation rise 2 percent medium term.",0,0.9386066,0.014696516,0.046696883,-0.8919097,TRUE,"Topic 0: percent, funds, target, committee, rate, federal"
2/1/2017,2017,2/1/2017,8,Near-term risks to the economic outlook appear roughly balanced.,Near-term risks economic outlook appear roughly balanced.,20,0.71350014,0.08912524,0.19737469,-0.51612544,FALSE,"Topic 20: roughly, appear, nearterm, balanced, risks, outlook"
2/1/2017,2017,2/1/2017,9,The Committee continues to closely monitor inflation indicators and global economic and financial developments.,Committee continues closely monitor inflation indicators global economic financial developments.,12,0.0826185,0.01755162,0.89982986,0.8172114,FALSE,"Topic 12: closely, continues, monitor, developments, attentive, global"
2/1/2017,2017,2/1/2017,10,"In view of realized and expected labor market conditions and inflation, the Committee decided to maintain the target range for the federal funds rate at 1/2 to 3/4 percent.","view realized expected labor market conditions inflation, Committee decided maintain target range federal funds rate 1/2 3/4 percent.",0,0.06483301,0.060221728,0.8749453,0.8101123,FALSE,"Topic 0: percent, funds, target, committee, rate, federal"
2/1/2017,2017,2/1/2017,11,"The stance of monetary policy remains accommodative, thereby supporting some further strengthening in labor market conditions and a return to 2 percent inflation.","stance monetary policy remains accommodative, thereby supporting strengthening labor market conditions return 2 percent inflation.",0,0.9272804,0.016142126,0.056577515,-0.8707029,FALSE,"Topic 0: percent, funds, target, committee, rate, federal"
2/1/2017,2017,2/1/2017,12,"In determining the timing and size of future adjustments to the target range for the federal funds rate, the Committee will assess realized and expected economic conditions relative to its objectives of maximum employment and 2 percent inflation.","determining timing size future adjustments target range federal funds rate, Committee assess realized expected economic conditions relative objectives maximum employment 2 percent inflation.",0,0.05471807,0.06073654,0.8845454,0.8298273,TRUE,"Topic 0: percent, funds, target, committee, rate, federal"
2/1/2017,2017,2/1/2017,13,"This assessment will take into account a wide range of information, including measures of labor market conditions, indicators of inflation pressures and inflation expectations, and readings on financial and international developments.","assessment take account wide range information, including measures labor market conditions, indicators inflation pressures inflation expectations, readings financial international developments.",5,0.06629161,0.016669849,0.9170385,0.85074687,TRUE,"Topic 5: assessment, wide, readings, international, account, pressures"
2/1/2017,2017,2/1/2017,14,"In light of the current shortfall of inflation from 2 percent, the Committee will carefully monitor actual and expected progress toward its inflation goal.","light current shortfall inflation 2 percent, Committee carefully monitor actual expected progress toward inflation goal.",0,0.8582525,0.019321315,0.12242619,-0.7358263,TRUE,"Topic 0: percent, funds, target, committee, rate, federal"
2/1/2017,2017,2/1/2017,15,"The Committee expects that economic conditions will evolve in a manner that will warrant only gradual increases in the federal funds rate; the federal funds rate is likely to remain, for some time, below levels that are expected to prevail in the longer run.","Committee expects economic conditions evolve manner warrant gradual increases federal funds rate; federal funds rate likely remain, time, levels expected prevail longer run.",0,0.458239,0.29647297,0.24528807,-0.21295092,TRUE,"Topic 0: percent, funds, target, committee, rate, federal"
2/1/2017,2017,2/1/2017,16,"However, the actual path of the federal funds rate will depend on the economic outlook as informed by incoming data.","However, actual path federal funds rate depend economic outlook informed incoming data.",21,0.030569822,0.056604367,0.9128258,0.88225603,TRUE,"Topic 21: informed, data, depend, path, actual, incoming"
2/1/2017,2017,2/1/2017,17,"The Committee is maintaining its existing policy of reinvesting principal payments from its holdings of agency debt and agency mortgage-backed securities in agency mortgage-backed securities and of rolling over maturing Treasury securities at auction, and it anticipates doing so until normalization of the level of the federal funds rate is well under way.","Committee maintaining existing policy reinvesting principal payments holdings agency debt agency mortgage-backed securities agency mortgage-backed securities rolling maturing Treasury securities auction, anticipates normalization level federal funds rate well way.",2,0.08403512,0.021533608,0.8944313,0.8103962,FALSE,"Topic 2: agency, securities, mortgagebacked, treasury, principal, payments"
2/1/2017,2017,2/1/2017,18,"This policy, by keeping the Committee's holdings of longer-term securities at sizable levels, should help maintain accommodative financial conditions.","policy, keeping Committee's holdings longer-term securities sizable levels, help maintain accommodative financial conditions.",17,0.5632777,0.010686512,0.4260358,-0.13724193,TRUE,"Topic 17: sizable, keeping, help, accommodative, maintain, holdings"
3/15/2017,2017,3/15/2017,0,Information received since the Federal Open Market Committee met in February indicates that the labor market has continued to strengthen and that economic activity has continued to expand at a moderate pace.,Information received since Federal Open Market Committee met February indicates labor market continued strengthen economic activity continued expand moderate pace.,1,0.9513415,0.021383414,0.027274983,-0.92406654,FALSE,"Topic 1: gains, job, unemployment, received, met, open"
3/15/2017,2017,3/15/2017,1,Job gains remained solid and the unemployment rate was little changed in recent months.,Job gains remained solid unemployment rate little changed recent months.,1,0.55552864,0.3912354,0.053235974,-0.5022927,FALSE,"Topic 1: gains, job, unemployment, received, met, open"
3/15/2017,2017,3/15/2017,2,Household spending has continued to rise moderately while business fixed investment appears to have firmed somewhat.,Household spending continued rise moderately business fixed investment appears firmed somewhat.,3,0.95285535,0.028933419,0.018211195,-0.93464416,FALSE,"Topic 3: household, spending, fixed, business, investment, housing"
3/15/2017,2017,3/15/2017,3,"Inflation has increased in recent quarters, moving close to the Committee's 2 percent longer-run objective; excluding energy and food prices, inflation was little changed and continued to run somewhat below 2 percent.","Inflation increased recent quarters, moving close Committee's 2 percent longer-run objective; excluding energy food prices, inflation little changed continued run somewhat 2 percent.",0,0.9032489,0.044060934,0.052690186,-0.8505587,FALSE,"Topic 0: percent, funds, target, committee, rate, federal"
3/15/2017,2017,3/15/2017,4,"Market-based measures of inflation compensation remain low; survey-based measures of longer-term inflation expectations are little changed, on balance.","Market-based measures inflation compensation remain low; survey-based measures longer-term inflation expectations little changed, balance.",7,0.0882015,0.64850944,0.26328903,0.17508754,FALSE,"Topic 7: measures, changed, little, marketbased, surveybased, compensation"
3/15/2017,2017,3/15/2017,5,"Consistent with its statutory mandate, the Committee seeks to foster maximum employment and price stability.","Consistent statutory mandate, Committee seeks foster maximum employment price stability.",4,0.23863597,0.014581954,0.74678206,0.5081461,FALSE,"Topic 4: statutory, foster, seeks, mandate, stability, price"
3/15/2017,2017,3/15/2017,6,"The Committee expects that, with gradual adjustments in the stance of monetary policy, economic activity will expand at a moderate pace, labor market conditions will strengthen somewhat further, and inflation will stabilize around 2 percent over the medium term.","Committee expects that, gradual adjustments stance monetary policy, economic activity expand moderate pace, labor market conditions strengthen somewhat further, inflation stabilize around 2 percent medium term.",0,0.931704,0.014873118,0.053422965,-0.878281,TRUE,"Topic 0: percent, funds, target, committee, rate, federal"
3/15/2017,2017,3/15/2017,7,Near-term risks to the economic outlook appear roughly balanced.,Near-term risks economic outlook appear roughly balanced.,20,0.71350014,0.08912524,0.19737469,-0.51612544,FALSE,"Topic 20: roughly, appear, nearterm, balanced, risks, outlook"
3/15/2017,2017,3/15/2017,8,The Committee continues to closely monitor inflation indicators and global economic and financial developments.,Committee continues closely monitor inflation indicators global economic financial developments.,12,0.0826185,0.01755162,0.89982986,0.8172114,FALSE,"Topic 12: closely, continues, monitor, developments, attentive, global"
3/15/2017,2017,3/15/2017,9,"In view of realized and expected labor market conditions and inflation, the Committee decided to raise the target range for the federal funds rate to 3/4 to 1 percent.","view realized expected labor market conditions inflation, Committee decided raise target range federal funds rate 3/4 1 percent.",0,0.26027015,0.036022983,0.70370686,0.4434367,FALSE,"Topic 0: percent, funds, target, committee, rate, federal"
3/15/2017,2017,3/15/2017,10,"The stance of monetary policy remains accommodative, thereby supporting some further strengthening in labor market conditions and a sustained return to 2 percent inflation.","stance monetary policy remains accommodative, thereby supporting strengthening labor market conditions sustained return 2 percent inflation.",0,0.9401281,0.016013445,0.043858517,-0.89626956,FALSE,"Topic 0: percent, funds, target, committee, rate, federal"
3/15/2017,2017,3/15/2017,11,"In determining the timing and size of future adjustments to the target range for the federal funds rate, the Committee will assess realized and expected economic conditions relative to its objectives of maximum employment and 2 percent inflation.","determining timing size future adjustments target range federal funds rate, Committee assess realized expected economic conditions relative objectives maximum employment 2 percent inflation.",0,0.05471807,0.06073654,0.8845454,0.8298273,TRUE,"Topic 0: percent, funds, target, committee, rate, federal"
3/15/2017,2017,3/15/2017,12,"This assessment will take into account a wide range of information, including measures of labor market conditions, indicators of inflation pressures and inflation expectations, and readings on financial and international developments.","assessment take account wide range information, including measures labor market conditions, indicators inflation pressures inflation expectations, readings financial international developments.",5,0.06629161,0.016669849,0.9170385,0.85074687,TRUE,"Topic 5: assessment, wide, readings, international, account, pressures"
3/15/2017,2017,3/15/2017,13,The Committee will carefully monitor actual and expected inflation developments relative to its symmetric inflation goal.,Committee carefully monitor actual expected inflation developments relative symmetric inflation goal.,0,0.06321457,0.027351998,0.90943336,0.8462188,TRUE,"Topic 0: percent, funds, target, committee, rate, federal"
3/15/2017,2017,3/15/2017,14,"The Committee expects that economic conditions will evolve in a manner that will warrant gradual increases in the federal funds rate; the federal funds rate is likely to remain, for some time, below levels that are expected to prevail in the longer run.","Committee expects economic conditions evolve manner warrant gradual increases federal funds rate; federal funds rate likely remain, time, levels expected prevail longer run.",0,0.71465576,0.14744411,0.13790008,-0.57675564,TRUE,"Topic 0: percent, funds, target, committee, rate, federal"
3/15/2017,2017,3/15/2017,15,"However, the actual path of the federal funds rate will depend on the economic outlook as informed by incoming data.","However, actual path federal funds rate depend economic outlook informed incoming data.",21,0.030569822,0.056604367,0.9128258,0.88225603,TRUE,"Topic 21: informed, data, depend, path, actual, incoming"
3/15/2017,2017,3/15/2017,16,"The Committee is maintaining its existing policy of reinvesting principal payments from its holdings of agency debt and agency mortgage-backed securities in agency mortgage-backed securities and of rolling over maturing Treasury securities at auction, and it anticipates doing so until normalization of the level of the federal funds rate is well under way.","Committee maintaining existing policy reinvesting principal payments holdings agency debt agency mortgage-backed securities agency mortgage-backed securities rolling maturing Treasury securities auction, anticipates normalization level federal funds rate well way.",2,0.08403512,0.021533608,0.8944313,0.8103962,FALSE,"Topic 2: agency, securities, mortgagebacked, treasury, principal, payments"
3/15/2017,2017,3/15/2017,17,"This policy, by keeping the Committee's holdings of longer-term securities at sizable levels, should help maintain accommodative financial conditions.","policy, keeping Committee's holdings longer-term securities sizable levels, help maintain accommodative financial conditions.",17,0.5632777,0.010686512,0.4260358,-0.13724193,TRUE,"Topic 17: sizable, keeping, help, accommodative, maintain, holdings"
5/3/2017,2017,5/3/2017,0,Information received since the Federal Open Market Committee met in March indicates that the labor market has continued to strengthen even as growth in economic activity slowed.,Information received since Federal Open Market Committee met March indicates labor market continued strengthen even growth economic activity slowed.,1,0.942797,0.03621221,0.020990716,-0.9218063,FALSE,"Topic 1: gains, job, unemployment, received, met, open"
5/3/2017,2017,5/3/2017,1,"Job gains were solid, on average, in recent months, and the unemployment rate declined.","Job gains solid, average, recent months, unemployment rate declined.",1,0.14822234,0.82831806,0.023459645,-0.1247627,FALSE,"Topic 1: gains, job, unemployment, received, met, open"
5/3/2017,2017,5/3/2017,2,"Household spending rose only modestly, but the fundamentals underpinning the continued growth of consumption remained solid.","Household spending rose modestly, fundamentals underpinning continued growth consumption remained solid.",3,0.9536215,0.025108878,0.021269655,-0.9323518,FALSE,"Topic 3: household, spending, fixed, business, investment, housing"
5/3/2017,2017,5/3/2017,3,Business fixed investment firmed.,Business fixed investment firmed.,3,0.9450505,0.024094017,0.03085558,-0.9141949,FALSE,"Topic 3: household, spending, fixed, business, investment, housing"
5/3/2017,2017,5/3/2017,4,Inflation measured on a 12-month basis recently has been running close to the Committee's 2 percent longer-run objective.,Inflation measured 12-month basis recently running close Committee's 2 percent longer-run objective.,0,0.4255697,0.13782954,0.43660077,0.011031061,FALSE,"Topic 0: percent, funds, target, committee, rate, federal"
5/3/2017,2017,5/3/2017,5,"Excluding energy and food, consumer prices declined in March and inflation continued to run somewhat below 2 percent.","Excluding energy food, consumer prices declined March inflation continued run somewhat 2 percent.",13,0.020337364,0.95058364,0.029078968,0.008741604,FALSE,"Topic 13: food, 12month, basis, items, overall, energy"
5/3/2017,2017,5/3/2017,6,"Market-based measures of inflation compensation remain low; survey-based measures of longer-term inflation expectations are little changed, on balance.","Market-based measures inflation compensation remain low; survey-based measures longer-term inflation expectations little changed, balance.",7,0.0882015,0.64850944,0.26328903,0.17508754,FALSE,"Topic 7: measures, changed, little, marketbased, surveybased, compensation"
5/3/2017,2017,5/3/2017,7,"Consistent with its statutory mandate, the Committee seeks to foster maximum employment and price stability.","Consistent statutory mandate, Committee seeks foster maximum employment price stability.",4,0.23863597,0.014581954,0.74678206,0.5081461,FALSE,"Topic 4: statutory, foster, seeks, mandate, stability, price"
5/3/2017,2017,5/3/2017,8,"The Committee views the slowing in growth during the first quarter as likely to be transitory and continues to expect that, with gradual adjustments in the stance of monetary policy, economic activity will expand at a moderate pace, labor market conditions will strengthen somewhat further, and inflation will stabilize around 2 percent over the medium term.","Committee views slowing growth first quarter likely transitory continues expect that, gradual adjustments stance monetary policy, economic activity expand moderate pace, labor market conditions strengthen somewhat further, inflation stabilize around 2 percent medium term.",0,0.90367556,0.058963727,0.03736077,-0.86631477,TRUE,"Topic 0: percent, funds, target, committee, rate, federal"
5/3/2017,2017,5/3/2017,9,Near-term risks to the economic outlook appear roughly balanced.,Near-term risks economic outlook appear roughly balanced.,20,0.71350014,0.08912524,0.19737469,-0.51612544,FALSE,"Topic 20: roughly, appear, nearterm, balanced, risks, outlook"
5/3/2017,2017,5/3/2017,10,The Committee continues to closely monitor inflation indicators and global economic and financial developments.,Committee continues closely monitor inflation indicators global economic financial developments.,12,0.0826185,0.01755162,0.89982986,0.8172114,FALSE,"Topic 12: closely, continues, monitor, developments, attentive, global"
5/3/2017,2017,5/3/2017,11,"In view of realized and expected labor market conditions and inflation, the Committee decided to maintain the target range for the federal funds rate at 3/4 to 1 percent.","view realized expected labor market conditions inflation, Committee decided maintain target range federal funds rate 3/4 1 percent.",0,0.063406,0.06529848,0.8712956,0.8078896,FALSE,"Topic 0: percent, funds, target, committee, rate, federal"
5/3/2017,2017,5/3/2017,12,"The stance of monetary policy remains accommodative, thereby supporting some further strengthening in labor market conditions and a sustained return to 2 percent inflation.","stance monetary policy remains accommodative, thereby supporting strengthening labor market conditions sustained return 2 percent inflation.",0,0.9401281,0.016013445,0.043858517,-0.89626956,FALSE,"Topic 0: percent, funds, target, committee, rate, federal"
5/3/2017,2017,5/3/2017,13,"In determining the timing and size of future adjustments to the target range for the federal funds rate, the Committee will assess realized and expected economic conditions relative to its objectives of maximum employment and 2 percent inflation.","determining timing size future adjustments target range federal funds rate, Committee assess realized expected economic conditions relative objectives maximum employment 2 percent inflation.",0,0.05471807,0.06073654,0.8845454,0.8298273,TRUE,"Topic 0: percent, funds, target, committee, rate, federal"
5/3/2017,2017,5/3/2017,14,"This assessment will take into account a wide range of information, including measures of labor market conditions, indicators of inflation pressures and inflation expectations, and readings on financial and international developments.","assessment take account wide range information, including measures labor market conditions, indicators inflation pressures inflation expectations, readings financial international developments.",5,0.06629161,0.016669849,0.9170385,0.85074687,TRUE,"Topic 5: assessment, wide, readings, international, account, pressures"
5/3/2017,2017,5/3/2017,15,The Committee will carefully monitor actual and expected inflation developments relative to its symmetric inflation goal.,Committee carefully monitor actual expected inflation developments relative symmetric inflation goal.,0,0.06321457,0.027351998,0.90943336,0.8462188,TRUE,"Topic 0: percent, funds, target, committee, rate, federal"
5/3/2017,2017,5/3/2017,16,"The Committee expects that economic conditions will evolve in a manner that will warrant gradual increases in the federal funds rate; the federal funds rate is likely to remain, for some time, below levels that are expected to prevail in the longer run.","Committee expects economic conditions evolve manner warrant gradual increases federal funds rate; federal funds rate likely remain, time, levels expected prevail longer run.",0,0.71465576,0.14744411,0.13790008,-0.57675564,TRUE,"Topic 0: percent, funds, target, committee, rate, federal"
5/3/2017,2017,5/3/2017,17,"However, the actual path of the federal funds rate will depend on the economic outlook as informed by incoming data.","However, actual path federal funds rate depend economic outlook informed incoming data.",21,0.030569822,0.056604367,0.9128258,0.88225603,TRUE,"Topic 21: informed, data, depend, path, actual, incoming"
5/3/2017,2017,5/3/2017,18,"The Committee is maintaining its existing policy of reinvesting principal payments from its holdings of agency debt and agency mortgage-backed securities in agency mortgage-backed securities and of rolling over maturing Treasury securities at auction, and it anticipates doing so until normalization of the level of the federal funds rate is well under way.","Committee maintaining existing policy reinvesting principal payments holdings agency debt agency mortgage-backed securities agency mortgage-backed securities rolling maturing Treasury securities auction, anticipates normalization level federal funds rate well way.",2,0.08403512,0.021533608,0.8944313,0.8103962,FALSE,"Topic 2: agency, securities, mortgagebacked, treasury, principal, payments"
5/3/2017,2017,5/3/2017,19,"This policy, by keeping the Committee's holdings of longer-term securities at sizable levels, should help maintain accommodative financial conditions.","policy, keeping Committee's holdings longer-term securities sizable levels, help maintain accommodative financial conditions.",17,0.5632777,0.010686512,0.4260358,-0.13724193,TRUE,"Topic 17: sizable, keeping, help, accommodative, maintain, holdings"
6/14/2017,2017,6/14/2017,0,Information received since the Federal Open Market Committee met in May indicates that the labor market has continued to strengthen and that economic activity has been rising moderately so far this year.,Information received since Federal Open Market Committee met May indicates labor market continued strengthen economic activity rising moderately far year.,1,0.9509355,0.027638555,0.02142588,-0.9295096,TRUE,"Topic 1: gains, job, unemployment, received, met, open"
6/14/2017,2017,6/14/2017,1,"Job gains have moderated but have been solid, on average, since the beginning of the year, and the unemployment rate has declined.","Job gains moderated solid, average, since beginning year, unemployment rate declined.",1,0.03156855,0.9496502,0.018781157,-0.012787392,FALSE,"Topic 1: gains, job, unemployment, received, met, open"
6/14/2017,2017,6/14/2017,2,"Household spending has picked up in recent months, and business fixed investment has continued to expand.","Household spending picked recent months, business fixed investment continued expand.",3,0.94994724,0.014142405,0.03591035,-0.91403687,FALSE,"Topic 3: household, spending, fixed, business, investment, housing"
6/14/2017,2017,6/14/2017,3,"On a 12-month basis, inflation has declined recently and, like the measure excluding food and energy prices, is running somewhat below 2 percent.","12-month basis, inflation declined recently and, like measure excluding food energy prices, running somewhat 2 percent.",13,0.016083661,0.95650226,0.027414115,0.011330454,FALSE,"Topic 13: food, 12month, basis, items, overall, energy"
6/14/2017,2017,6/14/2017,4,"Market-based measures of inflation compensation remain low; survey-based measures of longer-term inflation expectations are little changed, on balance.","Market-based measures inflation compensation remain low; survey-based measures longer-term inflation expectations little changed, balance.",7,0.0882015,0.64850944,0.26328903,0.17508754,FALSE,"Topic 7: measures, changed, little, marketbased, surveybased, compensation"
6/14/2017,2017,6/14/2017,5,"Consistent with its statutory mandate, the Committee seeks to foster maximum employment and price stability.","Consistent statutory mandate, Committee seeks foster maximum employment price stability.",4,0.23863597,0.014581954,0.74678206,0.5081461,FALSE,"Topic 4: statutory, foster, seeks, mandate, stability, price"
6/14/2017,2017,6/14/2017,6,"The Committee continues to expect that, with gradual adjustments in the stance of monetary policy, economic activity will expand at a moderate pace, and labor market conditions will strengthen somewhat further.","Committee continues expect that, gradual adjustments stance monetary policy, economic activity expand moderate pace, labor market conditions strengthen somewhat further.",0,0.94217587,0.016397867,0.041426364,-0.9007495,TRUE,"Topic 0: percent, funds, target, committee, rate, federal"
6/14/2017,2017,6/14/2017,7,Inflation on a 12-month basis is expected to remain somewhat below 2 percent in the near term but to stabilize around the Committee's 2 percent objective over the medium term.,Inflation 12-month basis expected remain somewhat 2 percent near term stabilize around Committee's 2 percent objective medium term.,0,0.78680617,0.12242998,0.0907638,-0.69604236,FALSE,"Topic 0: percent, funds, target, committee, rate, federal"
6/14/2017,2017,6/14/2017,8,"Near-term risks to the economic outlook appear roughly balanced, but the Committee is monitoring inflation developments closely.","Near-term risks economic outlook appear roughly balanced, Committee monitoring inflation developments closely.",20,0.111819886,0.10290563,0.78527445,0.6734546,FALSE,"Topic 20: roughly, appear, nearterm, balanced, risks, outlook"
6/14/2017,2017,6/14/2017,9,"In view of realized and expected labor market conditions and inflation, the Committee decided to raise the target range for the federal funds rate to 1 to 1-1/4 percent.","view realized expected labor market conditions inflation, Committee decided raise target range federal funds rate 1 1-1/4 percent.",0,0.27322417,0.03203665,0.69473916,0.421515,FALSE,"Topic 0: percent, funds, target, committee, rate, federal"
6/14/2017,2017,6/14/2017,10,"The stance of monetary policy remains accommodative, thereby supporting some further strengthening in labor market conditions and a sustained return to 2 percent inflation.","stance monetary policy remains accommodative, thereby supporting strengthening labor market conditions sustained return 2 percent inflation.",0,0.9401281,0.016013445,0.043858517,-0.89626956,FALSE,"Topic 0: percent, funds, target, committee, rate, federal"
6/14/2017,2017,6/14/2017,11,"In determining the timing and size of future adjustments to the target range for the federal funds rate, the Committee will assess realized and expected economic conditions relative to its objectives of maximum employment and 2 percent inflation.","determining timing size future adjustments target range federal funds rate, Committee assess realized expected economic conditions relative objectives maximum employment 2 percent inflation.",0,0.05471807,0.06073654,0.8845454,0.8298273,TRUE,"Topic 0: percent, funds, target, committee, rate, federal"
6/14/2017,2017,6/14/2017,12,"This assessment will take into account a wide range of information, including measures of labor market conditions, indicators of inflation pressures and inflation expectations, and readings on financial and international developments.","assessment take account wide range information, including measures labor market conditions, indicators inflation pressures inflation expectations, readings financial international developments.",5,0.06629161,0.016669849,0.9170385,0.85074687,TRUE,"Topic 5: assessment, wide, readings, international, account, pressures"
6/14/2017,2017,6/14/2017,13,The Committee will carefully monitor actual and expected inflation developments relative to its symmetric inflation goal.,Committee carefully monitor actual expected inflation developments relative symmetric inflation goal.,0,0.06321457,0.027351998,0.90943336,0.8462188,TRUE,"Topic 0: percent, funds, target, committee, rate, federal"
6/14/2017,2017,6/14/2017,14,"The Committee expects that economic conditions will evolve in a manner that will warrant gradual increases in the federal funds rate; the federal funds rate is likely to remain, for some time, below levels that are expected to prevail in the longer run.","Committee expects economic conditions evolve manner warrant gradual increases federal funds rate; federal funds rate likely remain, time, levels expected prevail longer run.",0,0.71465576,0.14744411,0.13790008,-0.57675564,TRUE,"Topic 0: percent, funds, target, committee, rate, federal"
6/14/2017,2017,6/14/2017,15,"However, the actual path of the federal funds rate will depend on the economic outlook as informed by incoming data.","However, actual path federal funds rate depend economic outlook informed incoming data.",21,0.030569822,0.056604367,0.9128258,0.88225603,TRUE,"Topic 21: informed, data, depend, path, actual, incoming"
6/14/2017,2017,6/14/2017,16,The Committee is maintaining its existing policy of reinvesting principal payments from its holdings of agency debt and agency mortgage-backed securities in agency mortgage-backed securities and of rolling over maturing Treasury securities at auction.,Committee maintaining existing policy reinvesting principal payments holdings agency debt agency mortgage-backed securities agency mortgage-backed securities rolling maturing Treasury securities auction.,2,0.050884582,0.03078063,0.9183348,0.8674502,FALSE,"Topic 2: agency, securities, mortgagebacked, treasury, principal, payments"
6/14/2017,2017,6/14/2017,17,"The Committee currently expects to begin implementing a balance sheet normalization program this year, provided that the economy evolves broadly as anticipated.","Committee currently expects begin implementing balance sheet normalization program year, provided economy evolves broadly anticipated.",-1,0.86402076,0.00926214,0.12671712,-0.7373036,TRUE,Topic -1
6/14/2017,2017,6/14/2017,18,"This program, which would gradually reduce the Federal Reserve's securities holdings by decreasing reinvestment of principal payments from those securities, is described in the accompanying addendum to the Committee's Policy Normalization Principles and Plans.","program, would gradually reduce Federal Reserve's securities holdings decreasing reinvestment principal payments securities, described accompanying addendum Committee's Policy Normalization Principles Plans.",26,0.13387115,0.015100851,0.85102797,0.7171568,FALSE,"Topic 26: reducing, described, plans, addition, agency, previously"
7/26/2017,2017,7/26/2017,0,Information received since the Federal Open Market Committee met in June indicates that the labor market has continued to strengthen and that economic activity has been rising moderately so far this year.,Information received since Federal Open Market Committee met June indicates labor market continued strengthen economic activity rising moderately far year.,1,0.9506693,0.027892042,0.021438582,-0.9292307,FALSE,"Topic 1: gains, job, unemployment, received, met, open"
7/26/2017,2017,7/26/2017,1,"Job gains have been solid, on average, since the beginning of the year, and the unemployment rate has declined.","Job gains solid, average, since beginning year, unemployment rate declined.",1,0.05126487,0.9319637,0.016771507,-0.034493364,FALSE,"Topic 1: gains, job, unemployment, received, met, open"
7/26/2017,2017,7/26/2017,2,Household spending and business fixed investment have continued to expand.,Household spending business fixed investment continued expand.,3,0.9437567,0.0128123,0.04343109,-0.9003256,FALSE,"Topic 3: household, spending, fixed, business, investment, housing"
7/26/2017,2017,7/26/2017,3,"On a 12-month basis, overall inflation and the measure excluding food and energy prices have declined and are running below 2 percent.","12-month basis, overall inflation measure excluding food energy prices declined running 2 percent.",13,0.008997405,0.9680741,0.02292852,0.013931114,FALSE,"Topic 13: food, 12month, basis, items, overall, energy"
7/26/2017,2017,7/26/2017,4,"Market-based measures of inflation compensation remain low; survey-based measures of longer-term inflation expectations are little changed, on balance.","Market-based measures inflation compensation remain low; survey-based measures longer-term inflation expectations little changed, balance.",7,0.0882015,0.64850944,0.26328903,0.17508754,FALSE,"Topic 7: measures, changed, little, marketbased, surveybased, compensation"
7/26/2017,2017,7/26/2017,5,"Consistent with its statutory mandate, the Committee seeks to foster maximum employment and price stability.","Consistent statutory mandate, Committee seeks foster maximum employment price stability.",4,0.23863597,0.014581954,0.74678206,0.5081461,FALSE,"Topic 4: statutory, foster, seeks, mandate, stability, price"
7/26/2017,2017,7/26/2017,6,"The Committee continues to expect that, with gradual adjustments in the stance of monetary policy, economic activity will expand at a moderate pace, and labor market conditions will strengthen somewhat further.","Committee continues expect that, gradual adjustments stance monetary policy, economic activity expand moderate pace, labor market conditions strengthen somewhat further.",0,0.94217587,0.016397867,0.041426364,-0.9007495,TRUE,"Topic 0: percent, funds, target, committee, rate, federal"
7/26/2017,2017,7/26/2017,7,Inflation on a 12-month basis is expected to remain somewhat below 2 percent in the near term but to stabilize around the Committee's 2 percent objective over the medium term.,Inflation 12-month basis expected remain somewhat 2 percent near term stabilize around Committee's 2 percent objective medium term.,0,0.78680617,0.12242998,0.0907638,-0.69604236,FALSE,"Topic 0: percent, funds, target, committee, rate, federal"
7/26/2017,2017,7/26/2017,8,"Near-term risks to the economic outlook appear roughly balanced, but the Committee is monitoring inflation developments closely.","Near-term risks economic outlook appear roughly balanced, Committee monitoring inflation developments closely.",20,0.111819886,0.10290563,0.78527445,0.6734546,FALSE,"Topic 20: roughly, appear, nearterm, balanced, risks, outlook"
7/26/2017,2017,7/26/2017,9,"In view of realized and expected labor market conditions and inflation, the Committee decided to maintain the target range for the federal funds rate at 1 to 1-1/4 percent.","view realized expected labor market conditions inflation, Committee decided maintain target range federal funds rate 1 1-1/4 percent.",0,0.06535966,0.06005287,0.8745874,0.80922776,FALSE,"Topic 0: percent, funds, target, committee, rate, federal"
7/26/2017,2017,7/26/2017,10,"The stance of monetary policy remains accommodative, thereby supporting some further strengthening in labor market conditions and a sustained return to 2 percent inflation.","stance monetary policy remains accommodative, thereby supporting strengthening labor market conditions sustained return 2 percent inflation.",0,0.9401281,0.016013445,0.043858517,-0.89626956,FALSE,"Topic 0: percent, funds, target, committee, rate, federal"
7/26/2017,2017,7/26/2017,11,"In determining the timing and size of future adjustments to the target range for the federal funds rate, the Committee will assess realized and expected economic conditions relative to its objectives of maximum employment and 2 percent inflation.","determining timing size future adjustments target range federal funds rate, Committee assess realized expected economic conditions relative objectives maximum employment 2 percent inflation.",0,0.05471807,0.06073654,0.8845454,0.8298273,TRUE,"Topic 0: percent, funds, target, committee, rate, federal"
7/26/2017,2017,7/26/2017,12,"This assessment will take into account a wide range of information, including measures of labor market conditions, indicators of inflation pressures and inflation expectations, and readings on financial and international developments.","assessment take account wide range information, including measures labor market conditions, indicators inflation pressures inflation expectations, readings financial international developments.",5,0.06629161,0.016669849,0.9170385,0.85074687,TRUE,"Topic 5: assessment, wide, readings, international, account, pressures"
7/26/2017,2017,7/26/2017,13,The Committee will carefully monitor actual and expected inflation developments relative to its symmetric inflation goal.,Committee carefully monitor actual expected inflation developments relative symmetric inflation goal.,0,0.06321457,0.027351998,0.90943336,0.8462188,TRUE,"Topic 0: percent, funds, target, committee, rate, federal"
7/26/2017,2017,7/26/2017,14,"The Committee expects that economic conditions will evolve in a manner that will warrant gradual increases in the federal funds rate; the federal funds rate is likely to remain, for some time, below levels that are expected to prevail in the longer run.","Committee expects economic conditions evolve manner warrant gradual increases federal funds rate; federal funds rate likely remain, time, levels expected prevail longer run.",0,0.7146557,0.14744416,0.13790017,-0.5767555,TRUE,"Topic 0: percent, funds, target, committee, rate, federal"
7/26/2017,2017,7/26/2017,15,"However, the actual path of the federal funds rate will depend on the economic outlook as informed by incoming data.","However, actual path federal funds rate depend economic outlook informed incoming data.",21,0.030569822,0.056604367,0.9128258,0.88225603,TRUE,"Topic 21: informed, data, depend, path, actual, incoming"
7/26/2017,2017,7/26/2017,16,"For the time being, the Committee is maintaining its existing policy of reinvesting principal payments from its holdings of agency debt and agency mortgage-backed securities in agency mortgage-backed securities and of rolling over maturing Treasury securities at auction.","time being, Committee maintaining existing policy reinvesting principal payments holdings agency debt agency mortgage-backed securities agency mortgage-backed securities rolling maturing Treasury securities auction.",2,0.05053969,0.02272447,0.9267358,0.87619615,FALSE,"Topic 2: agency, securities, mortgagebacked, treasury, principal, payments"
7/26/2017,2017,7/26/2017,17,"The Committee expects to begin implementing its balance sheet normalization program relatively soon, provided that the economy evolves broadly as anticipated; this program is described in the June 2017 Addendum to the Committee's Policy Normalization Principles and Plans.","Committee expects begin implementing balance sheet normalization program relatively soon, provided economy evolves broadly anticipated; program described June 2017 Addendum Committee's Policy Normalization Principles Plans.",2,0.20997588,0.009900337,0.7801238,0.5701479,TRUE,"Topic 2: agency, securities, mortgagebacked, treasury, principal, payments"
10/20/2017,2017,10/20/2017,0,Information received since the Federal Open Market Committee met in July indicates that the labor market has continued to strengthen and that economic activity has been rising moderately so far this year.,Information received since Federal Open Market Committee met July indicates labor market continued strengthen economic activity rising moderately far year.,1,0.95077956,0.027630921,0.021589572,-0.92919,FALSE,"Topic 1: gains, job, unemployment, received, met, open"
10/20/2017,2017,10/20/2017,1,"Job gains have remained solid in recent months, and the unemployment rate has stayed low.","Job gains remained solid recent months, unemployment rate stayed low.",1,0.12234413,0.857832,0.019823913,-0.10252021,FALSE,"Topic 1: gains, job, unemployment, received, met, open"
10/20/2017,2017,10/20/2017,2,"Household spending has been expanding at a moderate rate, and growth in business fixed investment has picked up in recent quarters.","Household spending expanding moderate rate, growth business fixed investment picked recent quarters.",3,0.94804054,0.014173721,0.037785765,-0.9102548,FALSE,"Topic 3: household, spending, fixed, business, investment, housing"
10/20/2017,2017,10/20/2017,3,"On a 12-month basis, overall inflation and the measure excluding food and energy prices have declined this year and are running below 2 percent.","12-month basis, overall inflation measure excluding food energy prices declined year running 2 percent.",13,0.008982298,0.9687685,0.022249175,0.013266877,FALSE,"Topic 13: food, 12month, basis, items, overall, energy"
10/20/2017,2017,10/20/2017,4,"Market-based measures of inflation compensation remain low; survey-based measures of longer-term inflation expectations are little changed, on balance.","Market-based measures inflation compensation remain low; survey-based measures longer-term inflation expectations little changed, balance.",7,0.0882015,0.64850944,0.26328903,0.17508754,FALSE,"Topic 7: measures, changed, little, marketbased, surveybased, compensation"
10/20/2017,2017,10/20/2017,5,"Consistent with its statutory mandate, the Committee seeks to foster maximum employment and price stability.","Consistent statutory mandate, Committee seeks foster maximum employment price stability.",4,0.23863597,0.014581954,0.74678206,0.5081461,FALSE,"Topic 4: statutory, foster, seeks, mandate, stability, price"
10/20/2017,2017,10/20/2017,6,"Hurricanes Harvey, Irma, and Maria have devastated many communities, inflicting severe hardship.","Hurricanes Harvey, Irma, Maria devastated many communities, inflicting severe hardship.",33,0.014259272,0.9358026,0.049938153,0.035678882,FALSE,"Topic 33: states, united, world, hardship, causing, tremendous"
10/20/2017,2017,10/20/2017,7,"Storm-related disruptions and rebuilding will affect economic activity in the near term, but past experience suggests that the storms are unlikely to materially alter the course of the national economy over the medium term.","Storm-related disruptions rebuilding affect economic activity near term, past experience suggests storms unlikely materially alter course national economy medium term.",35,0.04686841,0.813334,0.13979763,0.092929214,TRUE,"Topic 35: hiring, tighter, weigh, disruptions, businesses, households"
10/20/2017,2017,10/20/2017,8,"Consequently, the Committee continues to expect that, with gradual adjustments in the stance of monetary policy, economic activity will expand at a moderate pace, and labor market conditions will strengthen somewhat further.","Consequently, Committee continues expect that, gradual adjustments stance monetary policy, economic activity expand moderate pace, labor market conditions strengthen somewhat further.",0,0.9428673,0.01714277,0.03998989,-0.9028774,TRUE,"Topic 0: percent, funds, target, committee, rate, federal"
10/20/2017,2017,10/20/2017,9,"Higher prices for gasoline and some other items in the aftermath of the hurricanes will likely boost inflation temporarily; apart from that effect, inflation on a 12-month basis is expected to remain somewhat below 2 percent in the near term but to stabilize around the Committee's 2 percent objective over the medium term.","Higher prices gasoline items aftermath hurricanes likely boost inflation temporarily; apart effect, inflation 12-month basis expected remain somewhat 2 percent near term stabilize around Committee's 2 percent objective medium term.",-1,0.8478114,0.11743962,0.034748986,-0.8130624,TRUE,Topic -1
10/20/2017,2017,10/20/2017,10,"Near-term risks to the economic outlook appear roughly balanced, but the Committee is monitoring inflation developments closely.","Near-term risks economic outlook appear roughly balanced, Committee monitoring inflation developments closely.",20,0.111819886,0.10290563,0.78527445,0.6734546,FALSE,"Topic 20: roughly, appear, nearterm, balanced, risks, outlook"
10/20/2017,2017,10/20/2017,11,"In view of realized and expected labor market conditions and inflation, the Committee decided to maintain the target range for the federal funds rate at 1 to 1-1/4 percent.","view realized expected labor market conditions inflation, Committee decided maintain target range federal funds rate 1 1-1/4 percent.",0,0.06535966,0.06005287,0.8745874,0.80922776,FALSE,"Topic 0: percent, funds, target, committee, rate, federal"
10/20/2017,2017,10/20/2017,12,"The stance of monetary policy remains accommodative, thereby supporting some further strengthening in labor market conditions and a sustained return to 2 percent inflation.","stance monetary policy remains accommodative, thereby supporting strengthening labor market conditions sustained return 2 percent inflation.",0,0.9401281,0.016013445,0.043858517,-0.89626956,FALSE,"Topic 0: percent, funds, target, committee, rate, federal"
10/20/2017,2017,10/20/2017,13,"In determining the timing and size of future adjustments to the target range for the federal funds rate, the Committee will assess realized and expected economic conditions relative to its objectives of maximum employment and 2 percent inflation.","determining timing size future adjustments target range federal funds rate, Committee assess realized expected economic conditions relative objectives maximum employment 2 percent inflation.",0,0.05471807,0.06073654,0.8845454,0.8298273,TRUE,"Topic 0: percent, funds, target, committee, rate, federal"
10/20/2017,2017,10/20/2017,14,"This assessment will take into account a wide range of information, including measures of labor market conditions, indicators of inflation pressures and inflation expectations, and readings on financial and international developments.","assessment take account wide range information, including measures labor market conditions, indicators inflation pressures inflation expectations, readings financial international developments.",5,0.06629161,0.016669849,0.9170385,0.85074687,TRUE,"Topic 5: assessment, wide, readings, international, account, pressures"
10/20/2017,2017,10/20/2017,15,The Committee will carefully monitor actual and expected inflation developments relative to its symmetric inflation goal.,Committee carefully monitor actual expected inflation developments relative symmetric inflation goal.,0,0.06321457,0.027351998,0.90943336,0.8462188,TRUE,"Topic 0: percent, funds, target, committee, rate, federal"
10/20/2017,2017,10/20/2017,16,"The Committee expects that economic conditions will evolve in a manner that will warrant gradual increases in the federal funds rate; the federal funds rate is likely to remain, for some time, below levels that are expected to prevail in the longer run.","Committee expects economic conditions evolve manner warrant gradual increases federal funds rate; federal funds rate likely remain, time, levels expected prevail longer run.",0,0.7146557,0.14744416,0.13790017,-0.5767555,TRUE,"Topic 0: percent, funds, target, committee, rate, federal"
10/20/2017,2017,10/20/2017,17,"However, the actual path of the federal funds rate will depend on the economic outlook as informed by incoming data.","However, actual path federal funds rate depend economic outlook informed incoming data.",21,0.030569822,0.056604367,0.9128258,0.88225603,TRUE,"Topic 21: informed, data, depend, path, actual, incoming"
10/20/2017,2017,10/20/2017,18,"In October, the Committee will initiate the balance sheet normalization program described in the June 2017 Addendum to the Committee's Policy Normalization Principles and Plans.","October, Committee initiate balance sheet normalization program described June 2017 Addendum Committee's Policy Normalization Principles Plans.",2,0.07264879,0.01277191,0.9145793,0.8419305,TRUE,"Topic 2: agency, securities, mortgagebacked, treasury, principal, payments"
11/1/2017,2017,11/1/2017,0,Information received since the Federal Open Market Committee met in September indicates that the labor market has continued to strengthen and that economic activity has been rising at a solid rate despite hurricane-related disruptions.,Information received since Federal Open Market Committee met September indicates labor market continued strengthen economic activity rising solid rate despite hurricane-related disruptions.,1,0.95371044,0.023974756,0.02231489,-0.93139553,FALSE,"Topic 1: gains, job, unemployment, received, met, open"
11/1/2017,2017,11/1/2017,1,"Although the hurricanes caused a drop in payroll employment in September, the unemployment rate declined further.","Although hurricanes caused drop payroll employment September, unemployment rate declined further.",1,0.032294758,0.9550083,0.012696907,-0.01959785,FALSE,"Topic 1: gains, job, unemployment, received, met, open"
11/1/2017,2017,11/1/2017,2,"Household spending has been expanding at a moderate rate, and growth in business fixed investment has picked up in recent quarters.","Household spending expanding moderate rate, growth business fixed investment picked recent quarters.",3,0.94804054,0.014173721,0.037785765,-0.9102548,FALSE,"Topic 3: household, spending, fixed, business, investment, housing"
11/1/2017,2017,11/1/2017,3,"Gasoline prices rose in the aftermath of the hurricanes, boosting overall inflation in September; however, inflation for items other than food and energy remained soft.","Gasoline prices rose aftermath hurricanes, boosting overall inflation September; however, inflation items food energy remained soft.",25,0.94854933,0.025673177,0.025777433,-0.9227719,FALSE,"Topic 25: reflecting, prices, largely, oil, factors, commodities"
11/1/2017,2017,11/1/2017,4,"On a 12-month basis, both inflation measures have declined this year and are running below 2 percent.","12-month basis, inflation measures declined year running 2 percent.",13,0.009335658,0.9706169,0.02004746,0.010711802,FALSE,"Topic 13: food, 12month, basis, items, overall, energy"
11/1/2017,2017,11/1/2017,5,"Market-based measures of inflation compensation remain low; survey-based measures of longer-term inflation expectations are little changed, on balance.","Market-based measures inflation compensation remain low; survey-based measures longer-term inflation expectations little changed, balance.",7,0.0882015,0.64850944,0.26328903,0.17508754,FALSE,"Topic 7: measures, changed, little, marketbased, surveybased, compensation"
11/1/2017,2017,11/1/2017,6,"Consistent with its statutory mandate, the Committee seeks to foster maximum employment and price stability.","Consistent statutory mandate, Committee seeks foster maximum employment price stability.",4,0.23863597,0.014581954,0.74678206,0.5081461,FALSE,"Topic 4: statutory, foster, seeks, mandate, stability, price"
11/1/2017,2017,11/1/2017,7,"Hurricane-related disruptions and rebuilding will continue to affect economic activity, employment, and inflation in the near term, but past experience suggests that the storms are unlikely to materially alter the course of the national economy over the medium term.","Hurricane-related disruptions rebuilding continue affect economic activity, employment, inflation near term, past experience suggests storms unlikely materially alter course national economy medium term.",35,0.045989916,0.7960612,0.15794896,0.11195904,TRUE,"Topic 35: hiring, tighter, weigh, disruptions, businesses, households"
11/1/2017,2017,11/1/2017,8,"Consequently, the Committee continues to expect that, with gradual adjustments in the stance of monetary policy, economic activity will expand at a moderate pace, and labor market conditions will strengthen somewhat further.","Consequently, Committee continues expect that, gradual adjustments stance monetary policy, economic activity expand moderate pace, labor market conditions strengthen somewhat further.",0,0.9428673,0.01714277,0.03998989,-0.9028774,TRUE,"Topic 0: percent, funds, target, committee, rate, federal"
11/1/2017,2017,11/1/2017,9,Inflation on a 12-month basis is expected to remain somewhat below 2 percent in the near term but to stabilize around the Committee's 2 percent objective over the medium term.,Inflation 12-month basis expected remain somewhat 2 percent near term stabilize around Committee's 2 percent objective medium term.,0,0.78680617,0.12242998,0.0907638,-0.69604236,FALSE,"Topic 0: percent, funds, target, committee, rate, federal"
11/1/2017,2017,11/1/2017,10,"Near-term risks to the economic outlook appear roughly balanced, but the Committee is monitoring inflation developments closely.","Near-term risks economic outlook appear roughly balanced, Committee monitoring inflation developments closely.",20,0.111819886,0.10290563,0.78527445,0.6734546,FALSE,"Topic 20: roughly, appear, nearterm, balanced, risks, outlook"
11/1/2017,2017,11/1/2017,11,"In view of realized and expected labor market conditions and inflation, the Committee decided to maintain the target range for the federal funds rate at 1 to 1-1/4 percent.","view realized expected labor market conditions inflation, Committee decided maintain target range federal funds rate 1 1-1/4 percent.",0,0.06535966,0.06005287,0.8745874,0.80922776,FALSE,"Topic 0: percent, funds, target, committee, rate, federal"
11/1/2017,2017,11/1/2017,12,"The stance of monetary policy remains accommodative, thereby supporting some further strengthening in labor market conditions and a sustained return to 2 percent inflation.","stance monetary policy remains accommodative, thereby supporting strengthening labor market conditions sustained return 2 percent inflation.",0,0.9401281,0.016013445,0.043858517,-0.89626956,FALSE,"Topic 0: percent, funds, target, committee, rate, federal"
11/1/2017,2017,11/1/2017,13,"In determining the timing and size of future adjustments to the target range for the federal funds rate, the Committee will assess realized and expected economic conditions relative to its objectives of maximum employment and 2 percent inflation.","determining timing size future adjustments target range federal funds rate, Committee assess realized expected economic conditions relative objectives maximum employment 2 percent inflation.",0,0.05471807,0.06073654,0.8845454,0.8298273,TRUE,"Topic 0: percent, funds, target, committee, rate, federal"
11/1/2017,2017,11/1/2017,14,"This assessment will take into account a wide range of information, including measures of labor market conditions, indicators of inflation pressures and inflation expectations, and readings on financial and international developments.","assessment take account wide range information, including measures labor market conditions, indicators inflation pressures inflation expectations, readings financial international developments.",5,0.06629161,0.016669849,0.9170385,0.85074687,TRUE,"Topic 5: assessment, wide, readings, international, account, pressures"
11/1/2017,2017,11/1/2017,15,The Committee will carefully monitor actual and expected inflation developments relative to its symmetric inflation goal.,Committee carefully monitor actual expected inflation developments relative symmetric inflation goal.,0,0.06321457,0.027351998,0.90943336,0.8462188,TRUE,"Topic 0: percent, funds, target, committee, rate, federal"
11/1/2017,2017,11/1/2017,16,"The Committee expects that economic conditions will evolve in a manner that will warrant gradual increases in the federal funds rate; the federal funds rate is likely to remain, for some time, below levels that are expected to prevail in the longer run.","Committee expects economic conditions evolve manner warrant gradual increases federal funds rate; federal funds rate likely remain, time, levels expected prevail longer run.",0,0.7146557,0.14744416,0.13790017,-0.5767555,TRUE,"Topic 0: percent, funds, target, committee, rate, federal"
11/1/2017,2017,11/1/2017,17,"However, the actual path of the federal funds rate will depend on the economic outlook as informed by incoming data.","However, actual path federal funds rate depend economic outlook informed incoming data.",21,0.030569822,0.056604367,0.9128258,0.88225603,TRUE,"Topic 21: informed, data, depend, path, actual, incoming"
12/13/2017,2017,12/13/2017,0,Information received since the Federal Open Market Committee met in November indicates that the labor market has continued to strengthen and that economic activity has been rising at a solid rate.,Information received since Federal Open Market Committee met November indicates labor market continued strengthen economic activity rising solid rate.,1,0.95262456,0.02131239,0.02606307,-0.9265615,FALSE,"Topic 1: gains, job, unemployment, received, met, open"
12/13/2017,2017,12/13/2017,1,"Averaging through hurricane-related fluctuations, job gains have been solid, and the unemployment rate declined further.","Averaging hurricane-related fluctuations, job gains solid, unemployment rate declined further.",1,0.54301786,0.4336423,0.023339922,-0.51967794,FALSE,"Topic 1: gains, job, unemployment, received, met, open"
12/13/2017,2017,12/13/2017,2,"Household spending has been expanding at a moderate rate, and growth in business fixed investment has picked up in recent quarters.","Household spending expanding moderate rate, growth business fixed investment picked recent quarters.",3,0.94804054,0.014173721,0.037785765,-0.9102548,FALSE,"Topic 3: household, spending, fixed, business, investment, housing"
12/13/2017,2017,12/13/2017,3,"On a 12-month basis, both overall inflation and inflation for items other than food and energy have declined this year and are running below 2 percent.","12-month basis, overall inflation inflation items food energy declined year running 2 percent.",13,0.010319015,0.96914375,0.020537268,0.010218253,FALSE,"Topic 13: food, 12month, basis, items, overall, energy"
12/13/2017,2017,12/13/2017,4,"Market-based measures of inflation compensation remain low; survey-based measures of longer-term inflation expectations are little changed, on balance.","Market-based measures inflation compensation remain low; survey-based measures longer-term inflation expectations little changed, balance.",7,0.0882015,0.64850944,0.26328903,0.17508754,FALSE,"Topic 7: measures, changed, little, marketbased, surveybased, compensation"
12/13/2017,2017,12/13/2017,5,"Consistent with its statutory mandate, the Committee seeks to foster maximum employment and price stability.","Consistent statutory mandate, Committee seeks foster maximum employment price stability.",4,0.23863597,0.014581954,0.74678206,0.5081461,FALSE,"Topic 4: statutory, foster, seeks, mandate, stability, price"
12/13/2017,2017,12/13/2017,6,"Hurricane-related disruptions and rebuilding have affected economic activity, employment, and inflation in recent months but have not materially altered the outlook for the national economy.","Hurricane-related disruptions rebuilding affected economic activity, employment, inflation recent months materially altered outlook national economy.",35,0.015084545,0.9288127,0.056102768,0.04101822,FALSE,"Topic 35: hiring, tighter, weigh, disruptions, businesses, households"
12/13/2017,2017,12/13/2017,7,"Consequently, the Committee continues to expect that, with gradual adjustments in the stance of monetary policy, economic activity will expand at a moderate pace and labor market conditions will remain strong.","Consequently, Committee continues expect that, gradual adjustments stance monetary policy, economic activity expand moderate pace labor market conditions remain strong.",0,0.9395377,0.015333713,0.04512858,-0.8944091,TRUE,"Topic 0: percent, funds, target, committee, rate, federal"
12/13/2017,2017,12/13/2017,8,Inflation on a 12‑month basis is expected to remain somewhat below 2 percent in the near term but to stabilize around the Committee's 2 percent objective over the medium term.,Inflation 12‑month basis expected remain somewhat 2 percent near term stabilize around Committee's 2 percent objective medium term.,0,0.79155576,0.11599273,0.09245154,-0.6991042,FALSE,"Topic 0: percent, funds, target, committee, rate, federal"
12/13/2017,2017,12/13/2017,9,"Near-term risks to the economic outlook appear roughly balanced, but the Committee is monitoring inflation developments closely.","Near-term risks economic outlook appear roughly balanced, Committee monitoring inflation developments closely.",20,0.111819886,0.10290563,0.78527445,0.6734546,FALSE,"Topic 20: roughly, appear, nearterm, balanced, risks, outlook"
12/13/2017,2017,12/13/2017,10,"In view of realized and expected labor market conditions and inflation, the Committee decided to raise the target range for the federal funds rate to 1-1/4 to 1‑1/2 percent.","view realized expected labor market conditions inflation, Committee decided raise target range federal funds rate 1-1/4 1‑1/2 percent.",0,0.39065665,0.0377569,0.57158643,0.18092978,FALSE,"Topic 0: percent, funds, target, committee, rate, federal"
12/13/2017,2017,12/13/2017,11,"The stance of monetary policy remains accommodative, thereby supporting strong labor market conditions and a sustained return to 2 percent inflation.","stance monetary policy remains accommodative, thereby supporting strong labor market conditions sustained return 2 percent inflation.",0,0.8886628,0.013103114,0.09823406,-0.79042876,FALSE,"Topic 0: percent, funds, target, committee, rate, federal"
12/13/2017,2017,12/13/2017,12,"In determining the timing and size of future adjustments to the target range for the federal funds rate, the Committee will assess realized and expected economic conditions relative to its objectives of maximum employment and 2 percent inflation.","determining timing size future adjustments target range federal funds rate, Committee assess realized expected economic conditions relative objectives maximum employment 2 percent inflation.",0,0.05471807,0.06073654,0.8845454,0.8298273,TRUE,"Topic 0: percent, funds, target, committee, rate, federal"
12/13/2017,2017,12/13/2017,13,"This assessment will take into account a wide range of information, including measures of labor market conditions, indicators of inflation pressures and inflation expectations, and readings on financial and international developments.","assessment take account wide range information, including measures labor market conditions, indicators inflation pressures inflation expectations, readings financial international developments.",5,0.06629161,0.016669849,0.9170385,0.85074687,TRUE,"Topic 5: assessment, wide, readings, international, account, pressures"
12/13/2017,2017,12/13/2017,14,The Committee will carefully monitor actual and expected inflation developments relative to its symmetric inflation goal.,Committee carefully monitor actual expected inflation developments relative symmetric inflation goal.,0,0.06321457,0.027351998,0.90943336,0.8462188,TRUE,"Topic 0: percent, funds, target, committee, rate, federal"
12/13/2017,2017,12/13/2017,15,"The Committee expects that economic conditions will evolve in a manner that will warrant gradual increases in the federal funds rate; the federal funds rate is likely to remain, for some time, below levels that are expected to prevail in the longer run.","Committee expects economic conditions evolve manner warrant gradual increases federal funds rate; federal funds rate likely remain, time, levels expected prevail longer run.",0,0.7146557,0.14744416,0.13790017,-0.5767555,TRUE,"Topic 0: percent, funds, target, committee, rate, federal"
12/13/2017,2017,12/13/2017,16,"However, the actual path of the federal funds rate will depend on the economic outlook as informed by incoming data.","However, actual path federal funds rate depend economic outlook informed incoming data.",21,0.030569822,0.056604367,0.9128258,0.88225603,TRUE,"Topic 21: informed, data, depend, path, actual, incoming"
1/31/2018,2018,1/31/2018,0,Information received since the Federal Open Market Committee met in December indicates that the labor market has continued to strengthen and that economic activity has been rising at a solid rate.,Information received since Federal Open Market Committee met December indicates labor market continued strengthen economic activity rising solid rate.,1,0.95256335,0.021329047,0.026107622,-0.92645574,FALSE,"Topic 1: gains, job, unemployment, received, met, open"
1/31/2018,2018,1/31/2018,1,"Gains in employment, household spending, and business fixed investment have been solid, and the unemployment rate has stayed low.","Gains employment, household spending, business fixed investment solid, unemployment rate stayed low.",1,0.80320615,0.17091781,0.025876084,-0.77733004,FALSE,"Topic 1: gains, job, unemployment, received, met, open"
1/31/2018,2018,1/31/2018,2,"On a 12-month basis, both overall inflation and inflation for items other than food and energy have continued to run below 2 percent.","12-month basis, overall inflation inflation items food energy continued run 2 percent.",13,0.015181627,0.9456931,0.039125305,0.023943678,FALSE,"Topic 13: food, 12month, basis, items, overall, energy"
1/31/2018,2018,1/31/2018,3,"Market-based measures of inflation compensation have increased in recent months but remain low; survey-based measures of longer-term inflation expectations are little changed, on balance.","Market-based measures inflation compensation increased recent months remain low; survey-based measures longer-term inflation expectations little changed, balance.",7,0.3807737,0.47483426,0.14439213,-0.23638156,FALSE,"Topic 7: measures, changed, little, marketbased, surveybased, compensation"
1/31/2018,2018,1/31/2018,4,"Consistent with its statutory mandate, the Committee seeks to foster maximum employment and price stability.","Consistent statutory mandate, Committee seeks foster maximum employment price stability.",4,0.23863597,0.014581954,0.74678206,0.5081461,FALSE,"Topic 4: statutory, foster, seeks, mandate, stability, price"
1/31/2018,2018,1/31/2018,5,"The Committee expects that, with further gradual adjustments in the stance of monetary policy, economic activity will expand at a moderate pace and labor market conditions will remain strong.","Committee expects that, gradual adjustments stance monetary policy, economic activity expand moderate pace labor market conditions remain strong.",0,0.93822396,0.014645733,0.047130305,-0.8910937,TRUE,"Topic 0: percent, funds, target, committee, rate, federal"
1/31/2018,2018,1/31/2018,6,Inflation on a 12‑month basis is expected to move up this year and to stabilize around the Committee's 2 percent objective over the medium term.,Inflation 12‑month basis expected move year stabilize around Committee's 2 percent objective medium term.,0,0.9470517,0.014286749,0.03866158,-0.9083901,FALSE,"Topic 0: percent, funds, target, committee, rate, federal"
1/31/2018,2018,1/31/2018,7,"Near-term risks to the economic outlook appear roughly balanced, but the Committee is monitoring inflation developments closely.","Near-term risks economic outlook appear roughly balanced, Committee monitoring inflation developments closely.",20,0.111819886,0.10290563,0.78527445,0.6734546,FALSE,"Topic 20: roughly, appear, nearterm, balanced, risks, outlook"
1/31/2018,2018,1/31/2018,8,"In view of realized and expected labor market conditions and inflation, the Committee decided to maintain the target range for the federal funds rate at 1-1/4 to 1‑1/2 percent.","view realized expected labor market conditions inflation, Committee decided maintain target range federal funds rate 1-1/4 1‑1/2 percent.",0,0.06589444,0.0643914,0.8697142,0.8038198,FALSE,"Topic 0: percent, funds, target, committee, rate, federal"
1/31/2018,2018,1/31/2018,9,"The stance of monetary policy remains accommodative, thereby supporting strong labor market conditions and a sustained return to 2 percent inflation.","stance monetary policy remains accommodative, thereby supporting strong labor market conditions sustained return 2 percent inflation.",0,0.8886628,0.013103114,0.09823406,-0.79042876,FALSE,"Topic 0: percent, funds, target, committee, rate, federal"
1/31/2018,2018,1/31/2018,10,"In determining the timing and size of future adjustments to the target range for the federal funds rate, the Committee will assess realized and expected economic conditions relative to its objectives of maximum employment and 2 percent inflation.","determining timing size future adjustments target range federal funds rate, Committee assess realized expected economic conditions relative objectives maximum employment 2 percent inflation.",0,0.05471807,0.06073654,0.8845454,0.8298273,TRUE,"Topic 0: percent, funds, target, committee, rate, federal"
1/31/2018,2018,1/31/2018,11,"This assessment will take into account a wide range of information, including measures of labor market conditions, indicators of inflation pressures and inflation expectations, and readings on financial and international developments.","assessment take account wide range information, including measures labor market conditions, indicators inflation pressures inflation expectations, readings financial international developments.",5,0.06629161,0.016669849,0.9170385,0.85074687,TRUE,"Topic 5: assessment, wide, readings, international, account, pressures"
1/31/2018,2018,1/31/2018,12,The Committee will carefully monitor actual and expected inflation developments relative to its symmetric inflation goal.,Committee carefully monitor actual expected inflation developments relative symmetric inflation goal.,0,0.06321457,0.027351998,0.90943336,0.8462188,TRUE,"Topic 0: percent, funds, target, committee, rate, federal"
1/31/2018,2018,1/31/2018,13,"The Committee expects that economic conditions will evolve in a manner that will warrant further gradual increases in the federal funds rate; the federal funds rate is likely to remain, for some time, below levels that are expected to prevail in the longer run.","Committee expects economic conditions evolve manner warrant gradual increases federal funds rate; federal funds rate likely remain, time, levels expected prevail longer run.",0,0.58557135,0.27489716,0.13953148,-0.44603986,TRUE,"Topic 0: percent, funds, target, committee, rate, federal"
1/31/2018,2018,1/31/2018,14,"However, the actual path of the federal funds rate will depend on the economic outlook as informed by incoming data.","However, actual path federal funds rate depend economic outlook informed incoming data.",21,0.030569822,0.056604367,0.9128258,0.88225603,TRUE,"Topic 21: informed, data, depend, path, actual, incoming"
3/21/2018,2018,3/21/2018,0,Information received since the Federal Open Market Committee met in January indicates that the labor market has continued to strengthen and that economic activity has been rising at a moderate rate.,Information received since Federal Open Market Committee met January indicates labor market continued strengthen economic activity rising moderate rate.,1,0.9509472,0.025299132,0.023753595,-0.92719364,FALSE,"Topic 1: gains, job, unemployment, received, met, open"
3/21/2018,2018,3/21/2018,1,"Job gains have been strong in recent months, and the unemployment rate has stayed low.","Job gains strong recent months, unemployment rate stayed low.",1,0.19310449,0.782164,0.024731483,-0.168373,FALSE,"Topic 1: gains, job, unemployment, received, met, open"
3/21/2018,2018,3/21/2018,2,Recent data suggest that growth rates of household spending and business fixed investment have moderated from their strong fourth-quarter readings.,Recent data suggest growth rates household spending business fixed investment moderated strong fourth-quarter readings.,3,0.3785966,0.59902424,0.022379145,-0.35621744,FALSE,"Topic 3: household, spending, fixed, business, investment, housing"
3/21/2018,2018,3/21/2018,3,"On a 12-month basis, both overall inflation and inflation for items other than food and energy have continued to run below 2 percent.","12-month basis, overall inflation inflation items food energy continued run 2 percent.",13,0.015181627,0.9456931,0.039125305,0.023943678,FALSE,"Topic 13: food, 12month, basis, items, overall, energy"
3/21/2018,2018,3/21/2018,4,"Market-based measures of inflation compensation have increased in recent months but remain low; survey-based measures of longer-term inflation expectations are little changed, on balance.","Market-based measures inflation compensation increased recent months remain low; survey-based measures longer-term inflation expectations little changed, balance.",7,0.3807737,0.47483426,0.14439213,-0.23638156,FALSE,"Topic 7: measures, changed, little, marketbased, surveybased, compensation"
3/21/2018,2018,3/21/2018,5,"Consistent with its statutory mandate, the Committee seeks to foster maximum employment and price stability.","Consistent statutory mandate, Committee seeks foster maximum employment price stability.",4,0.23863597,0.014581954,0.74678206,0.5081461,FALSE,"Topic 4: statutory, foster, seeks, mandate, stability, price"
3/21/2018,2018,3/21/2018,6,The economic outlook has strengthened in recent months.,economic outlook strengthened recent months.,1,0.9578595,0.021306608,0.020833833,-0.93702567,FALSE,"Topic 1: gains, job, unemployment, received, met, open"
3/21/2018,2018,3/21/2018,7,"The Committee expects that, with further gradual adjustments in the stance of monetary policy, economic activity will expand at a moderate pace in the medium term and labor market conditions will remain strong.","Committee expects that, gradual adjustments stance monetary policy, economic activity expand moderate pace medium term labor market conditions remain strong.",0,0.94163406,0.01576895,0.042596944,-0.8990371,TRUE,"Topic 0: percent, funds, target, committee, rate, federal"
3/21/2018,2018,3/21/2018,8,Inflation on a 12-month basis is expected to move up in coming months and to stabilize around the Committee's 2 percent objective over the medium term.,Inflation 12-month basis expected move coming months stabilize around Committee's 2 percent objective medium term.,0,0.9489979,0.015589218,0.035412837,-0.91358507,FALSE,"Topic 0: percent, funds, target, committee, rate, federal"
3/21/2018,2018,3/21/2018,9,"Near-term risks to the economic outlook appear roughly balanced, but the Committee is monitoring inflation developments closely.","Near-term risks economic outlook appear roughly balanced, Committee monitoring inflation developments closely.",20,0.111819886,0.10290563,0.78527445,0.6734546,FALSE,"Topic 20: roughly, appear, nearterm, balanced, risks, outlook"
3/21/2018,2018,3/21/2018,10,"In view of realized and expected labor market conditions and inflation, the Committee decided to raise the target range for the federal funds rate to 1-1/2 to 1-3/4 percent.","view realized expected labor market conditions inflation, Committee decided raise target range federal funds rate 1-1/2 1-3/4 percent.",0,0.40550697,0.036651846,0.5578412,0.15233421,FALSE,"Topic 0: percent, funds, target, committee, rate, federal"
3/21/2018,2018,3/21/2018,11,"The stance of monetary policy remains accommodative, thereby supporting strong labor market conditions and a sustained return to 2 percent inflation.","stance monetary policy remains accommodative, thereby supporting strong labor market conditions sustained return 2 percent inflation.",0,0.8886628,0.013103114,0.09823406,-0.79042876,FALSE,"Topic 0: percent, funds, target, committee, rate, federal"
3/21/2018,2018,3/21/2018,12,"In determining the timing and size of future adjustments to the target range for the federal funds rate, the Committee will assess realized and expected economic conditions relative to its objectives of maximum employment and 2 percent inflation.","determining timing size future adjustments target range federal funds rate, Committee assess realized expected economic conditions relative objectives maximum employment 2 percent inflation.",0,0.05471807,0.06073654,0.8845454,0.8298273,TRUE,"Topic 0: percent, funds, target, committee, rate, federal"
3/21/2018,2018,3/21/2018,13,"This assessment will take into account a wide range of information, including measures of labor market conditions, indicators of inflation pressures and inflation expectations, and readings on financial and international developments.","assessment take account wide range information, including measures labor market conditions, indicators inflation pressures inflation expectations, readings financial international developments.",5,0.06629161,0.016669849,0.9170385,0.85074687,TRUE,"Topic 5: assessment, wide, readings, international, account, pressures"
3/21/2018,2018,3/21/2018,14,The Committee will carefully monitor actual and expected inflation developments relative to its symmetric inflation goal.,Committee carefully monitor actual expected inflation developments relative symmetric inflation goal.,0,0.06321457,0.027351998,0.90943336,0.8462188,TRUE,"Topic 0: percent, funds, target, committee, rate, federal"
3/21/2018,2018,3/21/2018,15,"The Committee expects that economic conditions will evolve in a manner that will warrant further gradual increases in the federal funds rate; the federal funds rate is likely to remain, for some time, below levels that are expected to prevail in the longer run.","Committee expects economic conditions evolve manner warrant gradual increases federal funds rate; federal funds rate likely remain, time, levels expected prevail longer run.",0,0.58557135,0.27489716,0.13953148,-0.44603986,TRUE,"Topic 0: percent, funds, target, committee, rate, federal"
3/21/2018,2018,3/21/2018,16,"However, the actual path of the federal funds rate will depend on the economic outlook as informed by incoming data.","However, actual path federal funds rate depend economic outlook informed incoming data.",21,0.030569822,0.056604367,0.9128258,0.88225603,TRUE,"Topic 21: informed, data, depend, path, actual, incoming"
5/2/2018,2018,5/2/2018,0,Information received since the Federal Open Market Committee met in March indicates that the labor market has continued to strengthen and that economic activity has been rising at a moderate rate.,Information received since Federal Open Market Committee met March indicates labor market continued strengthen economic activity rising moderate rate.,1,0.9512347,0.024816357,0.023948938,-0.9272858,FALSE,"Topic 1: gains, job, unemployment, received, met, open"
5/2/2018,2018,5/2/2018,1,"Job gains have been strong, on average, in recent months, and the unemployment rate has stayed low.","Job gains strong, average, recent months, unemployment rate stayed low.",1,0.15908146,0.8167219,0.024196627,-0.13488483,FALSE,"Topic 1: gains, job, unemployment, received, met, open"
5/2/2018,2018,5/2/2018,2,"Recent data suggest that growth of household spending moderated from its strong fourth-quarter pace, while business fixed investment continued to grow strongly.","Recent data suggest growth household spending moderated strong fourth-quarter pace, business fixed investment continued grow strongly.",3,0.9165677,0.06654327,0.016889099,-0.8996786,FALSE,"Topic 3: household, spending, fixed, business, investment, housing"
5/2/2018,2018,5/2/2018,3,"On a 12-month basis, both overall inflation and inflation for items other than food and energy have moved close to 2 percent.","12-month basis, overall inflation inflation items food energy moved close 2 percent.",13,0.7413615,0.1788347,0.07980371,-0.6615578,FALSE,"Topic 13: food, 12month, basis, items, overall, energy"
5/2/2018,2018,5/2/2018,4,"Market-based measures of inflation compensation remain low; survey-based measures of longer-term inflation expectations are little changed, on balance.","Market-based measures inflation compensation remain low; survey-based measures longer-term inflation expectations little changed, balance.",7,0.0882015,0.64850944,0.26328903,0.17508754,FALSE,"Topic 7: measures, changed, little, marketbased, surveybased, compensation"
5/2/2018,2018,5/2/2018,5,"Consistent with its statutory mandate, the Committee seeks to foster maximum employment and price stability.","Consistent statutory mandate, Committee seeks foster maximum employment price stability.",4,0.23863597,0.014581954,0.74678206,0.5081461,FALSE,"Topic 4: statutory, foster, seeks, mandate, stability, price"
5/2/2018,2018,5/2/2018,6,"The Committee expects that, with further gradual adjustments in the stance of monetary policy, economic activity will expand at a moderate pace in the medium term and labor market conditions will remain strong.","Committee expects that, gradual adjustments stance monetary policy, economic activity expand moderate pace medium term labor market conditions remain strong.",0,0.94163406,0.01576895,0.042596944,-0.8990371,TRUE,"Topic 0: percent, funds, target, committee, rate, federal"
5/2/2018,2018,5/2/2018,7,Inflation on a 12-month basis is expected to run near the Committee's symmetric 2 percent objective over the medium term.,Inflation 12-month basis expected run near Committee's symmetric 2 percent objective medium term.,0,0.45369792,0.031297643,0.5150044,0.061306477,FALSE,"Topic 0: percent, funds, target, committee, rate, federal"
5/2/2018,2018,5/2/2018,8,Risks to the economic outlook appear roughly balanced.,Risks economic outlook appear roughly balanced.,20,0.39301184,0.034116056,0.57287204,0.1798602,FALSE,"Topic 20: roughly, appear, nearterm, balanced, risks, outlook"
5/2/2018,2018,5/2/2018,9,"In view of realized and expected labor market conditions and inflation, the Committee decided to maintain the target range for the federal funds rate at 1-1/2 to 1-3/4 percent.","view realized expected labor market conditions inflation, Committee decided maintain target range federal funds rate 1-1/2 1-3/4 percent.",0,0.064334966,0.06481281,0.87085223,0.80651724,FALSE,"Topic 0: percent, funds, target, committee, rate, federal"
5/2/2018,2018,5/2/2018,10,"The stance of monetary policy remains accommodative, thereby supporting strong labor market conditions and a sustained return to 2 percent inflation.","stance monetary policy remains accommodative, thereby supporting strong labor market conditions sustained return 2 percent inflation.",0,0.8886628,0.013103114,0.09823406,-0.79042876,FALSE,"Topic 0: percent, funds, target, committee, rate, federal"
5/2/2018,2018,5/2/2018,11,"In determining the timing and size of future adjustments to the target range for the federal funds rate, the Committee will assess realized and expected economic conditions relative to its objectives of maximum employment and 2 percent inflation.","determining timing size future adjustments target range federal funds rate, Committee assess realized expected economic conditions relative objectives maximum employment 2 percent inflation.",0,0.05471807,0.06073654,0.8845454,0.8298273,TRUE,"Topic 0: percent, funds, target, committee, rate, federal"
5/2/2018,2018,5/2/2018,12,"This assessment will take into account a wide range of information, including measures of labor market conditions, indicators of inflation pressures and inflation expectations, and readings on financial and international developments.","assessment take account wide range information, including measures labor market conditions, indicators inflation pressures inflation expectations, readings financial international developments.",5,0.06629161,0.016669849,0.9170385,0.85074687,TRUE,"Topic 5: assessment, wide, readings, international, account, pressures"
5/2/2018,2018,5/2/2018,13,The Committee will carefully monitor actual and expected inflation developments relative to its symmetric inflation goal.,Committee carefully monitor actual expected inflation developments relative symmetric inflation goal.,0,0.06321457,0.027351998,0.90943336,0.8462188,TRUE,"Topic 0: percent, funds, target, committee, rate, federal"
5/2/2018,2018,5/2/2018,14,"The Committee expects that economic conditions will evolve in a manner that will warrant further gradual increases in the federal funds rate; the federal funds rate is likely to remain, for some time, below levels that are expected to prevail in the longer run.","Committee expects economic conditions evolve manner warrant gradual increases federal funds rate; federal funds rate likely remain, time, levels expected prevail longer run.",0,0.58557135,0.27489716,0.13953148,-0.44603986,TRUE,"Topic 0: percent, funds, target, committee, rate, federal"
5/2/2018,2018,5/2/2018,15,"However, the actual path of the federal funds rate will depend on the economic outlook as informed by incoming data.","However, actual path federal funds rate depend economic outlook informed incoming data.",21,0.030569822,0.056604367,0.9128258,0.88225603,TRUE,"Topic 21: informed, data, depend, path, actual, incoming"
6/13/2018,2018,6/13/2018,0,Information received since the Federal Open Market Committee met in May indicates that the labor market has continued to strengthen and that economic activity has been rising at a solid rate.,Information received since Federal Open Market Committee met May indicates labor market continued strengthen economic activity rising solid rate.,1,0.95275193,0.021422194,0.02582592,-0.926926,TRUE,"Topic 1: gains, job, unemployment, received, met, open"
6/13/2018,2018,6/13/2018,1,"Job gains have been strong, on average, in recent months, and the unemployment rate has declined.","Job gains strong, average, recent months, unemployment rate declined.",1,0.025171787,0.95444757,0.020380711,-0.004791075,FALSE,"Topic 1: gains, job, unemployment, received, met, open"
6/13/2018,2018,6/13/2018,2,"Recent data suggest that growth of household spending has picked up, while business fixed investment has continued to grow strongly.","Recent data suggest growth household spending picked up, business fixed investment continued grow strongly.",3,0.9556286,0.017621335,0.026750047,-0.92887855,FALSE,"Topic 3: household, spending, fixed, business, investment, housing"
6/13/2018,2018,6/13/2018,3,"On a 12-month basis, both overall inflation and inflation for items other than food and energy have moved close to 2 percent.","12-month basis, overall inflation inflation items food energy moved close 2 percent.",13,0.7413615,0.1788347,0.07980371,-0.6615578,FALSE,"Topic 13: food, 12month, basis, items, overall, energy"
6/13/2018,2018,6/13/2018,4,"Indicators of longer-term inflation expectations are little changed, on balance.","Indicators longer-term inflation expectations little changed, balance.",7,0.19730026,0.15237108,0.6503287,0.45302844,FALSE,"Topic 7: measures, changed, little, marketbased, surveybased, compensation"
6/13/2018,2018,6/13/2018,5,"Consistent with its statutory mandate, the Committee seeks to foster maximum employment and price stability.","Consistent statutory mandate, Committee seeks foster maximum employment price stability.",4,0.23863597,0.014581954,0.74678206,0.5081461,FALSE,"Topic 4: statutory, foster, seeks, mandate, stability, price"
6/13/2018,2018,6/13/2018,6,"The Committee expects that further gradual increases in the target range for the federal funds rate will be consistent with sustained expansion of economic activity, strong labor market conditions, and inflation near the Committee's symmetric 2 percent objective over the medium term.","Committee expects gradual increases target range federal funds rate consistent sustained expansion economic activity, strong labor market conditions, inflation near Committee's symmetric 2 percent objective medium term.",0,0.92932624,0.015825635,0.054848056,-0.87447816,TRUE,"Topic 0: percent, funds, target, committee, rate, federal"
6/13/2018,2018,6/13/2018,7,Risks to the economic outlook appear roughly balanced.,Risks economic outlook appear roughly balanced.,20,0.39301184,0.034116056,0.57287204,0.1798602,FALSE,"Topic 20: roughly, appear, nearterm, balanced, risks, outlook"
6/13/2018,2018,6/13/2018,8,"In view of realized and expected labor market conditions and inflation, the Committee decided to raise the target range for the federal funds rate to 1-3/4 to 2 percent.","view realized expected labor market conditions inflation, Committee decided raise target range federal funds rate 1-3/4 2 percent.",0,0.26364675,0.036584873,0.6997684,0.43612167,FALSE,"Topic 0: percent, funds, target, committee, rate, federal"
6/13/2018,2018,6/13/2018,9,"The stance of monetary policy remains accommodative, thereby supporting strong labor market conditions and a sustained return to 2 percent inflation.","stance monetary policy remains accommodative, thereby supporting strong labor market conditions sustained return 2 percent inflation.",0,0.8886628,0.013103114,0.09823406,-0.79042876,FALSE,"Topic 0: percent, funds, target, committee, rate, federal"
6/13/2018,2018,6/13/2018,10,"In determining the timing and size of future adjustments to the target range for the federal funds rate, the Committee will assess realized and expected economic conditions relative to its maximum employment objective and its symmetric 2 percent inflation objective.","determining timing size future adjustments target range federal funds rate, Committee assess realized expected economic conditions relative maximum employment objective symmetric 2 percent inflation objective.",0,0.066867344,0.055046964,0.8780857,0.8112183,TRUE,"Topic 0: percent, funds, target, committee, rate, federal"
6/13/2018,2018,6/13/2018,11,"This assessment will take into account a wide range of information, including measures of labor market conditions, indicators of inflation pressures and inflation expectations, and readings on financial and international developments.","assessment take account wide range information, including measures labor market conditions, indicators inflation pressures inflation expectations, readings financial international developments.",5,0.06629161,0.016669849,0.9170385,0.85074687,TRUE,"Topic 5: assessment, wide, readings, international, account, pressures"
8/1/2018,2018,8/1/2018,0,Information received since the Federal Open Market Committee met in June indicates that the labor market has continued to strengthen and that economic activity has been rising at a strong rate.,Information received since Federal Open Market Committee met June indicates labor market continued strengthen economic activity rising strong rate.,1,0.951937,0.021308493,0.026754424,-0.9251826,FALSE,"Topic 1: gains, job, unemployment, received, met, open"
8/1/2018,2018,8/1/2018,1,"Job gains have been strong, on average, in recent months, and the unemployment rate has stayed low.","Job gains strong, average, recent months, unemployment rate stayed low.",1,0.15908146,0.8167219,0.024196627,-0.13488483,FALSE,"Topic 1: gains, job, unemployment, received, met, open"
8/1/2018,2018,8/1/2018,2,Household spending and business fixed investment have grown strongly.,Household spending business fixed investment grown strongly.,3,0.9575694,0.017062644,0.02536797,-0.93220145,FALSE,"Topic 3: household, spending, fixed, business, investment, housing"
8/1/2018,2018,8/1/2018,3,"On a 12-month basis, both overall inflation and inflation for items other than food and energy remain near 2 percent.","12-month basis, overall inflation inflation items food energy remain near 2 percent.",13,0.19427915,0.13608174,0.6696391,0.47535998,FALSE,"Topic 13: food, 12month, basis, items, overall, energy"
8/1/2018,2018,8/1/2018,4,"Indicators of longer-term inflation expectations are little changed, on balance.","Indicators longer-term inflation expectations little changed, balance.",7,0.19730026,0.15237108,0.6503287,0.45302844,FALSE,"Topic 7: measures, changed, little, marketbased, surveybased, compensation"
8/1/2018,2018,8/1/2018,5,"Consistent with its statutory mandate, the Committee seeks to foster maximum employment and price stability.","Consistent statutory mandate, Committee seeks foster maximum employment price stability.",4,0.23863597,0.014581954,0.74678206,0.5081461,FALSE,"Topic 4: statutory, foster, seeks, mandate, stability, price"
8/1/2018,2018,8/1/2018,6,"The Committee expects that further gradual increases in the target range for the federal funds rate will be consistent with sustained expansion of economic activity, strong labor market conditions, and inflation near the Committee's symmetric 2 percent objective over the medium term.","Committee expects gradual increases target range federal funds rate consistent sustained expansion economic activity, strong labor market conditions, inflation near Committee's symmetric 2 percent objective medium term.",0,0.92932624,0.015825635,0.054848056,-0.87447816,TRUE,"Topic 0: percent, funds, target, committee, rate, federal"
8/1/2018,2018,8/1/2018,7,Risks to the economic outlook appear roughly balanced.,Risks economic outlook appear roughly balanced.,20,0.39301184,0.034116056,0.57287204,0.1798602,FALSE,"Topic 20: roughly, appear, nearterm, balanced, risks, outlook"
8/1/2018,2018,8/1/2018,8,"In view of realized and expected labor market conditions and inflation, the Committee decided to maintain the target range for the federal funds rate at 1-3/4 to 2 percent.","view realized expected labor market conditions inflation, Committee decided maintain target range federal funds rate 1-3/4 2 percent.",0,0.06252909,0.06951178,0.86795914,0.80543005,FALSE,"Topic 0: percent, funds, target, committee, rate, federal"
8/1/2018,2018,8/1/2018,9,"The stance of monetary policy remains accommodative, thereby supporting strong labor market conditions and a sustained return to 2 percent inflation.","stance monetary policy remains accommodative, thereby supporting strong labor market conditions sustained return 2 percent inflation.",0,0.8886628,0.013103114,0.09823406,-0.79042876,FALSE,"Topic 0: percent, funds, target, committee, rate, federal"
8/1/2018,2018,8/1/2018,10,"In determining the timing and size of future adjustments to the target range for the federal funds rate, the Committee will assess realized and expected economic conditions relative to its maximum employment objective and its symmetric 2 percent inflation objective.","determining timing size future adjustments target range federal funds rate, Committee assess realized expected economic conditions relative maximum employment objective symmetric 2 percent inflation objective.",0,0.066867344,0.055046964,0.8780857,0.8112183,TRUE,"Topic 0: percent, funds, target, committee, rate, federal"
8/1/2018,2018,8/1/2018,11,"This assessment will take into account a wide range of information, including measures of labor market conditions, indicators of inflation pressures and inflation expectations, and readings on financial and international developments.","assessment take account wide range information, including measures labor market conditions, indicators inflation pressures inflation expectations, readings financial international developments.",5,0.06629161,0.016669849,0.9170385,0.85074687,TRUE,"Topic 5: assessment, wide, readings, international, account, pressures"
9/26/2018,2018,9/26/2018,0,Information received since the Federal Open Market Committee met in August indicates that the labor market has continued to strengthen and that economic activity has been rising at a strong rate.,Information received since Federal Open Market Committee met August indicates labor market continued strengthen economic activity rising strong rate.,1,0.9516744,0.02131406,0.02701159,-0.9246628,FALSE,"Topic 1: gains, job, unemployment, received, met, open"
9/26/2018,2018,9/26/2018,1,"Job gains have been strong, on average, in recent months, and the unemployment rate has stayed low.","Job gains strong, average, recent months, unemployment rate stayed low.",1,0.15908146,0.8167219,0.024196627,-0.13488483,FALSE,"Topic 1: gains, job, unemployment, received, met, open"
9/26/2018,2018,9/26/2018,2,Household spending and business fixed investment have grown strongly.,Household spending business fixed investment grown strongly.,3,0.9575694,0.017062644,0.02536797,-0.93220145,FALSE,"Topic 3: household, spending, fixed, business, investment, housing"
9/26/2018,2018,9/26/2018,3,"On a 12-month basis, both overall inflation and inflation for items other than food and energy remain near 2 percent.","12-month basis, overall inflation inflation items food energy remain near 2 percent.",13,0.19427915,0.13608174,0.6696391,0.47535998,FALSE,"Topic 13: food, 12month, basis, items, overall, energy"
9/26/2018,2018,9/26/2018,4,"Indicators of longer-term inflation expectations are little changed, on balance.","Indicators longer-term inflation expectations little changed, balance.",7,0.19730026,0.15237108,0.6503287,0.45302844,FALSE,"Topic 7: measures, changed, little, marketbased, surveybased, compensation"
9/26/2018,2018,9/26/2018,5,"Consistent with its statutory mandate, the Committee seeks to foster maximum employment and price stability.","Consistent statutory mandate, Committee seeks foster maximum employment price stability.",4,0.23863597,0.014581954,0.74678206,0.5081461,FALSE,"Topic 4: statutory, foster, seeks, mandate, stability, price"
9/26/2018,2018,9/26/2018,6,"The Committee expects that further gradual increases in the target range for the federal funds rate will be consistent with sustained expansion of economic activity, strong labor market conditions, and inflation near the Committee's symmetric 2 percent objective over the medium term.","Committee expects gradual increases target range federal funds rate consistent sustained expansion economic activity, strong labor market conditions, inflation near Committee's symmetric 2 percent objective medium term.",0,0.92932624,0.015825635,0.054848056,-0.87447816,TRUE,"Topic 0: percent, funds, target, committee, rate, federal"
9/26/2018,2018,9/26/2018,7,Risks to the economic outlook appear roughly balanced.,Risks economic outlook appear roughly balanced.,20,0.39301184,0.034116056,0.57287204,0.1798602,FALSE,"Topic 20: roughly, appear, nearterm, balanced, risks, outlook"
9/26/2018,2018,9/26/2018,8,"In view of realized and expected labor market conditions and inflation, the Committee decided to raise the target range for the federal funds rate to 2 to 2-1/4 percent.","view realized expected labor market conditions inflation, Committee decided raise target range federal funds rate 2 2-1/4 percent.",0,0.3180471,0.035254743,0.6466982,0.32865107,FALSE,"Topic 0: percent, funds, target, committee, rate, federal"
9/26/2018,2018,9/26/2018,9,"In determining the timing and size of future adjustments to the target range for the federal funds rate, the Committee will assess realized and expected economic conditions relative to its maximum employment objective and its symmetric 2 percent inflation objective.","determining timing size future adjustments target range federal funds rate, Committee assess realized expected economic conditions relative maximum employment objective symmetric 2 percent inflation objective.",0,0.066867344,0.055046964,0.8780857,0.8112183,TRUE,"Topic 0: percent, funds, target, committee, rate, federal"
9/26/2018,2018,9/26/2018,10,"This assessment will take into account a wide range of information, including measures of labor market conditions, indicators of inflation pressures and inflation expectations, and readings on financial and international developments.","assessment take account wide range information, including measures labor market conditions, indicators inflation pressures inflation expectations, readings financial international developments.",5,0.06629161,0.016669849,0.9170385,0.85074687,TRUE,"Topic 5: assessment, wide, readings, international, account, pressures"
11/8/2018,2018,11/8/2018,0,Information received since the Federal Open Market Committee met in September indicates that the labor market has continued to strengthen and that economic activity has been rising at a strong rate.,Information received since Federal Open Market Committee met September indicates labor market continued strengthen economic activity rising strong rate.,1,0.95183784,0.02117908,0.02698299,-0.9248549,FALSE,"Topic 1: gains, job, unemployment, received, met, open"
11/8/2018,2018,11/8/2018,1,"Job gains have been strong, on average, in recent months, and the unemployment rate has declined.","Job gains strong, average, recent months, unemployment rate declined.",1,0.025171787,0.95444757,0.020380711,-0.004791075,FALSE,"Topic 1: gains, job, unemployment, received, met, open"
11/8/2018,2018,11/8/2018,2,"Household spending has continued to grow strongly, while growth of business fixed investment has moderated from its rapid pace earlier in the year.","Household spending continued grow strongly, growth business fixed investment moderated rapid pace earlier year.",3,0.91659844,0.065127514,0.018274086,-0.8983244,FALSE,"Topic 3: household, spending, fixed, business, investment, housing"
11/8/2018,2018,11/8/2018,3,"On a 12-month basis, both overall inflation and inflation for items other than food and energy remain near 2 percent.","12-month basis, overall inflation inflation items food energy remain near 2 percent.",13,0.19427915,0.13608174,0.6696391,0.47535998,FALSE,"Topic 13: food, 12month, basis, items, overall, energy"
11/8/2018,2018,11/8/2018,4,"Indicators of longer-term inflation expectations are little changed, on balance.","Indicators longer-term inflation expectations little changed, balance.",-1,0.19730026,0.15237108,0.6503287,0.45302844,FALSE,Topic -1
11/8/2018,2018,11/8/2018,5,"Consistent with its statutory mandate, the Committee seeks to foster maximum employment and price stability.","Consistent statutory mandate, Committee seeks foster maximum employment price stability.",4,0.23863597,0.014581954,0.74678206,0.5081461,FALSE,"Topic 4: statutory, foster, seeks, mandate, stability, price"
11/8/2018,2018,11/8/2018,6,"The Committee expects that further gradual increases in the target range for the federal funds rate will be consistent with sustained expansion of economic activity, strong labor market conditions, and inflation near the Committee's symmetric 2 percent objective over the medium term.","Committee expects gradual increases target range federal funds rate consistent sustained expansion economic activity, strong labor market conditions, inflation near Committee's symmetric 2 percent objective medium term.",0,0.92932624,0.015825635,0.054848056,-0.87447816,TRUE,"Topic 0: percent, funds, target, committee, rate, federal"
11/8/2018,2018,11/8/2018,7,Risks to the economic outlook appear roughly balanced.,Risks economic outlook appear roughly balanced.,20,0.39301184,0.034116056,0.57287204,0.1798602,FALSE,"Topic 20: roughly, appear, nearterm, balanced, risks, outlook"
11/8/2018,2018,11/8/2018,8,"In view of realized and expected labor market conditions and inflation, the Committee decided to maintain the target range for the federal funds rate at 2 to 2-1/4 percent.","view realized expected labor market conditions inflation, Committee decided maintain target range federal funds rate 2 2-1/4 percent.",0,0.06493059,0.070475385,0.86459404,0.7996634,FALSE,"Topic 0: percent, funds, target, committee, rate, federal"
11/8/2018,2018,11/8/2018,9,"In determining the timing and size of future adjustments to the target range for the federal funds rate, the Committee will assess realized and expected economic conditions relative to its maximum employment objective and its symmetric 2 percent inflation objective.","determining timing size future adjustments target range federal funds rate, Committee assess realized expected economic conditions relative maximum employment objective symmetric 2 percent inflation objective.",0,0.066867344,0.055046964,0.8780857,0.8112183,TRUE,"Topic 0: percent, funds, target, committee, rate, federal"
11/8/2018,2018,11/8/2018,10,"This assessment will take into account a wide range of information, including measures of labor market conditions, indicators of inflation pressures and inflation expectations, and readings on financial and international developments.","assessment take account wide range information, including measures labor market conditions, indicators inflation pressures inflation expectations, readings financial international developments.",5,0.06629161,0.016669849,0.9170385,0.85074687,TRUE,"Topic 5: assessment, wide, readings, international, account, pressures"
12/19/2018,2018,12/19/2018,0,Information received since the Federal Open Market Committee met in November indicates that the labor market has continued to strengthen and that economic activity has been rising at a strong rate.,Information received since Federal Open Market Committee met November indicates labor market continued strengthen economic activity rising strong rate.,1,0.9518599,0.02119524,0.026944777,-0.92491513,FALSE,"Topic 1: gains, job, unemployment, received, met, open"
12/19/2018,2018,12/19/2018,1,"Job gains have been strong, on average, in recent months, and the unemployment rate has remained low.","Job gains strong, average, recent months, unemployment rate remained low.",1,0.14904825,0.8260569,0.024894785,-0.124153465,FALSE,"Topic 1: gains, job, unemployment, received, met, open"
12/19/2018,2018,12/19/2018,2,"Household spending has continued to grow strongly, while growth of business fixed investment has moderated from its rapid pace earlier in the year.","Household spending continued grow strongly, growth business fixed investment moderated rapid pace earlier year.",3,0.91659844,0.065127514,0.018274086,-0.8983244,FALSE,"Topic 3: household, spending, fixed, business, investment, housing"
12/19/2018,2018,12/19/2018,3,"On a 12-month basis, both overall inflation and inflation for items other than food and energy remain near 2 percent.","12-month basis, overall inflation inflation items food energy remain near 2 percent.",13,0.19427915,0.13608174,0.6696391,0.47535998,FALSE,"Topic 13: food, 12month, basis, items, overall, energy"
12/19/2018,2018,12/19/2018,4,"Indicators of longer-term inflation expectations are little changed, on balance.","Indicators longer-term inflation expectations little changed, balance.",-1,0.19730026,0.15237108,0.6503287,0.45302844,FALSE,Topic -1
12/19/2018,2018,12/19/2018,5,"Consistent with its statutory mandate, the Committee seeks to foster maximum employment and price stability.","Consistent statutory mandate, Committee seeks foster maximum employment price stability.",4,0.23863597,0.014581954,0.74678206,0.5081461,FALSE,"Topic 4: statutory, foster, seeks, mandate, stability, price"
12/19/2018,2018,12/19/2018,6,"The Committee judges that some further gradual increases in the target range for the federal funds rate will be consistent with sustained expansion of economic activity, strong labor market conditions, and inflation near the Committee's symmetric 2 percent objective over the medium term.","Committee judges gradual increases target range federal funds rate consistent sustained expansion economic activity, strong labor market conditions, inflation near Committee's symmetric 2 percent objective medium term.",0,0.93060136,0.017522598,0.051876094,-0.8787253,TRUE,"Topic 0: percent, funds, target, committee, rate, federal"
12/19/2018,2018,12/19/2018,7,"The Committee judges that risks to the economic outlook are roughly balanced, but will continue to monitor global economic and financial developments and assess their implications for the economic outlook.","Committee judges risks economic outlook roughly balanced, continue monitor global economic financial developments assess implications economic outlook.",30,0.19720432,0.026704397,0.77609134,0.578887,TRUE,"Topic 30: nearly, balanced, risks, sees, outlook, activity"
12/19/2018,2018,12/19/2018,8,"In view of realized and expected labor market conditions and inflation, the Committee decided to raise the target range for the federal funds rate to 2-1/4 to 2‑1/2 percent.","view realized expected labor market conditions inflation, Committee decided raise target range federal funds rate 2-1/4 2‑1/2 percent.",0,0.3745765,0.039324723,0.5860988,0.21152228,FALSE,"Topic 0: percent, funds, target, committee, rate, federal"
12/19/2018,2018,12/19/2018,9,"In determining the timing and size of future adjustments to the target range for the federal funds rate, the Committee will assess realized and expected economic conditions relative to its maximum employment objective and its symmetric 2 percent inflation objective.","determining timing size future adjustments target range federal funds rate, Committee assess realized expected economic conditions relative maximum employment objective symmetric 2 percent inflation objective.",0,0.066867344,0.055046964,0.8780857,0.8112183,TRUE,"Topic 0: percent, funds, target, committee, rate, federal"
12/19/2018,2018,12/19/2018,10,"This assessment will take into account a wide range of information, including measures of labor market conditions, indicators of inflation pressures and inflation expectations, and readings on financial and international developments.","assessment take account wide range information, including measures labor market conditions, indicators inflation pressures inflation expectations, readings financial international developments.",5,0.06629161,0.016669849,0.9170385,0.85074687,TRUE,"Topic 5: assessment, wide, readings, international, account, pressures"
1/30/2019,2019,1/30/2019,0,Information received since the Federal Open Market Committee met in December indicates that the labor market has continued to strengthen and that economic activity has been rising at a solid rate.,Information received since Federal Open Market Committee met December indicates labor market continued strengthen economic activity rising solid rate.,1,0.95256335,0.021329047,0.026107622,-0.92645574,FALSE,"Topic 1: gains, job, unemployment, received, met, open"
1/30/2019,2019,1/30/2019,1,"Job gains have been strong, on average, in recent months, and the unemployment rate has remained low.","Job gains strong, average, recent months, unemployment rate remained low.",1,0.14904825,0.8260569,0.024894785,-0.124153465,FALSE,"Topic 1: gains, job, unemployment, received, met, open"
1/30/2019,2019,1/30/2019,2,"Household spending has continued to grow strongly, while growth of business fixed investment has moderated from its rapid pace earlier last year.","Household spending continued grow strongly, growth business fixed investment moderated rapid pace earlier last year.",3,0.90256655,0.07724969,0.020183776,-0.88238275,FALSE,"Topic 3: household, spending, fixed, business, investment, housing"
1/30/2019,2019,1/30/2019,3,"On a 12-month basis, both overall inflation and inflation for items other than food and energy remain near 2 percent.","12-month basis, overall inflation inflation items food energy remain near 2 percent.",13,0.19427915,0.13608174,0.6696391,0.47535998,FALSE,"Topic 13: food, 12month, basis, items, overall, energy"
1/30/2019,2019,1/30/2019,4,"Although market-based measures of inflation compensation have moved lower in recent months, survey-based measures of longer-term inflation expectations are little changed.","Although market-based measures inflation compensation moved lower recent months, survey-based measures longer-term inflation expectations little changed.",7,0.03556343,0.9103602,0.05407639,0.018512957,FALSE,"Topic 7: measures, changed, little, marketbased, surveybased, compensation"
1/30/2019,2019,1/30/2019,5,"Consistent with its statutory mandate, the Committee seeks to foster maximum employment and price stability.","Consistent statutory mandate, Committee seeks foster maximum employment price stability.",4,0.23863597,0.014581954,0.74678206,0.5081461,FALSE,"Topic 4: statutory, foster, seeks, mandate, stability, price"
1/30/2019,2019,1/30/2019,6,"In support of these goals, the Committee decided to maintain the target range for the federal funds rate at 2-1/4 to 2-1/2 percent.","support goals, Committee decided maintain target range federal funds rate 2-1/4 2-1/2 percent.",0,0.09862768,0.029064935,0.8723074,0.77367973,FALSE,"Topic 0: percent, funds, target, committee, rate, federal"
1/30/2019,2019,1/30/2019,7,"The Committee continues to view sustained expansion of economic activity, strong labor market conditions, and inflation near the Committee's symmetric 2 percent objective as the most likely outcomes.","Committee continues view sustained expansion economic activity, strong labor market conditions, inflation near Committee's symmetric 2 percent objective likely outcomes.",0,0.88657194,0.021291152,0.0921369,-0.794435,TRUE,"Topic 0: percent, funds, target, committee, rate, federal"
1/30/2019,2019,1/30/2019,8,"In light of global economic and financial developments and muted inflation pressures, the Committee will be patient as it determines what future adjustments to the target range for the federal funds rate may be appropriate to support these outcomes.","light global economic financial developments muted inflation pressures, Committee patient determines future adjustments target range federal funds rate may appropriate support outcomes.",0,0.19174972,0.015083703,0.7931666,0.6014168,TRUE,"Topic 0: percent, funds, target, committee, rate, federal"
1/30/2019,2019,1/30/2019,9,"In determining the timing and size of future adjustments to the target range for the federal funds rate, the Committee will assess realized and expected economic conditions relative to its maximum employment objective and its symmetric 2 percent inflation objective.","determining timing size future adjustments target range federal funds rate, Committee assess realized expected economic conditions relative maximum employment objective symmetric 2 percent inflation objective.",0,0.066867344,0.055046964,0.8780857,0.8112183,TRUE,"Topic 0: percent, funds, target, committee, rate, federal"
1/30/2019,2019,1/30/2019,10,"This assessment will take into account a wide range of information, including measures of labor market conditions, indicators of inflation pressures and inflation expectations, and readings on financial and international developments.","assessment take account wide range information, including measures labor market conditions, indicators inflation pressures inflation expectations, readings financial international developments.",5,0.06629161,0.016669849,0.9170385,0.85074687,TRUE,"Topic 5: assessment, wide, readings, international, account, pressures"
3/20/2019,2019,3/20/2019,0,Information received since the Federal Open Market Committee met in January indicates that the labor market remains strong but that growth of economic activity has slowed from its solid rate in the fourth quarter.,Information received since Federal Open Market Committee met January indicates labor market remains strong growth economic activity slowed solid rate fourth quarter.,1,0.012101092,0.9704686,0.0174304,0.005329308,FALSE,"Topic 1: gains, job, unemployment, received, met, open"
3/20/2019,2019,3/20/2019,1,"Payroll employment was little changed in February, but job gains have been solid, on average, in recent months, and the unemployment rate has remained low.","Payroll employment little changed February, job gains solid, average, recent months, unemployment rate remained low.",1,0.050362304,0.923534,0.02610374,-0.024258563,FALSE,"Topic 1: gains, job, unemployment, received, met, open"
3/20/2019,2019,3/20/2019,2,Recent indicators point to slower growth of household spending and business fixed investment in the first quarter.,Recent indicators point slower growth household spending business fixed investment first quarter.,3,0.016706837,0.9610037,0.022289509,0.005582672,FALSE,"Topic 3: household, spending, fixed, business, investment, housing"
3/20/2019,2019,3/20/2019,3,"On a 12-month basis, overall inflation has declined, largely as a result of lower energy prices; inflation for items other than food and energy remains near 2 percent.","12-month basis, overall inflation declined, largely result lower energy prices; inflation items food energy remains near 2 percent.",13,0.055216137,0.9292679,0.015516026,-0.039700113,FALSE,"Topic 13: food, 12month, basis, items, overall, energy"
3/20/2019,2019,3/20/2019,4,"On balance, market-based measures of inflation compensation have remained low in recent months, and survey-based measures of longer-term inflation expectations are little changed.","balance, market-based measures inflation compensation remained low recent months, survey-based measures longer-term inflation expectations little changed.",7,0.03459105,0.9138186,0.05159045,0.016999401,FALSE,"Topic 7: measures, changed, little, marketbased, surveybased, compensation"
3/20/2019,2019,3/20/2019,5,"Consistent with its statutory mandate, the Committee seeks to foster maximum employment and price stability.","Consistent statutory mandate, Committee seeks foster maximum employment price stability.",4,0.23863597,0.014581954,0.74678206,0.5081461,FALSE,"Topic 4: statutory, foster, seeks, mandate, stability, price"
3/20/2019,2019,3/20/2019,6,"In support of these goals, the Committee decided to maintain the target range for the federal funds rate at 2-1/4 to 2-1/2 percent.","support goals, Committee decided maintain target range federal funds rate 2-1/4 2-1/2 percent.",0,0.09862768,0.029064935,0.8723074,0.77367973,FALSE,"Topic 0: percent, funds, target, committee, rate, federal"
3/20/2019,2019,3/20/2019,7,"The Committee continues to view sustained expansion of economic activity, strong labor market conditions, and inflation near the Committee's symmetric 2 percent objective as the most likely outcomes.","Committee continues view sustained expansion economic activity, strong labor market conditions, inflation near Committee's symmetric 2 percent objective likely outcomes.",0,0.88657194,0.021291152,0.0921369,-0.794435,TRUE,"Topic 0: percent, funds, target, committee, rate, federal"
3/20/2019,2019,3/20/2019,8,"In light of global economic and financial developments and muted inflation pressures, the Committee will be patient as it determines what future adjustments to the target range for the federal funds rate may be appropriate to support these outcomes.","light global economic financial developments muted inflation pressures, Committee patient determines future adjustments target range federal funds rate may appropriate support outcomes.",0,0.19174972,0.015083703,0.7931666,0.6014168,TRUE,"Topic 0: percent, funds, target, committee, rate, federal"
3/20/2019,2019,3/20/2019,9,"In determining the timing and size of future adjustments to the target range for the federal funds rate, the Committee will assess realized and expected economic conditions relative to its maximum employment objective and its symmetric 2 percent inflation objective.","determining timing size future adjustments target range federal funds rate, Committee assess realized expected economic conditions relative maximum employment objective symmetric 2 percent inflation objective.",0,0.066867344,0.055046964,0.8780857,0.8112183,TRUE,"Topic 0: percent, funds, target, committee, rate, federal"
3/20/2019,2019,3/20/2019,10,"This assessment will take into account a wide range of information, including measures of labor market conditions, indicators of inflation pressures and inflation expectations, and readings on financial and international developments.","assessment take account wide range information, including measures labor market conditions, indicators inflation pressures inflation expectations, readings financial international developments.",5,0.06629161,0.016669849,0.9170385,0.85074687,TRUE,"Topic 5: assessment, wide, readings, international, account, pressures"
5/1/2019,2019,5/1/2019,0,Information received since the Federal Open Market Committee met in March indicates that the labor market remains strong and that economic activity rose at a solid rate.,Information received since Federal Open Market Committee met March indicates labor market remains strong economic activity rose solid rate.,1,0.95391,0.022139266,0.0239507,-0.9299593,FALSE,"Topic 1: gains, job, unemployment, received, met, open"
5/1/2019,2019,5/1/2019,1,"Job gains have been solid, on average, in recent months, and the unemployment rate has remained low.","Job gains solid, average, recent months, unemployment rate remained low.",1,0.17480998,0.799468,0.025722075,-0.1490879,FALSE,"Topic 1: gains, job, unemployment, received, met, open"
5/1/2019,2019,5/1/2019,2,Growth of household spending and business fixed investment slowed in the first quarter.,Growth household spending business fixed investment slowed first quarter.,3,0.008743526,0.9685343,0.022722227,0.013978702,FALSE,"Topic 3: household, spending, fixed, business, investment, housing"
5/1/2019,2019,5/1/2019,3,"On a 12-month basis, overall inflation and inflation for items other than food and energy have declined and are running below 2 percent.","12-month basis, overall inflation inflation items food energy declined running 2 percent.",13,0.010837563,0.96561915,0.023543261,0.012705698,FALSE,"Topic 13: food, 12month, basis, items, overall, energy"
5/1/2019,2019,5/1/2019,4,"On balance, market-based measures of inflation compensation have remained low in recent months, and survey-based measures of longer-term inflation expectations are little changed.","balance, market-based measures inflation compensation remained low recent months, survey-based measures longer-term inflation expectations little changed.",7,0.03459105,0.9138186,0.05159045,0.016999401,FALSE,"Topic 7: measures, changed, little, marketbased, surveybased, compensation"
5/1/2019,2019,5/1/2019,5,"Consistent with its statutory mandate, the Committee seeks to foster maximum employment and price stability.","Consistent statutory mandate, Committee seeks foster maximum employment price stability.",4,0.23863597,0.014581954,0.74678206,0.5081461,FALSE,"Topic 4: statutory, foster, seeks, mandate, stability, price"
5/1/2019,2019,5/1/2019,6,"In support of these goals, the Committee decided to maintain the target range for the federal funds rate at 2-1/4 to 2-1/2 percent.","support goals, Committee decided maintain target range federal funds rate 2-1/4 2-1/2 percent.",0,0.09862768,0.029064935,0.8723074,0.77367973,FALSE,"Topic 0: percent, funds, target, committee, rate, federal"
5/1/2019,2019,5/1/2019,7,"The Committee continues to view sustained expansion of economic activity, strong labor market conditions, and inflation near the Committee's symmetric 2 percent objective as the most likely outcomes.","Committee continues view sustained expansion economic activity, strong labor market conditions, inflation near Committee's symmetric 2 percent objective likely outcomes.",0,0.88657194,0.021291152,0.0921369,-0.794435,TRUE,"Topic 0: percent, funds, target, committee, rate, federal"
5/1/2019,2019,5/1/2019,8,"In light of global economic and financial developments and muted inflation pressures, the Committee will be patient as it determines what future adjustments to the target range for the federal funds rate may be appropriate to support these outcomes.","light global economic financial developments muted inflation pressures, Committee patient determines future adjustments target range federal funds rate may appropriate support outcomes.",0,0.19174972,0.015083703,0.7931666,0.6014168,TRUE,"Topic 0: percent, funds, target, committee, rate, federal"
5/1/2019,2019,5/1/2019,9,"In determining the timing and size of future adjustments to the target range for the federal funds rate, the Committee will assess realized and expected economic conditions relative to its maximum employment objective and its symmetric 2 percent inflation objective.","determining timing size future adjustments target range federal funds rate, Committee assess realized expected economic conditions relative maximum employment objective symmetric 2 percent inflation objective.",0,0.066867344,0.055046964,0.8780857,0.8112183,TRUE,"Topic 0: percent, funds, target, committee, rate, federal"
5/1/2019,2019,5/1/2019,10,"This assessment will take into account a wide range of information, including measures of labor market conditions, indicators of inflation pressures and inflation expectations, and readings on financial and international developments.","assessment take account wide range information, including measures labor market conditions, indicators inflation pressures inflation expectations, readings financial international developments.",5,0.06629161,0.016669849,0.9170385,0.85074687,TRUE,"Topic 5: assessment, wide, readings, international, account, pressures"
6/19/2019,2019,6/19/2019,0,Information received since the Federal Open Market Committee met in May indicates that the labor market remains strong and that economic activity is rising at a moderate rate.,Information received since Federal Open Market Committee met May indicates labor market remains strong economic activity rising moderate rate.,1,0.9493258,0.021241376,0.029432883,-0.9198929,TRUE,"Topic 1: gains, job, unemployment, received, met, open"
6/19/2019,2019,6/19/2019,1,"Job gains have been solid, on average, in recent months, and the unemployment rate has remained low.","Job gains solid, average, recent months, unemployment rate remained low.",1,0.17480998,0.799468,0.025722075,-0.1490879,FALSE,"Topic 1: gains, job, unemployment, received, met, open"
6/19/2019,2019,6/19/2019,2,"Although growth of household spending appears to have picked up from earlier in the year, indicators of business fixed investment have been soft.","Although growth household spending appears picked earlier year, indicators business fixed investment soft.",3,0.40398702,0.5673384,0.028674522,-0.3753125,FALSE,"Topic 3: household, spending, fixed, business, investment, housing"
6/19/2019,2019,6/19/2019,3,"On a 12-month basis, overall inflation and inflation for items other than food and energy are running below 2 percent.","12-month basis, overall inflation inflation items food energy running 2 percent.",13,0.013632085,0.9008897,0.085478246,0.07184616,FALSE,"Topic 13: food, 12month, basis, items, overall, energy"
6/19/2019,2019,6/19/2019,4,Market-based measures of inflation compensation have declined; survey-based measures of longer-term inflation expectations are little changed.,Market-based measures inflation compensation declined; survey-based measures longer-term inflation expectations little changed.,37,0.011902546,0.9548526,0.03324483,0.021342285,FALSE,"Topic 37: measures, compensation, marketbased, surveybased, stable, longerterm"
6/19/2019,2019,6/19/2019,5,"Consistent with its statutory mandate, the Committee seeks to foster maximum employment and price stability.","Consistent statutory mandate, Committee seeks foster maximum employment price stability.",4,0.23863597,0.014581954,0.74678206,0.5081461,FALSE,"Topic 4: statutory, foster, seeks, mandate, stability, price"
6/19/2019,2019,6/19/2019,6,"In support of these goals, the Committee decided to maintain the target range for the federal funds rate at 2-1/4 to 2-1/2 percent.","support goals, Committee decided maintain target range federal funds rate 2-1/4 2-1/2 percent.",0,0.09862768,0.029064935,0.8723074,0.77367973,FALSE,"Topic 0: percent, funds, target, committee, rate, federal"
6/19/2019,2019,6/19/2019,7,"The Committee continues to view sustained expansion of economic activity, strong labor market conditions, and inflation near the Committee's symmetric 2 percent objective as the most likely outcomes, but uncertainties about this outlook have increased.","Committee continues view sustained expansion economic activity, strong labor market conditions, inflation near Committee's symmetric 2 percent objective likely outcomes, uncertainties outlook increased.",0,0.45129684,0.4380322,0.11067101,-0.34062582,TRUE,"Topic 0: percent, funds, target, committee, rate, federal"
6/19/2019,2019,6/19/2019,8,"In light of these uncertainties and muted inflation pressures, the Committee will closely monitor the implications of incoming information for the economic outlook and will act as appropriate to sustain the expansion, with a strong labor market and inflation near its symmetric 2 percent objective.","light uncertainties muted inflation pressures, Committee closely monitor implications incoming information economic outlook act appropriate sustain expansion, strong labor market inflation near symmetric 2 percent objective.",0,0.87471217,0.01266776,0.11262001,-0.7620922,TRUE,"Topic 0: percent, funds, target, committee, rate, federal"
6/19/2019,2019,6/19/2019,9,"In determining the timing and size of future adjustments to the target range for the federal funds rate, the Committee will assess realized and expected economic conditions relative to its maximum employment objective and its symmetric 2 percent inflation objective.","determining timing size future adjustments target range federal funds rate, Committee assess realized expected economic conditions relative maximum employment objective symmetric 2 percent inflation objective.",0,0.066867344,0.055046964,0.8780857,0.8112183,TRUE,"Topic 0: percent, funds, target, committee, rate, federal"
6/19/2019,2019,6/19/2019,10,"This assessment will take into account a wide range of information, including measures of labor market conditions, indicators of inflation pressures and inflation expectations, and readings on financial and international developments.","assessment take account wide range information, including measures labor market conditions, indicators inflation pressures inflation expectations, readings financial international developments.",5,0.06629161,0.016669849,0.9170385,0.85074687,TRUE,"Topic 5: assessment, wide, readings, international, account, pressures"
7/31/2019,2019,7/31/2019,0,Information received since the Federal Open Market Committee met in June indicates that the labor market remains strong and that economic activity has been rising at a moderate rate.,Information received since Federal Open Market Committee met June indicates labor market remains strong economic activity rising moderate rate.,-1,0.95113504,0.022725493,0.026139414,-0.9249956,FALSE,Topic -1
7/31/2019,2019,7/31/2019,1,"Job gains have been solid, on average, in recent months, and the unemployment rate has remained low.","Job gains solid, average, recent months, unemployment rate remained low.",1,0.17480998,0.799468,0.025722075,-0.1490879,FALSE,"Topic 1: gains, job, unemployment, received, met, open"
7/31/2019,2019,7/31/2019,2,"Although growth of household spending has picked up from earlier in the year, growth of business fixed investment has been soft.","Although growth household spending picked earlier year, growth business fixed investment soft.",3,0.7409741,0.23044834,0.028577512,-0.7123966,FALSE,"Topic 3: household, spending, fixed, business, investment, housing"
7/31/2019,2019,7/31/2019,3,"On a 12-month basis, overall inflation and inflation for items other than food and energy are running below 2 percent.","12-month basis, overall inflation inflation items food energy running 2 percent.",13,0.013632085,0.9008897,0.085478246,0.07184616,FALSE,"Topic 13: food, 12month, basis, items, overall, energy"
7/31/2019,2019,7/31/2019,4,Market-based measures of inflation compensation remain low; survey-based measures of longer-term inflation expectations are little changed.,Market-based measures inflation compensation remain low; survey-based measures longer-term inflation expectations little changed.,7,0.069589846,0.6320982,0.298312,0.22872216,FALSE,"Topic 7: measures, changed, little, marketbased, surveybased, compensation"
7/31/2019,2019,7/31/2019,5,"Consistent with its statutory mandate, the Committee seeks to foster maximum employment and price stability.","Consistent statutory mandate, Committee seeks foster maximum employment price stability.",4,0.23863597,0.014581954,0.74678206,0.5081461,FALSE,"Topic 4: statutory, foster, seeks, mandate, stability, price"
7/31/2019,2019,7/31/2019,6,"In light of the implications of global developments for the economic outlook as well as muted inflation pressures, the Committee decided to lower the target range for the federal funds rate to 2 to 2-1/4 percent.","light implications global developments economic outlook well muted inflation pressures, Committee decided lower target range federal funds rate 2 2-1/4 percent.",0,0.057011325,0.5922772,0.3507115,0.29370016,FALSE,"Topic 0: percent, funds, target, committee, rate, federal"
7/31/2019,2019,7/31/2019,7,"This action supports the Committee's view that sustained expansion of economic activity, strong labor market conditions, and inflation near the Committee's symmetric 2 percent objective are the most likely outcomes, but uncertainties about this outlook remain.","action supports Committee's view sustained expansion economic activity, strong labor market conditions, inflation near Committee's symmetric 2 percent objective likely outcomes, uncertainties outlook remain.",0,0.6395756,0.15857105,0.2018534,-0.4377222,TRUE,"Topic 0: percent, funds, target, committee, rate, federal"
7/31/2019,2019,7/31/2019,8,"As the Committee contemplates the future path of the target range for the federal funds rate, it will continue to monitor the implications of incoming information for the economic outlook and will act as appropriate to sustain the expansion, with a strong labor market and inflation near its symmetric 2 percent objective.","Committee contemplates future path target range federal funds rate, continue monitor implications incoming information economic outlook act appropriate sustain expansion, strong labor market inflation near symmetric 2 percent objective.",0,0.81407535,0.011331818,0.17459282,-0.6394825,TRUE,"Topic 0: percent, funds, target, committee, rate, federal"
7/31/2019,2019,7/31/2019,9,"In determining the timing and size of future adjustments to the target range for the federal funds rate, the Committee will assess realized and expected economic conditions relative to its maximum employment objective and its symmetric 2 percent inflation objective.","determining timing size future adjustments target range federal funds rate, Committee assess realized expected economic conditions relative maximum employment objective symmetric 2 percent inflation objective.",0,0.066867344,0.055046964,0.8780857,0.8112183,TRUE,"Topic 0: percent, funds, target, committee, rate, federal"
7/31/2019,2019,7/31/2019,10,"This assessment will take into account a wide range of information, including measures of labor market conditions, indicators of inflation pressures and inflation expectations, and readings on financial and international developments.","assessment take account wide range information, including measures labor market conditions, indicators inflation pressures inflation expectations, readings financial international developments.",5,0.06629161,0.016669849,0.9170385,0.85074687,TRUE,"Topic 5: assessment, wide, readings, international, account, pressures"
7/31/2019,2019,7/31/2019,11,"The Committee will conclude the reduction of its aggregate securities holdings in the System Open Market Account in August, two months earlier than previously indicated.","Committee conclude reduction aggregate securities holdings System Open Market Account August, two months earlier previously indicated.",26,0.009025563,0.9509536,0.040020768,0.030995205,TRUE,"Topic 26: reducing, described, plans, addition, agency, previously"
9/18/2019,2019,9/18/2019,0,Information received since the Federal Open Market Committee met in July indicates that the labor market remains strong and that economic activity has been rising at a moderate rate.,Information received since Federal Open Market Committee met July indicates labor market remains strong economic activity rising moderate rate.,1,0.9510157,0.02260786,0.026376458,-0.9246392,FALSE,"Topic 1: gains, job, unemployment, received, met, open"
9/18/2019,2019,9/18/2019,1,"Job gains have been solid, on average, in recent months, and the unemployment rate has remained low.","Job gains solid, average, recent months, unemployment rate remained low.",1,0.17480998,0.799468,0.025722075,-0.1490879,FALSE,"Topic 1: gains, job, unemployment, received, met, open"
9/18/2019,2019,9/18/2019,2,"Although household spending has been rising at a strong pace, business fixed investment and exports have weakened.","Although household spending rising strong pace, business fixed investment exports weakened.",3,0.034339108,0.9451583,0.020502545,-0.013836563,FALSE,"Topic 3: household, spending, fixed, business, investment, housing"
9/18/2019,2019,9/18/2019,3,"On a 12-month basis, overall inflation and inflation for items other than food and energy are running below 2 percent.","12-month basis, overall inflation inflation items food energy running 2 percent.",13,0.013632085,0.9008897,0.085478246,0.07184616,FALSE,"Topic 13: food, 12month, basis, items, overall, energy"
9/18/2019,2019,9/18/2019,4,Market-based measures of inflation compensation remain low; survey-based measures of longer-term inflation expectations are little changed.,Market-based measures inflation compensation remain low; survey-based measures longer-term inflation expectations little changed.,7,0.069589846,0.6320982,0.298312,0.22872216,FALSE,"Topic 7: measures, changed, little, marketbased, surveybased, compensation"
9/18/2019,2019,9/18/2019,5,"Consistent with its statutory mandate, the Committee seeks to foster maximum employment and price stability.","Consistent statutory mandate, Committee seeks foster maximum employment price stability.",4,0.23863597,0.014581954,0.74678206,0.5081461,FALSE,"Topic 4: statutory, foster, seeks, mandate, stability, price"
9/18/2019,2019,9/18/2019,6,"In light of the implications of global developments for the economic outlook as well as muted inflation pressures, the Committee decided to lower the target range for the federal funds rate to 1-3/4 to 2 percent.","light implications global developments economic outlook well muted inflation pressures, Committee decided lower target range federal funds rate 1-3/4 2 percent.",0,0.05307481,0.5934069,0.3535183,0.3004435,FALSE,"Topic 0: percent, funds, target, committee, rate, federal"
9/18/2019,2019,9/18/2019,7,"This action supports the Committee's view that sustained expansion of economic activity, strong labor market conditions, and inflation near the Committee's symmetric 2 percent objective are the most likely outcomes, but uncertainties about this outlook remain.","action supports Committee's view sustained expansion economic activity, strong labor market conditions, inflation near Committee's symmetric 2 percent objective likely outcomes, uncertainties outlook remain.",0,0.6395756,0.15857105,0.2018534,-0.4377222,TRUE,"Topic 0: percent, funds, target, committee, rate, federal"
9/18/2019,2019,9/18/2019,8,"As the Committee contemplates the future path of the target range for the federal funds rate, it will continue to monitor the implications of incoming information for the economic outlook and will act as appropriate to sustain the expansion, with a strong labor market and inflation near its symmetric 2 percent objective.","Committee contemplates future path target range federal funds rate, continue monitor implications incoming information economic outlook act appropriate sustain expansion, strong labor market inflation near symmetric 2 percent objective.",0,0.81407535,0.011331818,0.17459282,-0.6394825,TRUE,"Topic 0: percent, funds, target, committee, rate, federal"
9/18/2019,2019,9/18/2019,9,"In determining the timing and size of future adjustments to the target range for the federal funds rate, the Committee will assess realized and expected economic conditions relative to its maximum employment objective and its symmetric 2 percent inflation objective.","determining timing size future adjustments target range federal funds rate, Committee assess realized expected economic conditions relative maximum employment objective symmetric 2 percent inflation objective.",0,0.066867344,0.055046964,0.8780857,0.8112183,TRUE,"Topic 0: percent, funds, target, committee, rate, federal"
9/18/2019,2019,9/18/2019,10,"This assessment will take into account a wide range of information, including measures of labor market conditions, indicators of inflation pressures and inflation expectations, and readings on financial and international developments.","assessment take account wide range information, including measures labor market conditions, indicators inflation pressures inflation expectations, readings financial international developments.",5,0.06629161,0.016669849,0.9170385,0.85074687,TRUE,"Topic 5: assessment, wide, readings, international, account, pressures"
10/30/2019,2019,10/30/2019,0,Information received since the Federal Open Market Committee met in September indicates that the labor market remains strong and that economic activity has been rising at a moderate rate.,Information received since Federal Open Market Committee met September indicates labor market remains strong economic activity rising moderate rate.,1,0.95105267,0.02251604,0.026431283,-0.9246214,FALSE,"Topic 1: gains, job, unemployment, received, met, open"
10/30/2019,2019,10/30/2019,1,"Job gains have been solid, on average, in recent months, and the unemployment rate has remained low.","Job gains solid, average, recent months, unemployment rate remained low.",1,0.17480998,0.799468,0.025722075,-0.1490879,FALSE,"Topic 1: gains, job, unemployment, received, met, open"
10/30/2019,2019,10/30/2019,2,"Although household spending has been rising at a strong pace, business fixed investment and exports remain weak.","Although household spending rising strong pace, business fixed investment exports remain weak.",3,0.025580602,0.95376617,0.020653222,-0.00492738,FALSE,"Topic 3: household, spending, fixed, business, investment, housing"
10/30/2019,2019,10/30/2019,3,"On a 12-month basis, overall inflation and inflation for items other than food and energy are running below 2 percent.","12-month basis, overall inflation inflation items food energy running 2 percent.",13,0.013632085,0.9008897,0.085478246,0.07184616,FALSE,"Topic 13: food, 12month, basis, items, overall, energy"
10/30/2019,2019,10/30/2019,4,Market-based measures of inflation compensation remain low; survey-based measures of longer-term inflation expectations are little changed.,Market-based measures inflation compensation remain low; survey-based measures longer-term inflation expectations little changed.,7,0.069589846,0.6320982,0.298312,0.22872216,FALSE,"Topic 7: measures, changed, little, marketbased, surveybased, compensation"
10/30/2019,2019,10/30/2019,5,"Consistent with its statutory mandate, the Committee seeks to foster maximum employment and price stability.","Consistent statutory mandate, Committee seeks foster maximum employment price stability.",4,0.23863597,0.014581954,0.74678206,0.5081461,FALSE,"Topic 4: statutory, foster, seeks, mandate, stability, price"
10/30/2019,2019,10/30/2019,6,"In light of the implications of global developments for the economic outlook as well as muted inflation pressures, the Committee decided to lower the target range for the federal funds rate to 1-1/2 to 1-3/4 percent.","light implications global developments economic outlook well muted inflation pressures, Committee decided lower target range federal funds rate 1-1/2 1-3/4 percent.",0,0.056232903,0.5799503,0.36381683,0.30758393,FALSE,"Topic 0: percent, funds, target, committee, rate, federal"
10/30/2019,2019,10/30/2019,7,"This action supports the Committee's view that sustained expansion of economic activity, strong labor market conditions, and inflation near the Committee's symmetric 2 percent objective are the most likely outcomes, but uncertainties about this outlook remain.","action supports Committee's view sustained expansion economic activity, strong labor market conditions, inflation near Committee's symmetric 2 percent objective likely outcomes, uncertainties outlook remain.",0,0.6395756,0.15857105,0.2018534,-0.4377222,TRUE,"Topic 0: percent, funds, target, committee, rate, federal"
10/30/2019,2019,10/30/2019,8,The Committee will continue to monitor the implications of incoming information for the economic outlook as it assesses the appropriate path of the target range for the federal funds rate.,Committee continue monitor implications incoming information economic outlook assesses appropriate path target range federal funds rate.,0,0.09701571,0.016755583,0.88622874,0.78921306,TRUE,"Topic 0: percent, funds, target, committee, rate, federal"
10/30/2019,2019,10/30/2019,9,"In determining the timing and size of future adjustments to the target range for the federal funds rate, the Committee will assess realized and expected economic conditions relative to its maximum employment objective and its symmetric 2 percent inflation objective.","determining timing size future adjustments target range federal funds rate, Committee assess realized expected economic conditions relative maximum employment objective symmetric 2 percent inflation objective.",0,0.066867344,0.055046964,0.8780857,0.8112183,TRUE,"Topic 0: percent, funds, target, committee, rate, federal"
10/30/2019,2019,10/30/2019,10,"This assessment will take into account a wide range of information, including measures of labor market conditions, indicators of inflation pressures and inflation expectations, and readings on financial and international developments.","assessment take account wide range information, including measures labor market conditions, indicators inflation pressures inflation expectations, readings financial international developments.",5,0.06629161,0.016669849,0.9170385,0.85074687,TRUE,"Topic 5: assessment, wide, readings, international, account, pressures"
12/11/2019,2019,12/11/2019,0,Information received since the Federal Open Market Committee met in October indicates that the labor market remains strong and that economic activity has been rising at a moderate rate.,Information received since Federal Open Market Committee met October indicates labor market remains strong economic activity rising moderate rate.,1,0.95103717,0.022597488,0.026365316,-0.9246718,FALSE,"Topic 1: gains, job, unemployment, received, met, open"
12/11/2019,2019,12/11/2019,1,"Job gains have been solid, on average, in recent months, and the unemployment rate has remained low.","Job gains solid, average, recent months, unemployment rate remained low.",1,0.17480998,0.799468,0.025722075,-0.1490879,FALSE,"Topic 1: gains, job, unemployment, received, met, open"
12/11/2019,2019,12/11/2019,2,"Although household spending has been rising at a strong pace, business fixed investment and exports remain weak.","Although household spending rising strong pace, business fixed investment exports remain weak.",3,0.025580602,0.95376617,0.020653222,-0.00492738,FALSE,"Topic 3: household, spending, fixed, business, investment, housing"
12/11/2019,2019,12/11/2019,3,"On a 12‑month basis, overall inflation and inflation for items other than food and energy are running below 2 percent.","12‑month basis, overall inflation inflation items food energy running 2 percent.",13,0.013571968,0.9022659,0.08416213,0.07059016,FALSE,"Topic 13: food, 12month, basis, items, overall, energy"
12/11/2019,2019,12/11/2019,4,Market-based measures of inflation compensation remain low; survey-based measures of longer-term inflation expectations are little changed.,Market-based measures inflation compensation remain low; survey-based measures longer-term inflation expectations little changed.,7,0.069589846,0.6320982,0.298312,0.22872216,FALSE,"Topic 7: measures, changed, little, marketbased, surveybased, compensation"
12/11/2019,2019,12/11/2019,5,"Consistent with its statutory mandate, the Committee seeks to foster maximum employment and price stability.","Consistent statutory mandate, Committee seeks foster maximum employment price stability.",4,0.23863597,0.014581954,0.74678206,0.5081461,FALSE,"Topic 4: statutory, foster, seeks, mandate, stability, price"
12/11/2019,2019,12/11/2019,6,The Committee decided to maintain the target range for the federal funds rate at 1‑1/2 to 1-3/4 percent.,Committee decided maintain target range federal funds rate 1‑1/2 1-3/4 percent.,0,0.05475848,0.050480008,0.89476144,0.84000295,FALSE,"Topic 0: percent, funds, target, committee, rate, federal"
12/11/2019,2019,12/11/2019,7,"The Committee judges that the current stance of monetary policy is appropriate to support sustained expansion of economic activity, strong labor market conditions, and inflation near the Committee's symmetric 2 percent objective.","Committee judges current stance monetary policy appropriate support sustained expansion economic activity, strong labor market conditions, inflation near Committee's symmetric 2 percent objective.",0,0.8730084,0.013441672,0.11354996,-0.7594584,TRUE,"Topic 0: percent, funds, target, committee, rate, federal"
12/11/2019,2019,12/11/2019,8,"The Committee will continue to monitor the implications of incoming information for the economic outlook, including global developments and muted inflation pressures, as it assesses the appropriate path of the target range for the federal funds rate.","Committee continue monitor implications incoming information economic outlook, including global developments muted inflation pressures, assesses appropriate path target range federal funds rate.",0,0.14304654,0.015755946,0.8411975,0.69815093,TRUE,"Topic 0: percent, funds, target, committee, rate, federal"
12/11/2019,2019,12/11/2019,9,"In determining the timing and size of future adjustments to the target range for the federal funds rate, the Committee will assess realized and expected economic conditions relative to its maximum employment objective and its symmetric 2 percent inflation objective.","determining timing size future adjustments target range federal funds rate, Committee assess realized expected economic conditions relative maximum employment objective symmetric 2 percent inflation objective.",0,0.066867344,0.055046964,0.8780857,0.8112183,TRUE,"Topic 0: percent, funds, target, committee, rate, federal"
12/11/2019,2019,12/11/2019,10,"This assessment will take into account a wide range of information, including measures of labor market conditions, indicators of inflation pressures and inflation expectations, and readings on financial and international developments.","assessment take account wide range information, including measures labor market conditions, indicators inflation pressures inflation expectations, readings financial international developments.",5,0.06629161,0.016669849,0.9170385,0.85074687,TRUE,"Topic 5: assessment, wide, readings, international, account, pressures"
1/29/2020,2020,1/29/2020,0,Information received since the Federal Open Market Committee met in December indicates that the labor market remains strong and that economic activity has been rising at a moderate rate.,Information received since Federal Open Market Committee met December indicates labor market remains strong economic activity rising moderate rate.,1,0.9509364,0.02259692,0.026466731,-0.92446965,FALSE,"Topic 1: gains, job, unemployment, received, met, open"
1/29/2020,2020,1/29/2020,1,"Job gains have been solid, on average, in recent months, and the unemployment rate has remained low.","Job gains solid, average, recent months, unemployment rate remained low.",1,0.17480998,0.799468,0.025722075,-0.1490879,FALSE,"Topic 1: gains, job, unemployment, received, met, open"
1/29/2020,2020,1/29/2020,2,"Although household spending has been rising at a moderate pace, business fixed investment and exports remain weak.","Although household spending rising moderate pace, business fixed investment exports remain weak.",3,0.023230135,0.9561297,0.020640075,-0.00259006,FALSE,"Topic 3: household, spending, fixed, business, investment, housing"
1/29/2020,2020,1/29/2020,3,"On a 12‑month basis, overall inflation and inflation for items other than food and energy are running below 2 percent.","12‑month basis, overall inflation inflation items food energy running 2 percent.",13,0.013571968,0.9022659,0.08416213,0.07059016,FALSE,"Topic 13: food, 12month, basis, items, overall, energy"
1/29/2020,2020,1/29/2020,4,Market-based measures of inflation compensation remain low; survey-based measures of longer-term inflation expectations are little changed.,Market-based measures inflation compensation remain low; survey-based measures longer-term inflation expectations little changed.,7,0.069589846,0.6320982,0.298312,0.22872216,FALSE,"Topic 7: measures, changed, little, marketbased, surveybased, compensation"
1/29/2020,2020,1/29/2020,5,"Consistent with its statutory mandate, the Committee seeks to foster maximum employment and price stability.","Consistent statutory mandate, Committee seeks foster maximum employment price stability.",4,0.23863597,0.014581954,0.74678206,0.5081461,FALSE,"Topic 4: statutory, foster, seeks, mandate, stability, price"
1/29/2020,2020,1/29/2020,6,The Committee decided to maintain the target range for the federal funds rate at 1‑1/2 to 1-3/4 percent.,Committee decided maintain target range federal funds rate 1‑1/2 1-3/4 percent.,0,0.05475848,0.050480008,0.89476144,0.84000295,FALSE,"Topic 0: percent, funds, target, committee, rate, federal"
1/29/2020,2020,1/29/2020,7,"The Committee judges that the current stance of monetary policy is appropriate to support sustained expansion of economic activity, strong labor market conditions, and inflation returning to the Committee's symmetric 2 percent objective.","Committee judges current stance monetary policy appropriate support sustained expansion economic activity, strong labor market conditions, inflation returning Committee's symmetric 2 percent objective.",0,0.92550856,0.014387751,0.060103744,-0.86540484,TRUE,"Topic 0: percent, funds, target, committee, rate, federal"
1/29/2020,2020,1/29/2020,8,"The Committee will continue to monitor the implications of incoming information for the economic outlook, including global developments and muted inflation pressures, as it assesses the appropriate path of the target range for the federal funds rate.","Committee continue monitor implications incoming information economic outlook, including global developments muted inflation pressures, assesses appropriate path target range federal funds rate.",0,0.14304654,0.015755946,0.8411975,0.69815093,TRUE,"Topic 0: percent, funds, target, committee, rate, federal"
1/29/2020,2020,1/29/2020,9,"In determining the timing and size of future adjustments to the target range for the federal funds rate, the Committee will assess realized and expected economic conditions relative to its maximum employment objective and its symmetric 2 percent inflation objective.","determining timing size future adjustments target range federal funds rate, Committee assess realized expected economic conditions relative maximum employment objective symmetric 2 percent inflation objective.",0,0.066867344,0.055046964,0.8780857,0.8112183,TRUE,"Topic 0: percent, funds, target, committee, rate, federal"
1/29/2020,2020,1/29/2020,10,"This assessment will take into account a wide range of information, including measures of labor market conditions, indicators of inflation pressures and inflation expectations, and readings on financial and international developments.","assessment take account wide range information, including measures labor market conditions, indicators inflation pressures inflation expectations, readings financial international developments.",5,0.06629161,0.016669849,0.9170385,0.85074687,TRUE,"Topic 5: assessment, wide, readings, international, account, pressures"
3/3/2020,2020,3/3/2020,0,The fundamentals of the U.S. economy remain strong.,fundamentals U.S. economy remain strong.,-1,0.8874535,0.013389844,0.09915661,-0.7882969,FALSE,Topic -1
3/3/2020,2020,3/3/2020,1,"However, the coronavirus poses evolving risks to economic activity.","However, coronavirus poses evolving risks economic activity.",39,0.057615463,0.7156868,0.22669771,0.16908225,FALSE,"Topic 39: poses, crisis, weigh, health, public, ongoing"
3/3/2020,2020,3/3/2020,2,"In light of these risks and in support of achieving its maximum employment and price stability goals, the Federal Open Market Committee decided today to lower the target range for the federal funds rate by 1/2 percentage point, to 1 to 1‑1/4 percent.","light risks support achieving maximum employment price stability goals, Federal Open Market Committee decided today lower target range federal funds rate 1/2 percentage point, 1 1‑1/4 percent.",0,0.034832813,0.75963175,0.2055355,0.1707027,FALSE,"Topic 0: percent, funds, target, committee, rate, federal"
3/3/2020,2020,3/3/2020,3,The Committee is closely monitoring developments and their implications for the economic outlook and will use its tools and act as appropriate to support the economy.,Committee closely monitoring developments implications economic outlook use tools act appropriate support economy.,0,0.3051245,0.011069364,0.6838061,0.37868163,TRUE,"Topic 0: percent, funds, target, committee, rate, federal"
3/15/2020,2020,3/15/2020,0,"The coronavirus outbreak has harmed communities and disrupted economic activity in many countries, including the United States.","coronavirus outbreak harmed communities disrupted economic activity many countries, including United States.",33,0.010307772,0.9496871,0.040005125,0.029697353,FALSE,"Topic 33: states, united, world, hardship, causing, tremendous"
3/15/2020,2020,3/15/2020,1,Global financial conditions have also been significantly affected.,Global financial conditions also significantly affected.,16,0.012961033,0.9601621,0.026876815,0.013915782,FALSE,"Topic 16: downside, strains, significant, risks, global, pose"
3/15/2020,2020,3/15/2020,2,Available economic data show that the U.S. economy came into this challenging period on a strong footing.,Available economic data show U.S. economy came challenging period strong footing.,-1,0.946314,0.025559373,0.028126635,-0.9181873,FALSE,Topic -1
3/15/2020,2020,3/15/2020,3,Information received since the Federal Open Market Committee met in January indicates that the labor market remained strong through February and economic activity rose at a moderate rate.,Information received since Federal Open Market Committee met January indicates labor market remained strong February economic activity rose moderate rate.,1,0.9510966,0.028279658,0.020623727,-0.93047285,FALSE,"Topic 1: gains, job, unemployment, received, met, open"
3/15/2020,2020,3/15/2020,4,"Job gains have been solid, on average, in recent months, and the unemployment rate has remained low.","Job gains solid, average, recent months, unemployment rate remained low.",1,0.17480998,0.799468,0.025722075,-0.1490879,FALSE,"Topic 1: gains, job, unemployment, received, met, open"
3/15/2020,2020,3/15/2020,5,"Although household spending rose at a moderate pace, business fixed investment and exports remained weak.","Although household spending rose moderate pace, business fixed investment exports remained weak.",3,0.030321345,0.9498098,0.019868826,-0.010452518,FALSE,"Topic 3: household, spending, fixed, business, investment, housing"
3/15/2020,2020,3/15/2020,6,"More recently, the energy sector has come under stress.","recently, energy sector come stress.",25,0.013964213,0.9391707,0.046865087,0.032900874,FALSE,"Topic 25: reflecting, prices, largely, oil, factors, commodities"
3/15/2020,2020,3/15/2020,7,"On a 12‑month basis, overall inflation and inflation for items other than food and energy are running below 2 percent.","12‑month basis, overall inflation inflation items food energy running 2 percent.",13,0.013571968,0.9022659,0.08416213,0.07059016,FALSE,"Topic 13: food, 12month, basis, items, overall, energy"
3/15/2020,2020,3/15/2020,8,Market-based measures of inflation compensation have declined; survey-based measures of longer-term inflation expectations are little changed.,Market-based measures inflation compensation declined; survey-based measures longer-term inflation expectations little changed.,37,0.011902546,0.9548526,0.03324483,0.021342285,FALSE,"Topic 37: measures, compensation, marketbased, surveybased, stable, longerterm"
3/15/2020,2020,3/15/2020,9,"Consistent with its statutory mandate, the Committee seeks to foster maximum employment and price stability.","Consistent statutory mandate, Committee seeks foster maximum employment price stability.",4,0.23863597,0.014581954,0.74678206,0.5081461,FALSE,"Topic 4: statutory, foster, seeks, mandate, stability, price"
3/15/2020,2020,3/15/2020,10,The effects of the coronavirus will weigh on economic activity in the near term and pose risks to the economic outlook.,effects coronavirus weigh economic activity near term pose risks economic outlook.,-1,0.032502662,0.83410084,0.13339657,0.1008939,TRUE,Topic -1
3/15/2020,2020,3/15/2020,11,"In light of these developments, the Committee decided to lower the target range for the federal funds rate to 0 to 1/4 percent.","light developments, Committee decided lower target range federal funds rate 0 1/4 percent.",0,0.0540097,0.5736974,0.37229288,0.31828317,FALSE,"Topic 0: percent, funds, target, committee, rate, federal"
3/15/2020,2020,3/15/2020,12,The Committee expects to maintain this target range until it is confident that the economy has weathered recent events and is on track to achieve its maximum employment and price stability goals.,Committee expects maintain target range confident economy weathered recent events track achieve maximum employment price stability goals.,0,0.92104876,0.01381193,0.0651394,-0.85590935,TRUE,"Topic 0: percent, funds, target, committee, rate, federal"
3/15/2020,2020,3/15/2020,13,"This action will help support economic activity, strong labor market conditions, and inflation returning to the Committee's symmetric 2 percent objective.","action help support economic activity, strong labor market conditions, inflation returning Committee's symmetric 2 percent objective.",0,0.92592925,0.012606863,0.061463833,-0.8644654,TRUE,"Topic 0: percent, funds, target, committee, rate, federal"
3/15/2020,2020,3/15/2020,14,"The Committee will continue to monitor the implications of incoming information for the economic outlook, including information related to public health, as well as global developments and muted inflation pressures, and will use its tools and act as appropriate to support the economy.","Committee continue monitor implications incoming information economic outlook, including information related public health, well global developments muted inflation pressures, use tools act appropriate support economy.",0,0.528388,0.012647105,0.45896482,-0.0694232,TRUE,"Topic 0: percent, funds, target, committee, rate, federal"
3/15/2020,2020,3/15/2020,15,"In determining the timing and size of future adjustments to the stance of monetary policy, the Committee will assess realized and expected economic conditions relative to its maximum employment objective and its symmetric 2 percent inflation objective.","determining timing size future adjustments stance monetary policy, Committee assess realized expected economic conditions relative maximum employment objective symmetric 2 percent inflation objective.",0,0.06506314,0.047049444,0.8878875,0.82282436,TRUE,"Topic 0: percent, funds, target, committee, rate, federal"
3/15/2020,2020,3/15/2020,16,"This assessment will take into account a wide range of information, including measures of labor market conditions, indicators of inflation pressures and inflation expectations, and readings on financial and international developments.","assessment take account wide range information, including measures labor market conditions, indicators inflation pressures inflation expectations, readings financial international developments.",5,0.06629161,0.016669849,0.9170385,0.85074687,TRUE,"Topic 5: assessment, wide, readings, international, account, pressures"
3/15/2020,2020,3/15/2020,17,The Federal Reserve is prepared to use its full range of tools to support the flow of credit to households and businesses and thereby promote its maximum employment and price stability goals.,Federal Reserve prepared use full range tools support flow credit households businesses thereby promote maximum employment price stability goals.,31,0.69523484,0.009314567,0.2954507,-0.39978415,FALSE,"Topic 31: using, promoting, challenging, committed, reserve, tools"
3/15/2020,2020,3/15/2020,18,"To support the smooth functioning of markets for Treasury securities and agency mortgage-backed securities that are central to the flow of credit to households and businesses, over coming months the Committee will increase its holdings of Treasury securities by at least $500 billion and its holdings of agency mortgage-backed securities by at least $200 billion.","support smooth functioning markets Treasury securities agency mortgage-backed securities central flow credit households businesses, coming months Committee increase holdings Treasury securities least $500 billion holdings agency mortgage-backed securities least $200 billion.",2,0.86360776,0.009095413,0.1272968,-0.73631096,TRUE,"Topic 2: agency, securities, mortgagebacked, treasury, principal, payments"
3/15/2020,2020,3/15/2020,19,The Committee will also reinvest all principal payments from the Federal Reserve's holdings of agency debt and agency mortgage-backed securities in agency mortgage-backed securities.,Committee also reinvest principal payments Federal Reserve's holdings agency debt agency mortgage-backed securities agency mortgage-backed securities.,2,0.04383959,0.015775304,0.94038516,0.8965456,TRUE,"Topic 2: agency, securities, mortgagebacked, treasury, principal, payments"
3/15/2020,2020,3/15/2020,20,"In addition, the Open Market Desk has recently expanded its overnight and term repurchase agreement operations.","addition, Open Market Desk recently expanded overnight term repurchase agreement operations.",2,0.9455097,0.010432345,0.04405805,-0.90145165,FALSE,"Topic 2: agency, securities, mortgagebacked, treasury, principal, payments"
3/15/2020,2020,3/15/2020,21,The Committee will continue to closely monitor market conditions and is prepared to adjust its plans as appropriate.,Committee continue closely monitor market conditions prepared adjust plans appropriate.,24,0.3359047,0.015726853,0.6483685,0.3124638,TRUE,"Topic 24: review, regularly, adjust, prepared, composition, size"
4/29/2020,2020,4/29/2020,0,"The Federal Reserve is committed to using its full range of tools to support the U.S. economy in this challenging time, thereby promoting its maximum employment and price stability goals.","Federal Reserve committed using full range tools support U.S. economy challenging time, thereby promoting maximum employment price stability goals.",31,0.7961118,0.010871854,0.19301635,-0.6030955,FALSE,"Topic 31: using, promoting, challenging, committed, reserve, tools"
4/29/2020,2020,4/29/2020,1,The coronavirus outbreak is causing tremendous human and economic hardship across the United States and around the world.,coronavirus outbreak causing tremendous human economic hardship across United States around world.,33,0.021495089,0.89177424,0.086730644,0.065235555,FALSE,"Topic 33: states, united, world, hardship, causing, tremendous"
4/29/2020,2020,4/29/2020,2,The virus and the measures taken to protect public health are inducing sharp declines in economic activity and a surge in job losses.,virus measures taken protect public health inducing sharp declines economic activity surge job losses.,33,0.011762091,0.97025,0.017987873,0.006225782,FALSE,"Topic 33: states, united, world, hardship, causing, tremendous"
4/29/2020,2020,4/29/2020,3,Weaker demand and significantly lower oil prices are holding down consumer price inflation.,Weaker demand significantly lower oil prices holding consumer price inflation.,-1,0.0234075,0.9511462,0.025446314,0.002038814,FALSE,Topic -1
4/29/2020,2020,4/29/2020,4,The disruptions to economic activity here and abroad have significantly affected financial conditions and have impaired the flow of credit to U.S. households and businesses.,disruptions economic activity abroad significantly affected financial conditions impaired flow credit U.S. households businesses.,35,0.009549832,0.9629713,0.027478844,0.017929012,FALSE,"Topic 35: hiring, tighter, weigh, disruptions, businesses, households"
4/29/2020,2020,4/29/2020,5,"The ongoing public health crisis will weigh heavily on economic activity, employment, and inflation in the near term, and poses considerable risks to the economic outlook over the medium term.","ongoing public health crisis weigh heavily economic activity, employment, inflation near term, poses considerable risks economic outlook medium term.",39,0.02562415,0.86213064,0.11224522,0.08662107,TRUE,"Topic 39: poses, crisis, weigh, health, public, ongoing"
4/29/2020,2020,4/29/2020,6,"In light of these developments, the Committee decided to maintain the target range for the federal funds rate at 0 to 1/4 percent.","light developments, Committee decided maintain target range federal funds rate 0 1/4 percent.",0,0.07460973,0.056470968,0.8689193,0.7943096,FALSE,"Topic 0: percent, funds, target, committee, rate, federal"
4/29/2020,2020,4/29/2020,7,The Committee expects to maintain this target range until it is confident that the economy has weathered recent events and is on track to achieve its maximum employment and price stability goals.,Committee expects maintain target range confident economy weathered recent events track achieve maximum employment price stability goals.,0,0.92104876,0.01381193,0.0651394,-0.85590935,TRUE,"Topic 0: percent, funds, target, committee, rate, federal"
4/29/2020,2020,4/29/2020,8,"The Committee will continue to monitor the implications of incoming information for the economic outlook, including information related to public health, as well as global developments and muted inflation pressures, and will use its tools and act as appropriate to support the economy.","Committee continue monitor implications incoming information economic outlook, including information related public health, well global developments muted inflation pressures, use tools act appropriate support economy.",0,0.528388,0.012647105,0.45896482,-0.0694232,TRUE,"Topic 0: percent, funds, target, committee, rate, federal"
4/29/2020,2020,4/29/2020,9,"In determining the timing and size of future adjustments to the stance of monetary policy, the Committee will assess realized and expected economic conditions relative to its maximum employment objective and its symmetric 2 percent inflation objective.","determining timing size future adjustments stance monetary policy, Committee assess realized expected economic conditions relative maximum employment objective symmetric 2 percent inflation objective.",0,0.06506314,0.047049444,0.8878875,0.82282436,TRUE,"Topic 0: percent, funds, target, committee, rate, federal"
4/29/2020,2020,4/29/2020,10,"This assessment will take into account a wide range of information, including measures of labor market conditions, indicators of inflation pressures and inflation expectations, and readings on financial and international developments.","assessment take account wide range information, including measures labor market conditions, indicators inflation pressures inflation expectations, readings financial international developments.",5,0.06629161,0.016669849,0.9170385,0.85074687,TRUE,"Topic 5: assessment, wide, readings, international, account, pressures"
4/29/2020,2020,4/29/2020,11,"To support the flow of credit to households and businesses, the Federal Reserve will continue to purchase Treasury securities and agency residential and commercial mortgage-backed securities in the amounts needed to support smooth market functioning, thereby fostering effective transmission of monetary policy to broader financial conditions.","support flow credit households businesses, Federal Reserve continue purchase Treasury securities agency residential commercial mortgage-backed securities amounts needed support smooth market functioning, thereby fostering effective transmission monetary policy broader financial conditions.",2,0.6902106,0.009635739,0.30015373,-0.39005685,TRUE,"Topic 2: agency, securities, mortgagebacked, treasury, principal, payments"
4/29/2020,2020,4/29/2020,12,"In addition, the Open Market Desk will continue to offer large-scale overnight and term repurchase agreement operations.","addition, Open Market Desk continue offer large-scale overnight term repurchase agreement operations.",2,0.2016381,0.0074752,0.7908867,0.5892486,TRUE,"Topic 2: agency, securities, mortgagebacked, treasury, principal, payments"
4/29/2020,2020,4/29/2020,13,The Committee will closely monitor market conditions and is prepared to adjust its plans as appropriate.,Committee closely monitor market conditions prepared adjust plans appropriate.,24,0.11101186,0.014262405,0.87472576,0.7637139,TRUE,"Topic 24: review, regularly, adjust, prepared, composition, size"
6/10/2020,2020,6/10/2020,0,"The Federal Reserve is committed to using its full range of tools to support the U.S. economy in this challenging time, thereby promoting its maximum employment and price stability goals.","Federal Reserve committed using full range tools support U.S. economy challenging time, thereby promoting maximum employment price stability goals.",31,0.7961118,0.010871854,0.19301635,-0.6030955,FALSE,"Topic 31: using, promoting, challenging, committed, reserve, tools"
6/10/2020,2020,6/10/2020,1,The coronavirus outbreak is causing tremendous human and economic hardship across the United States and around the world.,coronavirus outbreak causing tremendous human economic hardship across United States around world.,33,0.021495089,0.89177424,0.086730644,0.065235555,FALSE,"Topic 33: states, united, world, hardship, causing, tremendous"
6/10/2020,2020,6/10/2020,2,The virus and the measures taken to protect public health have induced sharp declines in economic activity and a surge in job losses.,virus measures taken protect public health induced sharp declines economic activity surge job losses.,33,0.012589479,0.9688746,0.01853591,0.005946431,FALSE,"Topic 33: states, united, world, hardship, causing, tremendous"
6/10/2020,2020,6/10/2020,3,Weaker demand and significantly lower oil prices are holding down consumer price inflation.,Weaker demand significantly lower oil prices holding consumer price inflation.,-1,0.0234075,0.9511462,0.025446314,0.002038814,FALSE,Topic -1
6/10/2020,2020,6/10/2020,4,"Financial conditions have improved, in part reflecting policy measures to support the economy and the flow of credit to U.S. households and businesses.","Financial conditions improved, part reflecting policy measures support economy flow credit U.S. households businesses.",18,0.95790654,0.016264334,0.025829079,-0.93207747,FALSE,"Topic 18: flow, businesses, households, credit, reflecting, overall"
6/10/2020,2020,6/10/2020,5,"The ongoing public health crisis will weigh heavily on economic activity, employment, and inflation in the near term, and poses considerable risks to the economic outlook over the medium term.","ongoing public health crisis weigh heavily economic activity, employment, inflation near term, poses considerable risks economic outlook medium term.",39,0.02562415,0.86213064,0.11224522,0.08662107,TRUE,"Topic 39: poses, crisis, weigh, health, public, ongoing"
6/10/2020,2020,6/10/2020,6,"In light of these developments, the Committee decided to maintain the target range for the federal funds rate at 0 to 1/4 percent.","light developments, Committee decided maintain target range federal funds rate 0 1/4 percent.",0,0.07460973,0.056470968,0.8689193,0.7943096,FALSE,"Topic 0: percent, funds, target, committee, rate, federal"
6/10/2020,2020,6/10/2020,7,The Committee expects to maintain this target range until it is confident that the economy has weathered recent events and is on track to achieve its maximum employment and price stability goals.,Committee expects maintain target range confident economy weathered recent events track achieve maximum employment price stability goals.,0,0.92104876,0.01381193,0.0651394,-0.85590935,TRUE,"Topic 0: percent, funds, target, committee, rate, federal"
6/10/2020,2020,6/10/2020,8,"The Committee will continue to monitor the implications of incoming information for the economic outlook, including information related to public health, as well as global developments and muted inflation pressures, and will use its tools and act as appropriate to support the economy.","Committee continue monitor implications incoming information economic outlook, including information related public health, well global developments muted inflation pressures, use tools act appropriate support economy.",0,0.528388,0.012647105,0.45896482,-0.0694232,TRUE,"Topic 0: percent, funds, target, committee, rate, federal"
6/10/2020,2020,6/10/2020,9,"In determining the timing and size of future adjustments to the stance of monetary policy, the Committee will assess realized and expected economic conditions relative to its maximum employment objective and its symmetric 2 percent inflation objective.","determining timing size future adjustments stance monetary policy, Committee assess realized expected economic conditions relative maximum employment objective symmetric 2 percent inflation objective.",0,0.06506314,0.047049444,0.8878875,0.82282436,TRUE,"Topic 0: percent, funds, target, committee, rate, federal"
6/10/2020,2020,6/10/2020,10,"This assessment will take into account a wide range of information, including measures of labor market conditions, indicators of inflation pressures and inflation expectations, and readings on financial and international developments.","assessment take account wide range information, including measures labor market conditions, indicators inflation pressures inflation expectations, readings financial international developments.",5,0.06629161,0.016669849,0.9170385,0.85074687,TRUE,"Topic 5: assessment, wide, readings, international, account, pressures"
6/10/2020,2020,6/10/2020,11,"To support the flow of credit to households and businesses, over coming months the Federal Reserve will increase its holdings of Treasury securities and agency residential and commercial mortgage-backed securities at least at the current pace to sustain smooth market functioning, thereby fostering effective transmission of monetary policy to broader financial conditions.","support flow credit households businesses, coming months Federal Reserve increase holdings Treasury securities agency residential commercial mortgage-backed securities least current pace sustain smooth market functioning, thereby fostering effective transmission monetary policy broader financial conditions.",2,0.8617256,0.009210531,0.12906383,-0.7326618,TRUE,"Topic 2: agency, securities, mortgagebacked, treasury, principal, payments"
6/10/2020,2020,6/10/2020,12,"In addition, the Open Market Desk will continue to offer large-scale overnight and term repurchase agreement operations.","addition, Open Market Desk continue offer large-scale overnight term repurchase agreement operations.",2,0.2016381,0.0074752,0.7908867,0.5892486,TRUE,"Topic 2: agency, securities, mortgagebacked, treasury, principal, payments"
6/10/2020,2020,6/10/2020,13,The Committee will closely monitor developments and is prepared to adjust its plans as appropriate.,Committee closely monitor developments prepared adjust plans appropriate.,24,0.08981982,0.015470021,0.8947101,0.8048903,TRUE,"Topic 24: review, regularly, adjust, prepared, composition, size"
7/29/2020,2020,7/29/2020,0,"The Federal Reserve is committed to using its full range of tools to support the U.S. economy in this challenging time, thereby promoting its maximum employment and price stability goals.","Federal Reserve committed using full range tools support U.S. economy challenging time, thereby promoting maximum employment price stability goals.",31,0.7961118,0.010871854,0.19301635,-0.6030955,FALSE,"Topic 31: using, promoting, challenging, committed, reserve, tools"
7/29/2020,2020,7/29/2020,1,The coronavirus outbreak is causing tremendous human and economic hardship across the United States and around the world.,coronavirus outbreak causing tremendous human economic hardship across United States around world.,33,0.021495089,0.89177424,0.086730644,0.065235555,FALSE,"Topic 33: states, united, world, hardship, causing, tremendous"
7/29/2020,2020,7/29/2020,2,"Following sharp declines, economic activity and employment have picked up somewhat in recent months but remain well below their levels at the beginning of the year.","Following sharp declines, economic activity employment picked somewhat recent months remain well levels beginning year.",1,0.025357839,0.9520099,0.022632249,-0.00272559,FALSE,"Topic 1: gains, job, unemployment, received, met, open"
7/29/2020,2020,7/29/2020,3,Weaker demand and significantly lower oil prices are holding down consumer price inflation.,Weaker demand significantly lower oil prices holding consumer price inflation.,-1,0.0234075,0.9511462,0.025446314,0.002038814,FALSE,Topic -1
7/29/2020,2020,7/29/2020,4,"Overall financial conditions have improved in recent months, in part reflecting policy measures to support the economy and the flow of credit to U.S. households and businesses.","Overall financial conditions improved recent months, part reflecting policy measures support economy flow credit U.S. households businesses.",18,0.9582536,0.018152481,0.023593897,-0.9346597,FALSE,"Topic 18: flow, businesses, households, credit, reflecting, overall"
7/29/2020,2020,7/29/2020,5,The path of the economy will depend significantly on the course of the virus.,path economy depend significantly course virus.,34,0.031530492,0.033036068,0.93543345,0.90390295,TRUE,"Topic 34: virus, course, depend, path, significantly, economy"
7/29/2020,2020,7/29/2020,6,"The ongoing public health crisis will weigh heavily on economic activity, employment, and inflation in the near term, and poses considerable risks to the economic outlook over the medium term.","ongoing public health crisis weigh heavily economic activity, employment, inflation near term, poses considerable risks economic outlook medium term.",39,0.02562415,0.86213064,0.11224522,0.08662107,TRUE,"Topic 39: poses, crisis, weigh, health, public, ongoing"
7/29/2020,2020,7/29/2020,7,"In light of these developments, the Committee decided to maintain the target range for the federal funds rate at 0 to 1/4 percent.","light developments, Committee decided maintain target range federal funds rate 0 1/4 percent.",0,0.07460973,0.056470968,0.8689193,0.7943096,FALSE,"Topic 0: percent, funds, target, committee, rate, federal"
7/29/2020,2020,7/29/2020,8,The Committee expects to maintain this target range until it is confident that the economy has weathered recent events and is on track to achieve its maximum employment and price stability goals.,Committee expects maintain target range confident economy weathered recent events track achieve maximum employment price stability goals.,0,0.92104876,0.01381193,0.0651394,-0.85590935,TRUE,"Topic 0: percent, funds, target, committee, rate, federal"
7/29/2020,2020,7/29/2020,9,"The Committee will continue to monitor the implications of incoming information for the economic outlook, including information related to public health, as well as global developments and muted inflation pressures, and will use its tools and act as appropriate to support the economy.","Committee continue monitor implications incoming information economic outlook, including information related public health, well global developments muted inflation pressures, use tools act appropriate support economy.",0,0.528388,0.012647105,0.45896482,-0.0694232,TRUE,"Topic 0: percent, funds, target, committee, rate, federal"
7/29/2020,2020,7/29/2020,10,"In determining the timing and size of future adjustments to the stance of monetary policy, the Committee will assess realized and expected economic conditions relative to its maximum employment objective and its symmetric 2 percent inflation objective.","determining timing size future adjustments stance monetary policy, Committee assess realized expected economic conditions relative maximum employment objective symmetric 2 percent inflation objective.",0,0.06506314,0.047049444,0.8878875,0.82282436,TRUE,"Topic 0: percent, funds, target, committee, rate, federal"
7/29/2020,2020,7/29/2020,11,"This assessment will take into account a wide range of information, including measures of labor market conditions, indicators of inflation pressures and inflation expectations, and readings on financial and international developments.","assessment take account wide range information, including measures labor market conditions, indicators inflation pressures inflation expectations, readings financial international developments.",5,0.06629161,0.016669849,0.9170385,0.85074687,TRUE,"Topic 5: assessment, wide, readings, international, account, pressures"
7/29/2020,2020,7/29/2020,12,"To support the flow of credit to households and businesses, over coming months the Federal Reserve will increase its holdings of Treasury securities and agency residential and commercial mortgage-backed securities at least at the current pace to sustain smooth market functioning, thereby fostering effective transmission of monetary policy to broader financial conditions.","support flow credit households businesses, coming months Federal Reserve increase holdings Treasury securities agency residential commercial mortgage-backed securities least current pace sustain smooth market functioning, thereby fostering effective transmission monetary policy broader financial conditions.",2,0.8617256,0.009210531,0.12906383,-0.7326618,TRUE,"Topic 2: agency, securities, mortgagebacked, treasury, principal, payments"
7/29/2020,2020,7/29/2020,13,"In addition, the Open Market Desk will continue to offer large-scale overnight and term repurchase agreement operations.","addition, Open Market Desk continue offer large-scale overnight term repurchase agreement operations.",2,0.2016381,0.0074752,0.7908867,0.5892486,TRUE,"Topic 2: agency, securities, mortgagebacked, treasury, principal, payments"
7/29/2020,2020,7/29/2020,14,The Committee will closely monitor developments and is prepared to adjust its plans as appropriate.,Committee closely monitor developments prepared adjust plans appropriate.,24,0.08981982,0.015470021,0.8947101,0.8048903,TRUE,"Topic 24: review, regularly, adjust, prepared, composition, size"
9/16/2020,2020,9/16/2020,0,"The Federal Reserve is committed to using its full range of tools to support the U.S. economy in this challenging time, thereby promoting its maximum employment and price stability goals.","Federal Reserve committed using full range tools support U.S. economy challenging time, thereby promoting maximum employment price stability goals.",31,0.7961118,0.010871854,0.19301635,-0.6030955,FALSE,"Topic 31: using, promoting, challenging, committed, reserve, tools"
9/16/2020,2020,9/16/2020,1,The COVID-19 pandemic is causing tremendous human and economic hardship across the United States and around the world.,COVID-19 pandemic causing tremendous human economic hardship across United States around world.,33,0.019323092,0.9085952,0.07208176,0.052758668,FALSE,"Topic 33: states, united, world, hardship, causing, tremendous"
9/16/2020,2020,9/16/2020,2,Economic activity and employment have picked up in recent months but remain well below their levels at the beginning of the year.,Economic activity employment picked recent months remain well levels beginning year.,1,0.02326647,0.953996,0.022737503,-0.000528967,FALSE,"Topic 1: gains, job, unemployment, received, met, open"
9/16/2020,2020,9/16/2020,3,Weaker demand and significantly lower oil prices are holding down consumer price inflation.,Weaker demand significantly lower oil prices holding consumer price inflation.,-1,0.0234075,0.9511462,0.025446314,0.002038814,FALSE,Topic -1
9/16/2020,2020,9/16/2020,4,"Overall financial conditions have improved in recent months, in part reflecting policy measures to support the economy and the flow of credit to U.S. households and businesses.","Overall financial conditions improved recent months, part reflecting policy measures support economy flow credit U.S. households businesses.",18,0.9582536,0.018152481,0.023593897,-0.9346597,FALSE,"Topic 18: flow, businesses, households, credit, reflecting, overall"
9/16/2020,2020,9/16/2020,5,The path of the economy will depend significantly on the course of the virus.,path economy depend significantly course virus.,34,0.031530492,0.033036068,0.93543345,0.90390295,TRUE,"Topic 34: virus, course, depend, path, significantly, economy"
9/16/2020,2020,9/16/2020,6,"The ongoing public health crisis will continue to weigh on economic activity, employment, and inflation in the near term, and poses considerable risks to the economic outlook over the medium term.","ongoing public health crisis continue weigh economic activity, employment, inflation near term, poses considerable risks economic outlook medium term.",39,0.025687523,0.87825143,0.096061,0.070373476,TRUE,"Topic 39: poses, crisis, weigh, health, public, ongoing"
9/16/2020,2020,9/16/2020,7,The Committee seeks to achieve maximum employment and inflation at the rate of 2 percent over the longer run.,Committee seeks achieve maximum employment inflation rate 2 percent longer run.,10,0.19483128,0.015096758,0.79007196,0.5952407,FALSE,"Topic 10: achieve, longer, seeks, run, maximum, employment"
9/16/2020,2020,9/16/2020,8,"With inflation running persistently below this longer-run goal, the Committee will aim to achieve inflation moderately above 2 percent for some time so that inflation averages 2 percent over time and longer-term inflation expectations remain well anchored at 2 percent.","inflation running persistently longer-run goal, Committee aim achieve inflation moderately 2 percent time inflation averages 2 percent time longer-term inflation expectations remain well anchored 2 percent.",0,0.67143136,0.07836084,0.25020784,-0.42122352,TRUE,"Topic 0: percent, funds, target, committee, rate, federal"
9/16/2020,2020,9/16/2020,9,The Committee expects to maintain an accommodative stance of monetary policy until these outcomes are achieved.,Committee expects maintain accommodative stance monetary policy outcomes achieved.,0,0.56909925,0.011106918,0.41979378,-0.14930546,TRUE,"Topic 0: percent, funds, target, committee, rate, federal"
9/16/2020,2020,9/16/2020,10,The Committee decided to keep the target range for the federal funds rate at 0 to 1/4 percent and expects it will be appropriate to maintain this target range until labor market conditions have reached levels consistent with the Committee's assessments of maximum employment and inflation has risen to 2 percent and is on track to moderately exceed 2 percent for some time.,Committee decided keep target range federal funds rate 0 1/4 percent expects appropriate maintain target range labor market conditions reached levels consistent Committee's assessments maximum employment inflation risen 2 percent track moderately exceed 2 percent time.,0,0.88575965,0.023307092,0.09093325,-0.7948264,TRUE,"Topic 0: percent, funds, target, committee, rate, federal"
9/16/2020,2020,9/16/2020,11,"In addition, over coming months the Federal Reserve will increase its holdings of Treasury securities and agency mortgage-backed securities at least at the current pace to sustain smooth market functioning and help foster accommodative financial conditions, thereby supporting the flow of credit to households and businesses.","addition, coming months Federal Reserve increase holdings Treasury securities agency mortgage-backed securities least current pace sustain smooth market functioning help foster accommodative financial conditions, thereby supporting flow credit households businesses.",2,0.8865027,0.009504973,0.10399225,-0.7825104,TRUE,"Topic 2: agency, securities, mortgagebacked, treasury, principal, payments"
9/16/2020,2020,9/16/2020,12,"In assessing the appropriate stance of monetary policy, the Committee will continue to monitor the implications of incoming information for the economic outlook.","assessing appropriate stance monetary policy, Committee continue monitor implications incoming information economic outlook.",0,0.10227403,0.015938014,0.881788,0.77951396,TRUE,"Topic 0: percent, funds, target, committee, rate, federal"
9/16/2020,2020,9/16/2020,13,The Committee would be prepared to adjust the stance of monetary policy as appropriate if risks emerge that could impede the attainment of the Committee's goals.,Committee would prepared adjust stance monetary policy appropriate risks emerge could impede attainment Committee's goals.,9,0.04147743,0.19930433,0.7592182,0.7177408,TRUE,"Topic 9: impede, emerge, attainment, adjust, prepared, goals"
9/16/2020,2020,9/16/2020,14,"The Committee's assessments will take into account a wide range of information, including readings on public health, labor market conditions, inflation pressures and inflation expectations, and financial and international developments.","Committee's assessments take account wide range information, including readings public health, labor market conditions, inflation pressures inflation expectations, financial international developments.",11,0.07091407,0.014915818,0.91417015,0.84325606,TRUE,"Topic 11: assessments, international, wide, readings, public, health"
11/5/2020,2020,11/5/2020,0,"The Federal Reserve is committed to using its full range of tools to support the U.S. economy in this challenging time, thereby promoting its maximum employment and price stability goals.","Federal Reserve committed using full range tools support U.S. economy challenging time, thereby promoting maximum employment price stability goals.",31,0.7961118,0.010871854,0.19301635,-0.6030955,FALSE,"Topic 31: using, promoting, challenging, committed, reserve, tools"
11/5/2020,2020,11/5/2020,1,The COVID-19 pandemic is causing tremendous human and economic hardship across the United States and around the world.,COVID-19 pandemic causing tremendous human economic hardship across United States around world.,33,0.019323092,0.9085952,0.07208176,0.052758668,FALSE,"Topic 33: states, united, world, hardship, causing, tremendous"
11/5/2020,2020,11/5/2020,2,Economic activity and employment have continued to recover but remain well below their levels at the beginning of the year.,Economic activity employment continued recover remain well levels beginning year.,1,0.019266559,0.961873,0.01886048,-0.000406079,FALSE,"Topic 1: gains, job, unemployment, received, met, open"
11/5/2020,2020,11/5/2020,3,Weaker demand and earlier declines in oil prices have been holding down consumer price inflation.,Weaker demand earlier declines oil prices holding consumer price inflation.,-1,0.022446513,0.9511434,0.02641008,0.003963567,FALSE,Topic -1
11/5/2020,2020,11/5/2020,4,"Overall financial conditions remain accommodative, in part reflecting policy measures to support the economy and the flow of credit to U.S. households and businesses.","Overall financial conditions remain accommodative, part reflecting policy measures support economy flow credit U.S. households businesses.",18,0.9180974,0.029959379,0.05194327,-0.86615413,FALSE,"Topic 18: flow, businesses, households, credit, reflecting, overall"
11/5/2020,2020,11/5/2020,5,The path of the economy will depend significantly on the course of the virus.,path economy depend significantly course virus.,34,0.031530492,0.033036068,0.93543345,0.90390295,TRUE,"Topic 34: virus, course, depend, path, significantly, economy"
11/5/2020,2020,11/5/2020,6,"The ongoing public health crisis will continue to weigh on economic activity, employment, and inflation in the near term, and poses considerable risks to the economic outlook over the medium term.","ongoing public health crisis continue weigh economic activity, employment, inflation near term, poses considerable risks economic outlook medium term.",39,0.025687523,0.87825143,0.096061,0.070373476,TRUE,"Topic 39: poses, crisis, weigh, health, public, ongoing"
11/5/2020,2020,11/5/2020,7,The Committee seeks to achieve maximum employment and inflation at the rate of 2 percent over the longer run.,Committee seeks achieve maximum employment inflation rate 2 percent longer run.,10,0.19483128,0.015096758,0.79007196,0.5952407,FALSE,"Topic 10: achieve, longer, seeks, run, maximum, employment"
11/5/2020,2020,11/5/2020,8,"With inflation running persistently below this longer-run goal, the Committee will aim to achieve inflation moderately above 2 percent for some time so that inflation averages 2 percent over time and longer-term inflation expectations remain well anchored at 2 percent.","inflation running persistently longer-run goal, Committee aim achieve inflation moderately 2 percent time inflation averages 2 percent time longer-term inflation expectations remain well anchored 2 percent.",0,0.67143136,0.07836084,0.25020784,-0.42122352,TRUE,"Topic 0: percent, funds, target, committee, rate, federal"
11/5/2020,2020,11/5/2020,9,The Committee expects to maintain an accommodative stance of monetary policy until these outcomes are achieved.,Committee expects maintain accommodative stance monetary policy outcomes achieved.,0,0.56909925,0.011106918,0.41979378,-0.14930546,TRUE,"Topic 0: percent, funds, target, committee, rate, federal"
11/5/2020,2020,11/5/2020,10,The Committee decided to keep the target range for the federal funds rate at 0 to 1/4 percent and expects it will be appropriate to maintain this target range until labor market conditions have reached levels consistent with the Committee's assessments of maximum employment and inflation has risen to 2 percent and is on track to moderately exceed 2 percent for some time.,Committee decided keep target range federal funds rate 0 1/4 percent expects appropriate maintain target range labor market conditions reached levels consistent Committee's assessments maximum employment inflation risen 2 percent track moderately exceed 2 percent time.,0,0.88575965,0.023307092,0.09093325,-0.7948264,TRUE,"Topic 0: percent, funds, target, committee, rate, federal"
11/5/2020,2020,11/5/2020,11,"In addition, over coming months the Federal Reserve will increase its holdings of Treasury securities and agency mortgage-backed securities at least at the current pace to sustain smooth market functioning and help foster accommodative financial conditions, thereby supporting the flow of credit to households and businesses.","addition, coming months Federal Reserve increase holdings Treasury securities agency mortgage-backed securities least current pace sustain smooth market functioning help foster accommodative financial conditions, thereby supporting flow credit households businesses.",2,0.8865027,0.009504973,0.10399225,-0.7825104,TRUE,"Topic 2: agency, securities, mortgagebacked, treasury, principal, payments"
11/5/2020,2020,11/5/2020,12,"In assessing the appropriate stance of monetary policy, the Committee will continue to monitor the implications of incoming information for the economic outlook.","assessing appropriate stance monetary policy, Committee continue monitor implications incoming information economic outlook.",0,0.10227403,0.015938014,0.881788,0.77951396,TRUE,"Topic 0: percent, funds, target, committee, rate, federal"
11/5/2020,2020,11/5/2020,13,The Committee would be prepared to adjust the stance of monetary policy as appropriate if risks emerge that could impede the attainment of the Committee's goals.,Committee would prepared adjust stance monetary policy appropriate risks emerge could impede attainment Committee's goals.,9,0.04147743,0.19930433,0.7592182,0.7177408,TRUE,"Topic 9: impede, emerge, attainment, adjust, prepared, goals"
11/5/2020,2020,11/5/2020,14,"The Committee's assessments will take into account a wide range of information, including readings on public health, labor market conditions, inflation pressures and inflation expectations, and financial and international developments.","Committee's assessments take account wide range information, including readings public health, labor market conditions, inflation pressures inflation expectations, financial international developments.",11,0.07091407,0.014915818,0.91417015,0.84325606,TRUE,"Topic 11: assessments, international, wide, readings, public, health"
12/16/2020,2020,12/16/2020,0,"The Federal Reserve is committed to using its full range of tools to support the U.S. economy in this challenging time, thereby promoting its maximum employment and price stability goals.","Federal Reserve committed using full range tools support U.S. economy challenging time, thereby promoting maximum employment price stability goals.",31,0.7961118,0.010871854,0.19301635,-0.6030955,FALSE,"Topic 31: using, promoting, challenging, committed, reserve, tools"
12/16/2020,2020,12/16/2020,1,The COVID-19 pandemic is causing tremendous human and economic hardship across the United States and around the world.,COVID-19 pandemic causing tremendous human economic hardship across United States around world.,33,0.019323092,0.9085952,0.07208176,0.052758668,FALSE,"Topic 33: states, united, world, hardship, causing, tremendous"
12/16/2020,2020,12/16/2020,2,Economic activity and employment have continued to recover but remain well below their levels at the beginning of the year.,Economic activity employment continued recover remain well levels beginning year.,1,0.019266559,0.961873,0.01886048,-0.000406079,FALSE,"Topic 1: gains, job, unemployment, received, met, open"
12/16/2020,2020,12/16/2020,3,Weaker demand and earlier declines in oil prices have been holding down consumer price inflation.,Weaker demand earlier declines oil prices holding consumer price inflation.,-1,0.022446513,0.9511434,0.02641008,0.003963567,FALSE,Topic -1
12/16/2020,2020,12/16/2020,4,"Overall financial conditions remain accommodative, in part reflecting policy measures to support the economy and the flow of credit to U.S. households and businesses.","Overall financial conditions remain accommodative, part reflecting policy measures support economy flow credit U.S. households businesses.",18,0.9180974,0.029959379,0.05194327,-0.86615413,FALSE,"Topic 18: flow, businesses, households, credit, reflecting, overall"
12/16/2020,2020,12/16/2020,5,The path of the economy will depend significantly on the course of the virus.,path economy depend significantly course virus.,34,0.031530492,0.033036068,0.93543345,0.90390295,TRUE,"Topic 34: virus, course, depend, path, significantly, economy"
12/16/2020,2020,12/16/2020,6,"The ongoing public health crisis will continue to weigh on economic activity, employment, and inflation in the near term, and poses considerable risks to the economic outlook over the medium term.","ongoing public health crisis continue weigh economic activity, employment, inflation near term, poses considerable risks economic outlook medium term.",39,0.025687523,0.87825143,0.096061,0.070373476,TRUE,"Topic 39: poses, crisis, weigh, health, public, ongoing"
12/16/2020,2020,12/16/2020,7,The Committee seeks to achieve maximum employment and inflation at the rate of 2 percent over the longer run.,Committee seeks achieve maximum employment inflation rate 2 percent longer run.,10,0.19483128,0.015096758,0.79007196,0.5952407,FALSE,"Topic 10: achieve, longer, seeks, run, maximum, employment"
12/16/2020,2020,12/16/2020,8,"With inflation running persistently below this longer-run goal, the Committee will aim to achieve inflation moderately above 2 percent for some time so that inflation averages 2 percent over time and longer-term inflation expectations remain well anchored at 2 percent.","inflation running persistently longer-run goal, Committee aim achieve inflation moderately 2 percent time inflation averages 2 percent time longer-term inflation expectations remain well anchored 2 percent.",0,0.67143136,0.07836084,0.25020784,-0.42122352,TRUE,"Topic 0: percent, funds, target, committee, rate, federal"
12/16/2020,2020,12/16/2020,9,The Committee expects to maintain an accommodative stance of monetary policy until these outcomes are achieved.,Committee expects maintain accommodative stance monetary policy outcomes achieved.,0,0.56909925,0.011106918,0.41979378,-0.14930546,TRUE,"Topic 0: percent, funds, target, committee, rate, federal"
12/16/2020,2020,12/16/2020,10,The Committee decided to keep the target range for the federal funds rate at 0 to 1/4 percent and expects it will be appropriate to maintain this target range until labor market conditions have reached levels consistent with the Committee's assessments of maximum employment and inflation has risen to 2 percent and is on track to moderately exceed 2 percent for some time.,Committee decided keep target range federal funds rate 0 1/4 percent expects appropriate maintain target range labor market conditions reached levels consistent Committee's assessments maximum employment inflation risen 2 percent track moderately exceed 2 percent time.,0,0.88575965,0.023307092,0.09093325,-0.7948264,TRUE,"Topic 0: percent, funds, target, committee, rate, federal"
12/16/2020,2020,12/16/2020,11,"In addition, the Federal Reserve will continue to increase its holdings of Treasury securities by at least $80 billion per month and of agency mortgage-backed securities by at least $40 billion per month until substantial further progress has been made toward the Committee's maximum employment and price stability goals.","addition, Federal Reserve continue increase holdings Treasury securities least $80 billion per month agency mortgage-backed securities least $40 billion per month substantial progress made toward Committee's maximum employment price stability goals.",23,0.899707,0.012417069,0.08787597,-0.81183106,TRUE,"Topic 23: month, billion, add, holdings, 40, securities"
12/16/2020,2020,12/16/2020,12,"These asset purchases help foster smooth market functioning and accommodative financial conditions, thereby supporting the flow of credit to households and businesses.","asset purchases help foster smooth market functioning accommodative financial conditions, thereby supporting flow credit households businesses.",-1,0.8020486,0.007359717,0.19059166,-0.611457,FALSE,Topic -1
12/16/2020,2020,12/16/2020,13,"In assessing the appropriate stance of monetary policy, the Committee will continue to monitor the implications of incoming information for the economic outlook.","assessing appropriate stance monetary policy, Committee continue monitor implications incoming information economic outlook.",0,0.10227403,0.015938014,0.881788,0.77951396,TRUE,"Topic 0: percent, funds, target, committee, rate, federal"
12/16/2020,2020,12/16/2020,14,The Committee would be prepared to adjust the stance of monetary policy as appropriate if risks emerge that could impede the attainment of the Committee's goals.,Committee would prepared adjust stance monetary policy appropriate risks emerge could impede attainment Committee's goals.,9,0.04147743,0.19930433,0.7592182,0.7177408,TRUE,"Topic 9: impede, emerge, attainment, adjust, prepared, goals"
12/16/2020,2020,12/16/2020,15,"The Committee's assessments will take into account a wide range of information, including readings on public health, labor market conditions, inflation pressures and inflation expectations, and financial and international developments.","Committee's assessments take account wide range information, including readings public health, labor market conditions, inflation pressures inflation expectations, financial international developments.",11,0.07091407,0.014915818,0.91417015,0.84325606,TRUE,"Topic 11: assessments, international, wide, readings, public, health"
1/27/2021,2021,1/27/2021,0,"The Federal Reserve is committed to using its full range of tools to support the U.S. economy in this challenging time, thereby promoting its maximum employment and price stability goals.","Federal Reserve committed using full range tools support U.S. economy challenging time, thereby promoting maximum employment price stability goals.",31,0.7961118,0.010871854,0.19301635,-0.6030955,FALSE,"Topic 31: using, promoting, challenging, committed, reserve, tools"
1/27/2021,2021,1/27/2021,1,The COVID-19 pandemic is causing tremendous human and economic hardship across the United States and around the world.,COVID-19 pandemic causing tremendous human economic hardship across United States around world.,33,0.019323092,0.9085952,0.07208176,0.052758668,FALSE,"Topic 33: states, united, world, hardship, causing, tremendous"
1/27/2021,2021,1/27/2021,2,"The pace of the recovery in economic activity and employment has moderated in recent months, with weakness concentrated in the sectors most adversely affected by the pandemic.","pace recovery economic activity employment moderated recent months, weakness concentrated sectors adversely affected pandemic.",19,0.2950666,0.67926776,0.025665592,-0.269401,FALSE,"Topic 19: affected, vaccinations, adversely, sectors, pandemic, progress"
1/27/2021,2021,1/27/2021,3,Weaker demand and earlier declines in oil prices have been holding down consumer price inflation.,Weaker demand earlier declines oil prices holding consumer price inflation.,-1,0.022446513,0.9511434,0.02641008,0.003963567,FALSE,Topic -1
1/27/2021,2021,1/27/2021,4,"Overall financial conditions remain accommodative, in part reflecting policy measures to support the economy and the flow of credit to U.S. households and businesses.","Overall financial conditions remain accommodative, part reflecting policy measures support economy flow credit U.S. households businesses.",18,0.9180974,0.029959379,0.05194327,-0.86615413,FALSE,"Topic 18: flow, businesses, households, credit, reflecting, overall"
1/27/2021,2021,1/27/2021,5,"The path of the economy will depend significantly on the course of the virus, including progress on vaccinations.","path economy depend significantly course virus, including progress vaccinations.",34,0.083430246,0.017242404,0.89932734,0.8158971,TRUE,"Topic 34: virus, course, depend, path, significantly, economy"
1/27/2021,2021,1/27/2021,6,"The ongoing public health crisis continues to weigh on economic activity, employment, and inflation, and poses considerable risks to the economic outlook.","ongoing public health crisis continues weigh economic activity, employment, inflation, poses considerable risks economic outlook.",39,0.01835545,0.91704804,0.06459645,0.046241,FALSE,"Topic 39: poses, crisis, weigh, health, public, ongoing"
1/27/2021,2021,1/27/2021,7,The Committee seeks to achieve maximum employment and inflation at the rate of 2 percent over the longer run.,Committee seeks achieve maximum employment inflation rate 2 percent longer run.,10,0.19483128,0.015096758,0.79007196,0.5952407,FALSE,"Topic 10: achieve, longer, seeks, run, maximum, employment"
1/27/2021,2021,1/27/2021,8,"With inflation running persistently below this longer-run goal, the Committee will aim to achieve inflation moderately above 2 percent for some time so that inflation averages 2 percent over time and longer‑term inflation expectations remain well anchored at 2 percent.","inflation running persistently longer-run goal, Committee aim achieve inflation moderately 2 percent time inflation averages 2 percent time longer‑term inflation expectations remain well anchored 2 percent.",0,0.66418284,0.079916745,0.25590044,-0.4082824,TRUE,"Topic 0: percent, funds, target, committee, rate, federal"
1/27/2021,2021,1/27/2021,9,The Committee expects to maintain an accommodative stance of monetary policy until these outcomes are achieved.,Committee expects maintain accommodative stance monetary policy outcomes achieved.,0,0.56909925,0.011106918,0.41979378,-0.14930546,TRUE,"Topic 0: percent, funds, target, committee, rate, federal"
1/27/2021,2021,1/27/2021,10,The Committee decided to keep the target range for the federal funds rate at 0 to 1/4 percent and expects it will be appropriate to maintain this target range until labor market conditions have reached levels consistent with the Committee's assessments of maximum employment and inflation has risen to 2 percent and is on track to moderately exceed 2 percent for some time.,Committee decided keep target range federal funds rate 0 1/4 percent expects appropriate maintain target range labor market conditions reached levels consistent Committee's assessments maximum employment inflation risen 2 percent track moderately exceed 2 percent time.,0,0.88575965,0.023307092,0.09093325,-0.7948264,TRUE,"Topic 0: percent, funds, target, committee, rate, federal"
1/27/2021,2021,1/27/2021,11,"In addition, the Federal Reserve will continue to increase its holdings of Treasury securities by at least $80 billion per month and of agency mortgage‑backed securities by at least $40 billion per month until substantial further progress has been made toward the Committee's maximum employment and price stability goals.","addition, Federal Reserve continue increase holdings Treasury securities least $80 billion per month agency mortgage‑backed securities least $40 billion per month substantial progress made toward Committee's maximum employment price stability goals.",23,0.90004957,0.012520309,0.08743008,-0.8126195,TRUE,"Topic 23: month, billion, add, holdings, 40, securities"
1/27/2021,2021,1/27/2021,12,"These asset purchases help foster smooth market functioning and accommodative financial conditions, thereby supporting the flow of credit to households and businesses.","asset purchases help foster smooth market functioning accommodative financial conditions, thereby supporting flow credit households businesses.",-1,0.8020486,0.007359717,0.19059166,-0.611457,FALSE,Topic -1
1/27/2021,2021,1/27/2021,13,"In assessing the appropriate stance of monetary policy, the Committee will continue to monitor the implications of incoming information for the economic outlook.","assessing appropriate stance monetary policy, Committee continue monitor implications incoming information economic outlook.",0,0.10227403,0.015938014,0.881788,0.77951396,TRUE,"Topic 0: percent, funds, target, committee, rate, federal"
1/27/2021,2021,1/27/2021,14,The Committee would be prepared to adjust the stance of monetary policy as appropriate if risks emerge that could impede the attainment of the Committee's goals.,Committee would prepared adjust stance monetary policy appropriate risks emerge could impede attainment Committee's goals.,9,0.04147743,0.19930433,0.7592182,0.7177408,TRUE,"Topic 9: impede, emerge, attainment, adjust, prepared, goals"
1/27/2021,2021,1/27/2021,15,"The Committee's assessments will take into account a wide range of information, including readings on public health, labor market conditions, inflation pressures and inflation expectations, and financial and international developments.","Committee's assessments take account wide range information, including readings public health, labor market conditions, inflation pressures inflation expectations, financial international developments.",11,0.07091407,0.014915818,0.91417015,0.84325606,TRUE,"Topic 11: assessments, international, wide, readings, public, health"
3/17/2021,2021,3/17/2021,0,"The Federal Reserve is committed to using its full range of tools to support the U.S. economy in this challenging time, thereby promoting its maximum employment and price stability goals.","Federal Reserve committed using full range tools support U.S. economy challenging time, thereby promoting maximum employment price stability goals.",31,0.7961118,0.010871854,0.19301635,-0.6030955,FALSE,"Topic 31: using, promoting, challenging, committed, reserve, tools"
3/17/2021,2021,3/17/2021,1,The COVID-19 pandemic is causing tremendous human and economic hardship across the United States and around the world.,COVID-19 pandemic causing tremendous human economic hardship across United States around world.,33,0.019323092,0.9085952,0.07208176,0.052758668,FALSE,"Topic 33: states, united, world, hardship, causing, tremendous"
3/17/2021,2021,3/17/2021,2,"Following a moderation in the pace of the recovery, indicators of economic activity and employment have turned up recently, although the sectors most adversely affected by the pandemic remain weak.","Following moderation pace recovery, indicators economic activity employment turned recently, although sectors adversely affected pandemic remain weak.",19,0.7811598,0.19216497,0.02667517,-0.75448465,FALSE,"Topic 19: affected, vaccinations, adversely, sectors, pandemic, progress"
3/17/2021,2021,3/17/2021,3,Inflation continues to run below 2 percent.,Inflation continues run 2 percent.,13,0.020221137,0.8958971,0.083881766,0.06366063,FALSE,"Topic 13: food, 12month, basis, items, overall, energy"
3/17/2021,2021,3/17/2021,4,"Overall financial conditions remain accommodative, in part reflecting policy measures to support the economy and the flow of credit to U.S. households and businesses.","Overall financial conditions remain accommodative, part reflecting policy measures support economy flow credit U.S. households businesses.",18,0.9180974,0.029959379,0.05194327,-0.86615413,FALSE,"Topic 18: flow, businesses, households, credit, reflecting, overall"
3/17/2021,2021,3/17/2021,5,"The path of the economy will depend significantly on the course of the virus, including progress on vaccinations.","path economy depend significantly course virus, including progress vaccinations.",34,0.083430246,0.017242404,0.89932734,0.8158971,TRUE,"Topic 34: virus, course, depend, path, significantly, economy"
3/17/2021,2021,3/17/2021,6,"The ongoing public health crisis continues to weigh on economic activity, employment, and inflation, and poses considerable risks to the economic outlook.","ongoing public health crisis continues weigh economic activity, employment, inflation, poses considerable risks economic outlook.",39,0.01835545,0.91704804,0.06459645,0.046241,FALSE,"Topic 39: poses, crisis, weigh, health, public, ongoing"
3/17/2021,2021,3/17/2021,7,The Committee seeks to achieve maximum employment and inflation at the rate of 2 percent over the longer run.,Committee seeks achieve maximum employment inflation rate 2 percent longer run.,10,0.19483128,0.015096758,0.79007196,0.5952407,FALSE,"Topic 10: achieve, longer, seeks, run, maximum, employment"
3/17/2021,2021,3/17/2021,8,"With inflation running persistently below this longer-run goal, the Committee will aim to achieve inflation moderately above 2 percent for some time so that inflation averages 2 percent over time and longer‑term inflation expectations remain well anchored at 2 percent.","inflation running persistently longer-run goal, Committee aim achieve inflation moderately 2 percent time inflation averages 2 percent time longer‑term inflation expectations remain well anchored 2 percent.",0,0.66418284,0.079916745,0.25590044,-0.4082824,TRUE,"Topic 0: percent, funds, target, committee, rate, federal"
3/17/2021,2021,3/17/2021,9,The Committee expects to maintain an accommodative stance of monetary policy until these outcomes are achieved.,Committee expects maintain accommodative stance monetary policy outcomes achieved.,0,0.56909925,0.011106918,0.41979378,-0.14930546,TRUE,"Topic 0: percent, funds, target, committee, rate, federal"
3/17/2021,2021,3/17/2021,10,The Committee decided to keep the target range for the federal funds rate at 0 to 1/4 percent and expects it will be appropriate to maintain this target range until labor market conditions have reached levels consistent with the Committee's assessments of maximum employment and inflation has risen to 2 percent and is on track to moderately exceed 2 percent for some time.,Committee decided keep target range federal funds rate 0 1/4 percent expects appropriate maintain target range labor market conditions reached levels consistent Committee's assessments maximum employment inflation risen 2 percent track moderately exceed 2 percent time.,0,0.88575965,0.023307092,0.09093325,-0.7948264,TRUE,"Topic 0: percent, funds, target, committee, rate, federal"
3/17/2021,2021,3/17/2021,11,"In addition, the Federal Reserve will continue to increase its holdings of Treasury securities by at least $80 billion per month and of agency mortgage‑backed securities by at least $40 billion per month until substantial further progress has been made toward the Committee's maximum employment and price stability goals.","addition, Federal Reserve continue increase holdings Treasury securities least $80 billion per month agency mortgage‑backed securities least $40 billion per month substantial progress made toward Committee's maximum employment price stability goals.",23,0.90004957,0.012520309,0.08743008,-0.8126195,TRUE,"Topic 23: month, billion, add, holdings, 40, securities"
3/17/2021,2021,3/17/2021,12,"These asset purchases help foster smooth market functioning and accommodative financial conditions, thereby supporting the flow of credit to households and businesses.","asset purchases help foster smooth market functioning accommodative financial conditions, thereby supporting flow credit households businesses.",2,0.8020486,0.007359717,0.19059166,-0.611457,FALSE,"Topic 2: agency, securities, mortgagebacked, treasury, principal, payments"
3/17/2021,2021,3/17/2021,13,"In assessing the appropriate stance of monetary policy, the Committee will continue to monitor the implications of incoming information for the economic outlook.","assessing appropriate stance monetary policy, Committee continue monitor implications incoming information economic outlook.",0,0.10227403,0.015938014,0.881788,0.77951396,TRUE,"Topic 0: percent, funds, target, committee, rate, federal"
3/17/2021,2021,3/17/2021,14,The Committee would be prepared to adjust the stance of monetary policy as appropriate if risks emerge that could impede the attainment of the Committee's goals.,Committee would prepared adjust stance monetary policy appropriate risks emerge could impede attainment Committee's goals.,9,0.04147743,0.19930433,0.7592182,0.7177408,TRUE,"Topic 9: impede, emerge, attainment, adjust, prepared, goals"
3/17/2021,2021,3/17/2021,15,"The Committee's assessments will take into account a wide range of information, including readings on public health, labor market conditions, inflation pressures and inflation expectations, and financial and international developments.","Committee's assessments take account wide range information, including readings public health, labor market conditions, inflation pressures inflation expectations, financial international developments.",11,0.07091407,0.014915818,0.91417015,0.84325606,TRUE,"Topic 11: assessments, international, wide, readings, public, health"
4/28/2021,2021,4/28/2021,0,"The Federal Reserve is committed to using its full range of tools to support the U.S. economy in this challenging time, thereby promoting its maximum employment and price stability goals.","Federal Reserve committed using full range tools support U.S. economy challenging time, thereby promoting maximum employment price stability goals.",31,0.7961118,0.010871854,0.19301635,-0.6030955,FALSE,"Topic 31: using, promoting, challenging, committed, reserve, tools"
4/28/2021,2021,4/28/2021,1,The COVID-19 pandemic is causing tremendous human and economic hardship across the United States and around the world.,COVID-19 pandemic causing tremendous human economic hardship across United States around world.,33,0.019323092,0.9085952,0.07208176,0.052758668,FALSE,"Topic 33: states, united, world, hardship, causing, tremendous"
4/28/2021,2021,4/28/2021,2,"Amid progress on vaccinations and strong policy support, indicators of economic activity and employment have strengthened.","Amid progress vaccinations strong policy support, indicators economic activity employment strengthened.",19,0.9551161,0.026984848,0.017899074,-0.937217,FALSE,"Topic 19: affected, vaccinations, adversely, sectors, pandemic, progress"
4/28/2021,2021,4/28/2021,3,The sectors most adversely affected by the pandemic remain weak but have shown improvement.,sectors adversely affected pandemic remain weak shown improvement.,19,0.9164205,0.066695735,0.016883885,-0.8995366,FALSE,"Topic 19: affected, vaccinations, adversely, sectors, pandemic, progress"
4/28/2021,2021,4/28/2021,4,"Inflation has risen, largely reflecting transitory factors.","Inflation risen, largely reflecting transitory factors.",25,0.9372695,0.041807517,0.020922968,-0.91634655,FALSE,"Topic 25: reflecting, prices, largely, oil, factors, commodities"
4/28/2021,2021,4/28/2021,5,"Overall financial conditions remain accommodative, in part reflecting policy measures to support the economy and the flow of credit to U.S. households and businesses.","Overall financial conditions remain accommodative, part reflecting policy measures support economy flow credit U.S. households businesses.",18,0.9180974,0.029959379,0.05194327,-0.86615413,FALSE,"Topic 18: flow, businesses, households, credit, reflecting, overall"
4/28/2021,2021,4/28/2021,6,"The path of the economy will depend significantly on the course of the virus, including progress on vaccinations.","path economy depend significantly course virus, including progress vaccinations.",34,0.083430246,0.017242404,0.89932734,0.8158971,TRUE,"Topic 34: virus, course, depend, path, significantly, economy"
4/28/2021,2021,4/28/2021,7,"The ongoing public health crisis continues to weigh on the economy, and risks to the economic outlook remain.","ongoing public health crisis continues weigh economy, risks economic outlook remain.",39,0.018148942,0.94813573,0.033715434,0.015566492,FALSE,"Topic 39: poses, crisis, weigh, health, public, ongoing"
4/28/2021,2021,4/28/2021,8,The Committee seeks to achieve maximum employment and inflation at the rate of 2 percent over the longer run.,Committee seeks achieve maximum employment inflation rate 2 percent longer run.,10,0.19483128,0.015096758,0.79007196,0.5952407,FALSE,"Topic 10: achieve, longer, seeks, run, maximum, employment"
4/28/2021,2021,4/28/2021,9,"With inflation running persistently below this longer-run goal, the Committee will aim to achieve inflation moderately above 2 percent for some time so that inflation averages 2 percent over time and longer‑term inflation expectations remain well anchored at 2 percent.","inflation running persistently longer-run goal, Committee aim achieve inflation moderately 2 percent time inflation averages 2 percent time longer‑term inflation expectations remain well anchored 2 percent.",0,0.66418284,0.079916745,0.25590044,-0.4082824,TRUE,"Topic 0: percent, funds, target, committee, rate, federal"
4/28/2021,2021,4/28/2021,10,The Committee expects to maintain an accommodative stance of monetary policy until these outcomes are achieved.,Committee expects maintain accommodative stance monetary policy outcomes achieved.,0,0.56909925,0.011106918,0.41979378,-0.14930546,TRUE,"Topic 0: percent, funds, target, committee, rate, federal"
4/28/2021,2021,4/28/2021,11,The Committee decided to keep the target range for the federal funds rate at 0 to 1/4 percent and expects it will be appropriate to maintain this target range until labor market conditions have reached levels consistent with the Committee's assessments of maximum employment and inflation has risen to 2 percent and is on track to moderately exceed 2 percent for some time.,Committee decided keep target range federal funds rate 0 1/4 percent expects appropriate maintain target range labor market conditions reached levels consistent Committee's assessments maximum employment inflation risen 2 percent track moderately exceed 2 percent time.,0,0.88575965,0.023307092,0.09093325,-0.7948264,TRUE,"Topic 0: percent, funds, target, committee, rate, federal"
4/28/2021,2021,4/28/2021,12,"In addition, the Federal Reserve will continue to increase its holdings of Treasury securities by at least $80 billion per month and of agency mortgage‑backed securities by at least $40 billion per month until substantial further progress has been made toward the Committee's maximum employment and price stability goals.","addition, Federal Reserve continue increase holdings Treasury securities least $80 billion per month agency mortgage‑backed securities least $40 billion per month substantial progress made toward Committee's maximum employment price stability goals.",23,0.90004957,0.012520309,0.08743008,-0.8126195,TRUE,"Topic 23: month, billion, add, holdings, 40, securities"
4/28/2021,2021,4/28/2021,13,"These asset purchases help foster smooth market functioning and accommodative financial conditions, thereby supporting the flow of credit to households and businesses.","asset purchases help foster smooth market functioning accommodative financial conditions, thereby supporting flow credit households businesses.",-1,0.8020486,0.007359717,0.19059166,-0.611457,FALSE,Topic -1
4/28/2021,2021,4/28/2021,14,"In assessing the appropriate stance of monetary policy, the Committee will continue to monitor the implications of incoming information for the economic outlook.","assessing appropriate stance monetary policy, Committee continue monitor implications incoming information economic outlook.",0,0.10227403,0.015938014,0.881788,0.77951396,TRUE,"Topic 0: percent, funds, target, committee, rate, federal"
4/28/2021,2021,4/28/2021,15,The Committee would be prepared to adjust the stance of monetary policy as appropriate if risks emerge that could impede the attainment of the Committee's goals.,Committee would prepared adjust stance monetary policy appropriate risks emerge could impede attainment Committee's goals.,9,0.04147743,0.19930433,0.7592182,0.7177408,TRUE,"Topic 9: impede, emerge, attainment, adjust, prepared, goals"
4/28/2021,2021,4/28/2021,16,"The Committee's assessments will take into account a wide range of information, including readings on public health, labor market conditions, inflation pressures and inflation expectations, and financial and international developments.","Committee's assessments take account wide range information, including readings public health, labor market conditions, inflation pressures inflation expectations, financial international developments.",11,0.07091407,0.014915818,0.91417015,0.84325606,TRUE,"Topic 11: assessments, international, wide, readings, public, health"
6/16/2021,2021,6/16/2021,0,"The Federal Reserve is committed to using its full range of tools to support the U.S. economy in this challenging time, thereby promoting its maximum employment and price stability goals.","Federal Reserve committed using full range tools support U.S. economy challenging time, thereby promoting maximum employment price stability goals.",31,0.7961118,0.010871854,0.19301635,-0.6030955,FALSE,"Topic 31: using, promoting, challenging, committed, reserve, tools"
6/16/2021,2021,6/16/2021,1,Progress on vaccinations has reduced the spread of COVID-19 in the United States.,Progress vaccinations reduced spread COVID-19 United States.,33,0.022254117,0.95538664,0.022359334,0.000105217,FALSE,"Topic 33: states, united, world, hardship, causing, tremendous"
6/16/2021,2021,6/16/2021,2,"Amid this progress and strong policy support, indicators of economic activity and employment have strengthened.","Amid progress strong policy support, indicators economic activity employment strengthened.",1,0.95596856,0.02571596,0.018315453,-0.9376531,FALSE,"Topic 1: gains, job, unemployment, received, met, open"
6/16/2021,2021,6/16/2021,3,The sectors most adversely affected by the pandemic remain weak but have shown improvement.,sectors adversely affected pandemic remain weak shown improvement.,19,0.9164205,0.066695735,0.016883885,-0.8995366,FALSE,"Topic 19: affected, vaccinations, adversely, sectors, pandemic, progress"
6/16/2021,2021,6/16/2021,4,"Inflation has risen, largely reflecting transitory factors.","Inflation risen, largely reflecting transitory factors.",25,0.9372695,0.041807517,0.020922968,-0.91634655,FALSE,"Topic 25: reflecting, prices, largely, oil, factors, commodities"
6/16/2021,2021,6/16/2021,5,"Overall financial conditions remain accommodative, in part reflecting policy measures to support the economy and the flow of credit to U.S. households and businesses.","Overall financial conditions remain accommodative, part reflecting policy measures support economy flow credit U.S. households businesses.",18,0.9180974,0.029959379,0.05194327,-0.86615413,FALSE,"Topic 18: flow, businesses, households, credit, reflecting, overall"
6/16/2021,2021,6/16/2021,6,The path of the economy will depend significantly on the course of the virus.,path economy depend significantly course virus.,34,0.031530492,0.033036068,0.93543345,0.90390295,TRUE,"Topic 34: virus, course, depend, path, significantly, economy"
6/16/2021,2021,6/16/2021,7,"Progress on vaccinations will likely continue to reduce the effects of the public health crisis on the economy, but risks to the economic outlook remain.","Progress vaccinations likely continue reduce effects public health crisis economy, risks economic outlook remain.",19,0.9291372,0.03954409,0.031318728,-0.89781845,TRUE,"Topic 19: affected, vaccinations, adversely, sectors, pandemic, progress"
6/16/2021,2021,6/16/2021,8,The Committee seeks to achieve maximum employment and inflation at the rate of 2 percent over the longer run.,Committee seeks achieve maximum employment inflation rate 2 percent longer run.,10,0.19483128,0.015096758,0.79007196,0.5952407,FALSE,"Topic 10: achieve, longer, seeks, run, maximum, employment"
6/16/2021,2021,6/16/2021,9,"With inflation having run persistently below this longer-run goal, the Committee will aim to achieve inflation moderately above 2 percent for some time so that inflation averages 2 percent over time and longer‑term inflation expectations remain well anchored at 2 percent.","inflation run persistently longer-run goal, Committee aim achieve inflation moderately 2 percent time inflation averages 2 percent time longer‑term inflation expectations remain well anchored 2 percent.",0,0.4966795,0.15809649,0.34522396,-0.15145555,TRUE,"Topic 0: percent, funds, target, committee, rate, federal"
6/16/2021,2021,6/16/2021,10,The Committee expects to maintain an accommodative stance of monetary policy until these outcomes are achieved.,Committee expects maintain accommodative stance monetary policy outcomes achieved.,0,0.56909925,0.011106918,0.41979378,-0.14930546,TRUE,"Topic 0: percent, funds, target, committee, rate, federal"
6/16/2021,2021,6/16/2021,11,The Committee decided to keep the target range for the federal funds rate at 0 to 1/4 percent and expects it will be appropriate to maintain this target range until labor market conditions have reached levels consistent with the Committee's assessments of maximum employment and inflation has risen to 2 percent and is on track to moderately exceed 2 percent for some time.,Committee decided keep target range federal funds rate 0 1/4 percent expects appropriate maintain target range labor market conditions reached levels consistent Committee's assessments maximum employment inflation risen 2 percent track moderately exceed 2 percent time.,0,0.88575965,0.023307092,0.09093325,-0.7948264,TRUE,"Topic 0: percent, funds, target, committee, rate, federal"
6/16/2021,2021,6/16/2021,12,"In addition, the Federal Reserve will continue to increase its holdings of Treasury securities by at least $80 billion per month and of agency mortgage‑backed securities by at least $40 billion per month until substantial further progress has been made toward the Committee's maximum employment and price stability goals.","addition, Federal Reserve continue increase holdings Treasury securities least $80 billion per month agency mortgage‑backed securities least $40 billion per month substantial progress made toward Committee's maximum employment price stability goals.",23,0.90004957,0.012520309,0.08743008,-0.8126195,TRUE,"Topic 23: month, billion, add, holdings, 40, securities"
6/16/2021,2021,6/16/2021,13,"These asset purchases help foster smooth market functioning and accommodative financial conditions, thereby supporting the flow of credit to households and businesses.","asset purchases help foster smooth market functioning accommodative financial conditions, thereby supporting flow credit households businesses.",-1,0.8020486,0.007359717,0.19059166,-0.611457,FALSE,Topic -1
6/16/2021,2021,6/16/2021,14,"In assessing the appropriate stance of monetary policy, the Committee will continue to monitor the implications of incoming information for the economic outlook.","assessing appropriate stance monetary policy, Committee continue monitor implications incoming information economic outlook.",0,0.10227403,0.015938014,0.881788,0.77951396,TRUE,"Topic 0: percent, funds, target, committee, rate, federal"
6/16/2021,2021,6/16/2021,15,The Committee would be prepared to adjust the stance of monetary policy as appropriate if risks emerge that could impede the attainment of the Committee's goals.,Committee would prepared adjust stance monetary policy appropriate risks emerge could impede attainment Committee's goals.,9,0.04147743,0.19930433,0.7592182,0.7177408,TRUE,"Topic 9: impede, emerge, attainment, adjust, prepared, goals"
6/16/2021,2021,6/16/2021,16,"The Committee's assessments will take into account a wide range of information, including readings on public health, labor market conditions, inflation pressures and inflation expectations, and financial and international developments.","Committee's assessments take account wide range information, including readings public health, labor market conditions, inflation pressures inflation expectations, financial international developments.",11,0.07091407,0.014915818,0.91417015,0.84325606,TRUE,"Topic 11: assessments, international, wide, readings, public, health"
7/28/2021,2021,7/28/2021,0,"The Federal Reserve is committed to using its full range of tools to support the U.S. economy in this challenging time, thereby promoting its maximum employment and price stability goals.","Federal Reserve committed using full range tools support U.S. economy challenging time, thereby promoting maximum employment price stability goals.",31,0.7961118,0.010871854,0.19301635,-0.6030955,FALSE,"Topic 31: using, promoting, challenging, committed, reserve, tools"
7/28/2021,2021,7/28/2021,1,"With progress on vaccinations and strong policy support, indicators of economic activity and employment have continued to strengthen.","progress vaccinations strong policy support, indicators economic activity employment continued strengthen.",19,0.95725363,0.020949371,0.021796934,-0.9354567,FALSE,"Topic 19: affected, vaccinations, adversely, sectors, pandemic, progress"
7/28/2021,2021,7/28/2021,2,The sectors most adversely affected by the pandemic have shown improvement but have not fully recovered.,sectors adversely affected pandemic shown improvement fully recovered.,19,0.81697017,0.16099192,0.02203786,-0.7949323,FALSE,"Topic 19: affected, vaccinations, adversely, sectors, pandemic, progress"
7/28/2021,2021,7/28/2021,3,"Inflation has risen, largely reflecting transitory factors.","Inflation risen, largely reflecting transitory factors.",25,0.9372695,0.041807517,0.020922968,-0.91634655,FALSE,"Topic 25: reflecting, prices, largely, oil, factors, commodities"
7/28/2021,2021,7/28/2021,4,"Overall financial conditions remain accommodative, in part reflecting policy measures to support the economy and the flow of credit to U.S. households and businesses.","Overall financial conditions remain accommodative, part reflecting policy measures support economy flow credit U.S. households businesses.",18,0.9180974,0.029959379,0.05194327,-0.86615413,FALSE,"Topic 18: flow, businesses, households, credit, reflecting, overall"
7/28/2021,2021,7/28/2021,5,The path of the economy continues to depend on the course of the virus.,path economy continues depend course virus.,34,0.03506044,0.08164901,0.88329047,0.84823,FALSE,"Topic 34: virus, course, depend, path, significantly, economy"
7/28/2021,2021,7/28/2021,6,"Progress on vaccinations will likely continue to reduce the effects of the public health crisis on the economy, but risks to the economic outlook remain.","Progress vaccinations likely continue reduce effects public health crisis economy, risks economic outlook remain.",19,0.9291372,0.03954409,0.031318728,-0.89781845,TRUE,"Topic 19: affected, vaccinations, adversely, sectors, pandemic, progress"
7/28/2021,2021,7/28/2021,7,The Committee seeks to achieve maximum employment and inflation at the rate of 2 percent over the longer run.,Committee seeks achieve maximum employment inflation rate 2 percent longer run.,10,0.19483128,0.015096758,0.79007196,0.5952407,FALSE,"Topic 10: achieve, longer, seeks, run, maximum, employment"
7/28/2021,2021,7/28/2021,8,"With inflation having run persistently below this longer-run goal, the Committee will aim to achieve inflation moderately above 2 percent for some time so that inflation averages 2 percent over time and longer‑term inflation expectations remain well anchored at 2 percent.","inflation run persistently longer-run goal, Committee aim achieve inflation moderately 2 percent time inflation averages 2 percent time longer‑term inflation expectations remain well anchored 2 percent.",0,0.4966795,0.15809649,0.34522396,-0.15145555,TRUE,"Topic 0: percent, funds, target, committee, rate, federal"
7/28/2021,2021,7/28/2021,9,The Committee expects to maintain an accommodative stance of monetary policy until these outcomes are achieved.,Committee expects maintain accommodative stance monetary policy outcomes achieved.,0,0.56909925,0.011106918,0.41979378,-0.14930546,TRUE,"Topic 0: percent, funds, target, committee, rate, federal"
7/28/2021,2021,7/28/2021,10,The Committee decided to keep the target range for the federal funds rate at 0 to 1/4 percent and expects it will be appropriate to maintain this target range until labor market conditions have reached levels consistent with the Committee's assessments of maximum employment and inflation has risen to 2 percent and is on track to moderately exceed 2 percent for some time.,Committee decided keep target range federal funds rate 0 1/4 percent expects appropriate maintain target range labor market conditions reached levels consistent Committee's assessments maximum employment inflation risen 2 percent track moderately exceed 2 percent time.,0,0.88575965,0.023307092,0.09093325,-0.7948264,TRUE,"Topic 0: percent, funds, target, committee, rate, federal"
7/28/2021,2021,7/28/2021,11,"Last December, the Committee indicated that it would continue to increase its holdings of Treasury securities by at least $80 billion per month and of agency mortgage‑backed securities by at least $40 billion per month until substantial further progress has been made toward its maximum employment and price stability goals.","Last December, Committee indicated would continue increase holdings Treasury securities least $80 billion per month agency mortgage‑backed securities least $40 billion per month substantial progress made toward maximum employment price stability goals.",23,0.90378237,0.011825641,0.0843919,-0.8193905,FALSE,"Topic 23: month, billion, add, holdings, 40, securities"
7/28/2021,2021,7/28/2021,12,"Since then, the economy has made progress toward these goals, and the Committee will continue to assess progress in coming meetings.","Since then, economy made progress toward goals, Committee continue assess progress coming meetings.",36,0.86407375,0.010873521,0.12505272,-0.73902106,TRUE,"Topic 36: asset, purchases, cumulative, reduction, light, measured"
7/28/2021,2021,7/28/2021,13,"These asset purchases help foster smooth market functioning and accommodative financial conditions, thereby supporting the flow of credit to households and businesses.","asset purchases help foster smooth market functioning accommodative financial conditions, thereby supporting flow credit households businesses.",2,0.8020486,0.007359717,0.19059166,-0.611457,FALSE,"Topic 2: agency, securities, mortgagebacked, treasury, principal, payments"
7/28/2021,2021,7/28/2021,14,"In assessing the appropriate stance of monetary policy, the Committee will continue to monitor the implications of incoming information for the economic outlook.","assessing appropriate stance monetary policy, Committee continue monitor implications incoming information economic outlook.",0,0.10227403,0.015938014,0.881788,0.77951396,TRUE,"Topic 0: percent, funds, target, committee, rate, federal"
7/28/2021,2021,7/28/2021,15,The Committee would be prepared to adjust the stance of monetary policy as appropriate if risks emerge that could impede the attainment of the Committee's goals.,Committee would prepared adjust stance monetary policy appropriate risks emerge could impede attainment Committee's goals.,9,0.04147743,0.19930433,0.7592182,0.7177408,TRUE,"Topic 9: impede, emerge, attainment, adjust, prepared, goals"
7/28/2021,2021,7/28/2021,16,"The Committee's assessments will take into account a wide range of information, including readings on public health, labor market conditions, inflation pressures and inflation expectations, and financial and international developments.","Committee's assessments take account wide range information, including readings public health, labor market conditions, inflation pressures inflation expectations, financial international developments.",11,0.07091407,0.014915818,0.91417015,0.84325606,TRUE,"Topic 11: assessments, international, wide, readings, public, health"
9/22/2021,2021,9/22/2021,0,"The Federal Reserve is committed to using its full range of tools to support the U.S. economy in this challenging time, thereby promoting its maximum employment and price stability goals.","Federal Reserve committed using full range tools support U.S. economy challenging time, thereby promoting maximum employment price stability goals.",31,0.7961118,0.010871854,0.19301635,-0.6030955,FALSE,"Topic 31: using, promoting, challenging, committed, reserve, tools"
9/22/2021,2021,9/22/2021,1,"With progress on vaccinations and strong policy support, indicators of economic activity and employment have continued to strengthen.","progress vaccinations strong policy support, indicators economic activity employment continued strengthen.",19,0.95725363,0.020949371,0.021796934,-0.9354567,FALSE,"Topic 19: affected, vaccinations, adversely, sectors, pandemic, progress"
9/22/2021,2021,9/22/2021,2,"The sectors most adversely affected by the pandemic have improved in recent months, but the rise in COVID-19 cases has slowed their recovery.","sectors adversely affected pandemic improved recent months, rise COVID-19 cases slowed recovery.",19,0.31930137,0.65822864,0.022469934,-0.29683143,FALSE,"Topic 19: affected, vaccinations, adversely, sectors, pandemic, progress"
9/22/2021,2021,9/22/2021,3,"Inflation is elevated, largely reflecting transitory factors.","Inflation elevated, largely reflecting transitory factors.",25,0.7943159,0.047013994,0.1586701,-0.63564575,FALSE,"Topic 25: reflecting, prices, largely, oil, factors, commodities"
9/22/2021,2021,9/22/2021,4,"Overall financial conditions remain accommodative, in part reflecting policy measures to support the economy and the flow of credit to U.S. households and businesses.","Overall financial conditions remain accommodative, part reflecting policy measures support economy flow credit U.S. households businesses.",18,0.9180974,0.029959379,0.05194327,-0.86615413,FALSE,"Topic 18: flow, businesses, households, credit, reflecting, overall"
9/22/2021,2021,9/22/2021,5,The path of the economy continues to depend on the course of the virus.,path economy continues depend course virus.,34,0.03506044,0.08164901,0.88329047,0.84823,FALSE,"Topic 34: virus, course, depend, path, significantly, economy"
9/22/2021,2021,9/22/2021,6,"Progress on vaccinations will likely continue to reduce the effects of the public health crisis on the economy, but risks to the economic outlook remain.","Progress vaccinations likely continue reduce effects public health crisis economy, risks economic outlook remain.",19,0.9291372,0.03954409,0.031318728,-0.89781845,TRUE,"Topic 19: affected, vaccinations, adversely, sectors, pandemic, progress"
9/22/2021,2021,9/22/2021,7,The Committee seeks to achieve maximum employment and inflation at the rate of 2 percent over the longer run.,Committee seeks achieve maximum employment inflation rate 2 percent longer run.,10,0.19483128,0.015096758,0.79007196,0.5952407,FALSE,"Topic 10: achieve, longer, seeks, run, maximum, employment"
9/22/2021,2021,9/22/2021,8,"With inflation having run persistently below this longer-run goal, the Committee will aim to achieve inflation moderately above 2 percent for some time so that inflation averages 2 percent over time and longer‑term inflation expectations remain well anchored at 2 percent.","inflation run persistently longer-run goal, Committee aim achieve inflation moderately 2 percent time inflation averages 2 percent time longer‑term inflation expectations remain well anchored 2 percent.",0,0.4966795,0.15809649,0.34522396,-0.15145555,TRUE,"Topic 0: percent, funds, target, committee, rate, federal"
9/22/2021,2021,9/22/2021,9,The Committee expects to maintain an accommodative stance of monetary policy until these outcomes are achieved.,Committee expects maintain accommodative stance monetary policy outcomes achieved.,0,0.56909925,0.011106918,0.41979378,-0.14930546,TRUE,"Topic 0: percent, funds, target, committee, rate, federal"
9/22/2021,2021,9/22/2021,10,The Committee decided to keep the target range for the federal funds rate at 0 to 1/4 percent and expects it will be appropriate to maintain this target range until labor market conditions have reached levels consistent with the Committee's assessments of maximum employment and inflation has risen to 2 percent and is on track to moderately exceed 2 percent for some time.,Committee decided keep target range federal funds rate 0 1/4 percent expects appropriate maintain target range labor market conditions reached levels consistent Committee's assessments maximum employment inflation risen 2 percent track moderately exceed 2 percent time.,0,0.88575965,0.023307092,0.09093325,-0.7948264,TRUE,"Topic 0: percent, funds, target, committee, rate, federal"
9/22/2021,2021,9/22/2021,11,"Last December, the Committee indicated that it would continue to increase its holdings of Treasury securities by at least $80 billion per month and of agency mortgage‑backed securities by at least $40 billion per month until substantial further progress has been made toward its maximum employment and price stability goals.","Last December, Committee indicated would continue increase holdings Treasury securities least $80 billion per month agency mortgage‑backed securities least $40 billion per month substantial progress made toward maximum employment price stability goals.",23,0.90378237,0.011825641,0.0843919,-0.8193905,FALSE,"Topic 23: month, billion, add, holdings, 40, securities"
9/22/2021,2021,9/22/2021,12,"Since then, the economy has made progress toward these goals.","Since then, economy made progress toward goals.",1,0.92272294,0.013577526,0.06369958,-0.85902333,FALSE,"Topic 1: gains, job, unemployment, received, met, open"
9/22/2021,2021,9/22/2021,13,"If progress continues broadly as expected, the Committee judges that a moderation in the pace of asset purchases may soon be warranted.","progress continues broadly expected, Committee judges moderation pace asset purchases may soon warranted.",0,0.90939766,0.025830597,0.06477165,-0.844626,TRUE,"Topic 0: percent, funds, target, committee, rate, federal"
9/22/2021,2021,9/22/2021,14,"These asset purchases help foster smooth market functioning and accommodative financial conditions, thereby supporting the flow of credit to households and businesses.","asset purchases help foster smooth market functioning accommodative financial conditions, thereby supporting flow credit households businesses.",-1,0.8020486,0.007359717,0.19059166,-0.611457,FALSE,Topic -1
9/22/2021,2021,9/22/2021,15,"In assessing the appropriate stance of monetary policy, the Committee will continue to monitor the implications of incoming information for the economic outlook.","assessing appropriate stance monetary policy, Committee continue monitor implications incoming information economic outlook.",0,0.10227403,0.015938014,0.881788,0.77951396,TRUE,"Topic 0: percent, funds, target, committee, rate, federal"
9/22/2021,2021,9/22/2021,16,The Committee would be prepared to adjust the stance of monetary policy as appropriate if risks emerge that could impede the attainment of the Committee's goals.,Committee would prepared adjust stance monetary policy appropriate risks emerge could impede attainment Committee's goals.,9,0.04147743,0.19930433,0.7592182,0.7177408,TRUE,"Topic 9: impede, emerge, attainment, adjust, prepared, goals"
9/22/2021,2021,9/22/2021,17,"The Committee's assessments will take into account a wide range of information, including readings on public health, labor market conditions, inflation pressures and inflation expectations, and financial and international developments.","Committee's assessments take account wide range information, including readings public health, labor market conditions, inflation pressures inflation expectations, financial international developments.",11,0.07091407,0.014915818,0.91417015,0.84325606,TRUE,"Topic 11: assessments, international, wide, readings, public, health"
11/3/2021,2021,11/3/2021,0,"The Federal Reserve is committed to using its full range of tools to support the U.S. economy in this challenging time, thereby promoting its maximum employment and price stability goals.","Federal Reserve committed using full range tools support U.S. economy challenging time, thereby promoting maximum employment price stability goals.",31,0.7961118,0.010871854,0.19301635,-0.6030955,FALSE,"Topic 31: using, promoting, challenging, committed, reserve, tools"
11/3/2021,2021,11/3/2021,1,"With progress on vaccinations and strong policy support, indicators of economic activity and employment have continued to strengthen.","progress vaccinations strong policy support, indicators economic activity employment continued strengthen.",19,0.95725363,0.020949371,0.021796934,-0.9354567,FALSE,"Topic 19: affected, vaccinations, adversely, sectors, pandemic, progress"
11/3/2021,2021,11/3/2021,2,"The sectors most adversely affected by the pandemic have improved in recent months, but the summer's rise in COVID-19 cases has slowed their recovery.","sectors adversely affected pandemic improved recent months, summer's rise COVID-19 cases slowed recovery.",19,0.32333416,0.6542,0.022465786,-0.30086836,FALSE,"Topic 19: affected, vaccinations, adversely, sectors, pandemic, progress"
11/3/2021,2021,11/3/2021,3,"Inflation is elevated, largely reflecting factors that are expected to be transitory.","Inflation elevated, largely reflecting factors expected transitory.",25,0.88952416,0.043312106,0.06716373,-0.82236046,FALSE,"Topic 25: reflecting, prices, largely, oil, factors, commodities"
11/3/2021,2021,11/3/2021,4,Supply and demand imbalances related to the pandemic and the reopening of the economy have contributed to sizable price increases in some sectors.,Supply demand imbalances related pandemic reopening economy contributed sizable price increases sectors.,29,0.62253135,0.33335754,0.044111088,-0.5784203,FALSE,"Topic 29: imbalances, elevated, demand, supply, related, pandemic"
11/3/2021,2021,11/3/2021,5,"Overall financial conditions remain accommodative, in part reflecting policy measures to support the economy and the flow of credit to U.S. households and businesses.","Overall financial conditions remain accommodative, part reflecting policy measures support economy flow credit U.S. households businesses.",18,0.9180974,0.029959379,0.05194327,-0.86615413,FALSE,"Topic 18: flow, businesses, households, credit, reflecting, overall"
11/3/2021,2021,11/3/2021,6,The path of the economy continues to depend on the course of the virus.,path economy continues depend course virus.,34,0.03506044,0.08164901,0.88329047,0.84823,FALSE,"Topic 34: virus, course, depend, path, significantly, economy"
11/3/2021,2021,11/3/2021,7,Progress on vaccinations and an easing of supply constraints are expected to support continued gains in economic activity and employment as well as a reduction in inflation.,Progress vaccinations easing supply constraints expected support continued gains economic activity employment well reduction inflation.,19,0.9513909,0.02213409,0.026474949,-0.92491597,FALSE,"Topic 19: affected, vaccinations, adversely, sectors, pandemic, progress"
11/3/2021,2021,11/3/2021,8,Risks to the economic outlook remain.,Risks economic outlook remain.,-1,0.06236271,0.8186067,0.119030625,0.056667916,FALSE,Topic -1
11/3/2021,2021,11/3/2021,9,The Committee seeks to achieve maximum employment and inflation at the rate of 2 percent over the longer run.,Committee seeks achieve maximum employment inflation rate 2 percent longer run.,10,0.19483128,0.015096758,0.79007196,0.5952407,FALSE,"Topic 10: achieve, longer, seeks, run, maximum, employment"
11/3/2021,2021,11/3/2021,10,"With inflation having run persistently below this longer-run goal, the Committee will aim to achieve inflation moderately above 2 percent for some time so that inflation averages 2 percent over time and longer‑term inflation expectations remain well anchored at 2 percent.","inflation run persistently longer-run goal, Committee aim achieve inflation moderately 2 percent time inflation averages 2 percent time longer‑term inflation expectations remain well anchored 2 percent.",0,0.4966795,0.15809649,0.34522396,-0.15145555,TRUE,"Topic 0: percent, funds, target, committee, rate, federal"
11/3/2021,2021,11/3/2021,11,The Committee expects to maintain an accommodative stance of monetary policy until these outcomes are achieved.,Committee expects maintain accommodative stance monetary policy outcomes achieved.,0,0.56909925,0.011106918,0.41979378,-0.14930546,TRUE,"Topic 0: percent, funds, target, committee, rate, federal"
11/3/2021,2021,11/3/2021,12,The Committee decided to keep the target range for the federal funds rate at 0 to 1/4 percent and expects it will be appropriate to maintain this target range until labor market conditions have reached levels consistent with the Committee's assessments of maximum employment and inflation has risen to 2 percent and is on track to moderately exceed 2 percent for some time.,Committee decided keep target range federal funds rate 0 1/4 percent expects appropriate maintain target range labor market conditions reached levels consistent Committee's assessments maximum employment inflation risen 2 percent track moderately exceed 2 percent time.,0,0.88575965,0.023307092,0.09093325,-0.7948264,TRUE,"Topic 0: percent, funds, target, committee, rate, federal"
11/3/2021,2021,11/3/2021,13,"In light of the substantial further progress the economy has made toward the Committee's goals since last December, the Committee decided to begin reducing the monthly pace of its net asset purchases by $10 billion for Treasury securities and $5 billion for agency mortgage-backed securities.","light substantial progress economy made toward Committee's goals since last December, Committee decided begin reducing monthly pace net asset purchases $10 billion Treasury securities $5 billion agency mortgage-backed securities.",36,0.14221878,0.23159283,0.6261884,0.48396963,FALSE,"Topic 36: asset, purchases, cumulative, reduction, light, measured"
11/3/2021,2021,11/3/2021,14,"Beginning later this month, the Committee will increase its holdings of Treasury securities by at least $70 billion per month and of agency mortgage‑backed securities by at least $35 billion per month.","Beginning later month, Committee increase holdings Treasury securities least $70 billion per month agency mortgage‑backed securities least $35 billion per month.",23,0.8478128,0.009250926,0.14293632,-0.7048764,TRUE,"Topic 23: month, billion, add, holdings, 40, securities"
11/3/2021,2021,11/3/2021,15,"Beginning in December, the Committee will increase its holdings of Treasury securities by at least $60 billion per month and of agency mortgage-backed securities by at least $30 billion per month.","Beginning December, Committee increase holdings Treasury securities least $60 billion per month agency mortgage-backed securities least $30 billion per month.",23,0.8315842,0.009222331,0.15919352,-0.6723907,TRUE,"Topic 23: month, billion, add, holdings, 40, securities"
11/3/2021,2021,11/3/2021,16,"The Committee judges that similar reductions in the pace of net asset purchases will likely be appropriate each month, but it is prepared to adjust the pace of purchases if warranted by changes in the economic outlook.","Committee judges similar reductions pace net asset purchases likely appropriate month, prepared adjust pace purchases warranted changes economic outlook.",36,0.07104083,0.62868536,0.30027375,0.2292329,TRUE,"Topic 36: asset, purchases, cumulative, reduction, light, measured"
11/3/2021,2021,11/3/2021,17,"The Federal Reserve's ongoing purchases and holdings of securities will continue to foster smooth market functioning and accommodative financial conditions, thereby supporting the flow of credit to households and businesses.","Federal Reserve's ongoing purchases holdings securities continue foster smooth market functioning accommodative financial conditions, thereby supporting flow credit households businesses.",-1,0.8181968,0.008639827,0.17316341,-0.64503336,TRUE,Topic -1
11/3/2021,2021,11/3/2021,18,"In assessing the appropriate stance of monetary policy, the Committee will continue to monitor the implications of incoming information for the economic outlook.","assessing appropriate stance monetary policy, Committee continue monitor implications incoming information economic outlook.",0,0.10227403,0.015938014,0.881788,0.77951396,TRUE,"Topic 0: percent, funds, target, committee, rate, federal"
11/3/2021,2021,11/3/2021,19,The Committee would be prepared to adjust the stance of monetary policy as appropriate if risks emerge that could impede the attainment of the Committee's goals.,Committee would prepared adjust stance monetary policy appropriate risks emerge could impede attainment Committee's goals.,9,0.04147743,0.19930433,0.7592182,0.7177408,TRUE,"Topic 9: impede, emerge, attainment, adjust, prepared, goals"
11/3/2021,2021,11/3/2021,20,"The Committee's assessments will take into account a wide range of information, including readings on public health, labor market conditions, inflation pressures and inflation expectations, and financial and international developments.","Committee's assessments take account wide range information, including readings public health, labor market conditions, inflation pressures inflation expectations, financial international developments.",11,0.07091407,0.014915818,0.91417015,0.84325606,TRUE,"Topic 11: assessments, international, wide, readings, public, health"
12/15/2021,2021,12/15/2021,0,"The Federal Reserve is committed to using its full range of tools to support the U.S. economy in this challenging time, thereby promoting its maximum employment and price stability goals.","Federal Reserve committed using full range tools support U.S. economy challenging time, thereby promoting maximum employment price stability goals.",31,0.7961118,0.010871854,0.19301635,-0.6030955,FALSE,"Topic 31: using, promoting, challenging, committed, reserve, tools"
12/15/2021,2021,12/15/2021,1,"With progress on vaccinations and strong policy support, indicators of economic activity and employment have continued to strengthen.","progress vaccinations strong policy support, indicators economic activity employment continued strengthen.",19,0.95725363,0.020949371,0.021796934,-0.9354567,FALSE,"Topic 19: affected, vaccinations, adversely, sectors, pandemic, progress"
12/15/2021,2021,12/15/2021,2,The sectors most adversely affected by the pandemic have improved in recent months but continue to be affected by COVID-19.,sectors adversely affected pandemic improved recent months continue affected COVID-19.,19,0.45140335,0.5004265,0.04817022,-0.40323314,FALSE,"Topic 19: affected, vaccinations, adversely, sectors, pandemic, progress"
12/15/2021,2021,12/15/2021,3,"Job gains have been solid in recent months, and the unemployment rate has declined substantially.","Job gains solid recent months, unemployment rate declined substantially.",1,0.027767465,0.95561516,0.01661731,-0.011150155,FALSE,"Topic 1: gains, job, unemployment, received, met, open"
12/15/2021,2021,12/15/2021,4,Supply and demand imbalances related to the pandemic and the reopening of the economy have continued to contribute to elevated levels of inflation.,Supply demand imbalances related pandemic reopening economy continued contribute elevated levels inflation.,29,0.036990494,0.9257573,0.037252236,0.000261743,FALSE,"Topic 29: imbalances, elevated, demand, supply, related, pandemic"
12/15/2021,2021,12/15/2021,5,"Overall financial conditions remain accommodative, in part reflecting policy measures to support the economy and the flow of credit to U.S. households and businesses.","Overall financial conditions remain accommodative, part reflecting policy measures support economy flow credit U.S. households businesses.",18,0.9180975,0.029959276,0.051943246,-0.86615425,FALSE,"Topic 18: flow, businesses, households, credit, reflecting, overall"
12/15/2021,2021,12/15/2021,6,The path of the economy continues to depend on the course of the virus.,path economy continues depend course virus.,34,0.03506044,0.08164901,0.88329047,0.84823,FALSE,"Topic 34: virus, course, depend, path, significantly, economy"
12/15/2021,2021,12/15/2021,7,Progress on vaccinations and an easing of supply constraints are expected to support continued gains in economic activity and employment as well as a reduction in inflation.,Progress vaccinations easing supply constraints expected support continued gains economic activity employment well reduction inflation.,19,0.9513909,0.022134095,0.02647493,-0.92491597,FALSE,"Topic 19: affected, vaccinations, adversely, sectors, pandemic, progress"
12/15/2021,2021,12/15/2021,8,"Risks to the economic outlook remain, including from new variants of the virus.","Risks economic outlook remain, including new variants virus.",39,0.07815971,0.8177458,0.10409443,0.025934719,FALSE,"Topic 39: poses, crisis, weigh, health, public, ongoing"
12/15/2021,2021,12/15/2021,9,The Committee seeks to achieve maximum employment and inflation at the rate of 2 percent over the longer run.,Committee seeks achieve maximum employment inflation rate 2 percent longer run.,10,0.19483128,0.015096758,0.79007196,0.5952407,FALSE,"Topic 10: achieve, longer, seeks, run, maximum, employment"
12/15/2021,2021,12/15/2021,10,"In support of these goals, the Committee decided to keep the target range for the federal funds rate at 0 to 1/4 percent.","support goals, Committee decided keep target range federal funds rate 0 1/4 percent.",0,0.093490146,0.034658216,0.8718517,0.77836156,FALSE,"Topic 0: percent, funds, target, committee, rate, federal"
12/15/2021,2021,12/15/2021,11,"With inflation having exceeded 2 percent for some time, the Committee expects it will be appropriate to maintain this target range until labor market conditions have reached levels consistent with the Committee's assessments of maximum employment.","inflation exceeded 2 percent time, Committee expects appropriate maintain target range labor market conditions reached levels consistent Committee's assessments maximum employment.",0,0.7814475,0.044993754,0.17355862,-0.60788894,TRUE,"Topic 0: percent, funds, target, committee, rate, federal"
12/15/2021,2021,12/15/2021,12,"In light of inflation developments and the further improvement in the labor market, the Committee decided to reduce the monthly pace of its net asset purchases by $20 billion for Treasury securities and $10 billion for agency mortgage-backed securities.","light inflation developments improvement labor market, Committee decided reduce monthly pace net asset purchases $20 billion Treasury securities $10 billion agency mortgage-backed securities.",36,0.043278664,0.71958894,0.23713236,0.19385369,FALSE,"Topic 36: asset, purchases, cumulative, reduction, light, measured"
12/15/2021,2021,12/15/2021,13,"Beginning in January, the Committee will increase its holdings of Treasury securities by at least $40 billion per month and of agency mortgage‑backed securities by at least $20 billion per month.","Beginning January, Committee increase holdings Treasury securities least $40 billion per month agency mortgage‑backed securities least $20 billion per month.",23,0.840451,0.009105599,0.15044333,-0.6900077,TRUE,"Topic 23: month, billion, add, holdings, 40, securities"
12/15/2021,2021,12/15/2021,14,"The Committee judges that similar reductions in the pace of net asset purchases will likely be appropriate each month, but it is prepared to adjust the pace of purchases if warranted by changes in the economic outlook.","Committee judges similar reductions pace net asset purchases likely appropriate month, prepared adjust pace purchases warranted changes economic outlook.",36,0.07104085,0.6286855,0.30027366,0.22923282,TRUE,"Topic 36: asset, purchases, cumulative, reduction, light, measured"
12/15/2021,2021,12/15/2021,15,"The Federal Reserve's ongoing purchases and holdings of securities will continue to foster smooth market functioning and accommodative financial conditions, thereby supporting the flow of credit to households and businesses.","Federal Reserve's ongoing purchases holdings securities continue foster smooth market functioning accommodative financial conditions, thereby supporting flow credit households businesses.",-1,0.818197,0.008639835,0.17316319,-0.64503384,TRUE,Topic -1
12/15/2021,2021,12/15/2021,16,"In assessing the appropriate stance of monetary policy, the Committee will continue to monitor the implications of incoming information for the economic outlook.","assessing appropriate stance monetary policy, Committee continue monitor implications incoming information economic outlook.",0,0.10227403,0.015938014,0.881788,0.77951396,TRUE,"Topic 0: percent, funds, target, committee, rate, federal"
12/15/2021,2021,12/15/2021,17,The Committee would be prepared to adjust the stance of monetary policy as appropriate if risks emerge that could impede the attainment of the Committee's goals.,Committee would prepared adjust stance monetary policy appropriate risks emerge could impede attainment Committee's goals.,9,0.041477446,0.19930412,0.75921845,0.717741,TRUE,"Topic 9: impede, emerge, attainment, adjust, prepared, goals"
12/15/2021,2021,12/15/2021,18,"The Committee's assessments will take into account a wide range of information, including readings on public health, labor market conditions, inflation pressures and inflation expectations, and financial and international developments.","Committee's assessments take account wide range information, including readings public health, labor market conditions, inflation pressures inflation expectations, financial international developments.",11,0.07091405,0.014915812,0.91417015,0.8432561,TRUE,"Topic 11: assessments, international, wide, readings, public, health"
1/26/2022,2022,1/26/2022,0,Indicators of economic activity and employment have continued to strengthen.,Indicators economic activity employment continued strengthen.,1,0.9546003,0.0200385,0.02536115,-0.92923915,FALSE,"Topic 1: gains, job, unemployment, received, met, open"
1/26/2022,2022,1/26/2022,1,The sectors most adversely affected by the pandemic have improved in recent months but are being affected by the recent sharp rise in COVID-19 cases.,sectors adversely affected pandemic improved recent months affected recent sharp rise COVID-19 cases.,19,0.15332882,0.8228406,0.023830635,-0.12949818,FALSE,"Topic 19: affected, vaccinations, adversely, sectors, pandemic, progress"
1/26/2022,2022,1/26/2022,2,"Job gains have been solid in recent months, and the unemployment rate has declined substantially.","Job gains solid recent months, unemployment rate declined substantially.",1,0.027767465,0.95561516,0.01661731,-0.011150155,FALSE,"Topic 1: gains, job, unemployment, received, met, open"
1/26/2022,2022,1/26/2022,3,Supply and demand imbalances related to the pandemic and the reopening of the economy have continued to contribute to elevated levels of inflation.,Supply demand imbalances related pandemic reopening economy continued contribute elevated levels inflation.,29,0.036990494,0.9257573,0.037252236,0.000261743,FALSE,"Topic 29: imbalances, elevated, demand, supply, related, pandemic"
1/26/2022,2022,1/26/2022,4,"Overall financial conditions remain accommodative, in part reflecting policy measures to support the economy and the flow of credit to U.S. households and businesses.","Overall financial conditions remain accommodative, part reflecting policy measures support economy flow credit U.S. households businesses.",18,0.9180975,0.029959276,0.051943246,-0.86615425,FALSE,"Topic 18: flow, businesses, households, credit, reflecting, overall"
1/26/2022,2022,1/26/2022,5,The path of the economy continues to depend on the course of the virus.,path economy continues depend course virus.,34,0.03506044,0.08164901,0.88329047,0.84823,FALSE,"Topic 34: virus, course, depend, path, significantly, economy"
1/26/2022,2022,1/26/2022,6,Progress on vaccinations and an easing of supply constraints are expected to support continued gains in economic activity and employment as well as a reduction in inflation.,Progress vaccinations easing supply constraints expected support continued gains economic activity employment well reduction inflation.,19,0.9513909,0.022134095,0.02647493,-0.92491597,FALSE,"Topic 19: affected, vaccinations, adversely, sectors, pandemic, progress"
1/26/2022,2022,1/26/2022,7,"Risks to the economic outlook remain, including from new variants of the virus.","Risks economic outlook remain, including new variants virus.",39,0.07815971,0.8177458,0.10409443,0.025934719,FALSE,"Topic 39: poses, crisis, weigh, health, public, ongoing"
1/26/2022,2022,1/26/2022,8,The Committee seeks to achieve maximum employment and inflation at the rate of 2 percent over the longer run.,Committee seeks achieve maximum employment inflation rate 2 percent longer run.,10,0.19483128,0.015096758,0.79007196,0.5952407,FALSE,"Topic 10: achieve, longer, seeks, run, maximum, employment"
1/26/2022,2022,1/26/2022,9,"In support of these goals, the Committee decided to keep the target range for the federal funds rate at 0 to 1/4 percent.","support goals, Committee decided keep target range federal funds rate 0 1/4 percent.",0,0.093490146,0.034658216,0.8718517,0.77836156,FALSE,"Topic 0: percent, funds, target, committee, rate, federal"
1/26/2022,2022,1/26/2022,10,"With inflation well above 2 percent and a strong labor market, the Committee expects it will soon be appropriate to raise the target range for the federal funds rate.","inflation well 2 percent strong labor market, Committee expects soon appropriate raise target range federal funds rate.",0,0.49189597,0.024047237,0.48405686,-0.007839114,TRUE,"Topic 0: percent, funds, target, committee, rate, federal"
1/26/2022,2022,1/26/2022,11,"The Committee decided to continue to reduce the monthly pace of its net asset purchases, bringing them to an end in early March.","Committee decided continue reduce monthly pace net asset purchases, bringing end early March.",36,0.031153347,0.7459543,0.2228924,0.19173905,FALSE,"Topic 36: asset, purchases, cumulative, reduction, light, measured"
1/26/2022,2022,1/26/2022,12,"Beginning in February, the Committee will increase its holdings of Treasury securities by at least $20 billion per month and of agency mortgage‑backed securities by at least $10 billion per month.","Beginning February, Committee increase holdings Treasury securities least $20 billion per month agency mortgage‑backed securities least $10 billion per month.",23,0.8449495,0.009154419,0.14589608,-0.6990534,TRUE,"Topic 23: month, billion, add, holdings, 40, securities"
1/26/2022,2022,1/26/2022,13,"The Federal Reserve's ongoing purchases and holdings of securities will continue to foster smooth market functioning and accommodative financial conditions, thereby supporting the flow of credit to households and businesses.","Federal Reserve's ongoing purchases holdings securities continue foster smooth market functioning accommodative financial conditions, thereby supporting flow credit households businesses.",-1,0.818197,0.008639835,0.17316319,-0.64503384,TRUE,Topic -1
1/26/2022,2022,1/26/2022,14,"In assessing the appropriate stance of monetary policy, the Committee will continue to monitor the implications of incoming information for the economic outlook.","assessing appropriate stance monetary policy, Committee continue monitor implications incoming information economic outlook.",0,0.10227403,0.015938014,0.881788,0.77951396,TRUE,"Topic 0: percent, funds, target, committee, rate, federal"
1/26/2022,2022,1/26/2022,15,The Committee would be prepared to adjust the stance of monetary policy as appropriate if risks emerge that could impede the attainment of the Committee's goals.,Committee would prepared adjust stance monetary policy appropriate risks emerge could impede attainment Committee's goals.,9,0.041477446,0.19930412,0.75921845,0.717741,TRUE,"Topic 9: impede, emerge, attainment, adjust, prepared, goals"
1/26/2022,2022,1/26/2022,16,"The Committee's assessments will take into account a wide range of information, including readings on public health, labor market conditions, inflation pressures and inflation expectations, and financial and international developments.","Committee's assessments take account wide range information, including readings public health, labor market conditions, inflation pressures inflation expectations, financial international developments.",11,0.07091407,0.014915818,0.91417015,0.84325606,TRUE,"Topic 11: assessments, international, wide, readings, public, health"
3/16/2022,2022,3/16/2022,0,Indicators of economic activity and employment have continued to strengthen.,Indicators economic activity employment continued strengthen.,1,0.9546003,0.0200385,0.02536115,-0.92923915,FALSE,"Topic 1: gains, job, unemployment, received, met, open"
3/16/2022,2022,3/16/2022,1,"Job gains have been strong in recent months, and the unemployment rate has declined substantially.","Job gains strong recent months, unemployment rate declined substantially.",1,0.025406543,0.9571882,0.017405214,-0.008001329,FALSE,"Topic 1: gains, job, unemployment, received, met, open"
3/16/2022,2022,3/16/2022,2,"Inflation remains elevated, reflecting supply and demand imbalances related to the pandemic, higher energy prices, and broader price pressures.","Inflation remains elevated, reflecting supply demand imbalances related pandemic, higher energy prices, broader price pressures.",29,0.10234281,0.8768964,0.020760817,-0.08158199,FALSE,"Topic 29: imbalances, elevated, demand, supply, related, pandemic"
3/16/2022,2022,3/16/2022,3,The invasion of Ukraine by Russia is causing tremendous human and economic hardship.,invasion Ukraine Russia causing tremendous human economic hardship.,-1,0.014893278,0.91906947,0.06603725,0.051143974,FALSE,Topic -1
3/16/2022,2022,3/16/2022,4,"The implications for the U.S. economy are highly uncertain, but in the near term the invasion and related events are likely to create additional upward pressure on inflation and weigh on economic activity.","implications U.S. economy highly uncertain, near term invasion related events likely create additional upward pressure inflation weigh economic activity.",-1,0.02598459,0.91059136,0.063424096,0.037439503,TRUE,Topic -1
3/16/2022,2022,3/16/2022,5,The Committee seeks to achieve maximum employment and inflation at the rate of 2 percent over the longer run.,Committee seeks achieve maximum employment inflation rate 2 percent longer run.,10,0.19483128,0.015096758,0.79007196,0.5952407,FALSE,"Topic 10: achieve, longer, seeks, run, maximum, employment"
3/16/2022,2022,3/16/2022,6,"With appropriate firming in the stance of monetary policy, the Committee expects inflation to return to its 2 percent objective and the labor market to remain strong.","appropriate firming stance monetary policy, Committee expects inflation return 2 percent objective labor market remain strong.",0,0.95300657,0.02015263,0.02684077,-0.9261658,TRUE,"Topic 0: percent, funds, target, committee, rate, federal"
3/16/2022,2022,3/16/2022,7,"In support of these goals, the Committee decided to raise the target range for the federal funds rate to 1/4 to 1/2 percent and anticipates that ongoing increases in the target range will be appropriate.","support goals, Committee decided raise target range federal funds rate 1/4 1/2 percent anticipates ongoing increases target range appropriate.",0,0.89237946,0.013309145,0.09431135,-0.7980681,TRUE,"Topic 0: percent, funds, target, committee, rate, federal"
3/16/2022,2022,3/16/2022,8,"In addition, the Committee expects to begin reducing its holdings of Treasury securities and agency debt and agency mortgage-backed securities at a coming meeting.","addition, Committee expects begin reducing holdings Treasury securities agency debt agency mortgage-backed securities coming meeting.",26,0.019373141,0.8879287,0.092698105,0.07332496,TRUE,"Topic 26: reducing, described, plans, addition, agency, previously"
3/16/2022,2022,3/16/2022,9,"In assessing the appropriate stance of monetary policy, the Committee will continue to monitor the implications of incoming information for the economic outlook.","assessing appropriate stance monetary policy, Committee continue monitor implications incoming information economic outlook.",0,0.10227403,0.015938014,0.881788,0.77951396,TRUE,"Topic 0: percent, funds, target, committee, rate, federal"
3/16/2022,2022,3/16/2022,10,The Committee would be prepared to adjust the stance of monetary policy as appropriate if risks emerge that could impede the attainment of the Committee's goals.,Committee would prepared adjust stance monetary policy appropriate risks emerge could impede attainment Committee's goals.,9,0.04147743,0.19930433,0.7592182,0.7177408,TRUE,"Topic 9: impede, emerge, attainment, adjust, prepared, goals"
3/16/2022,2022,3/16/2022,11,"The Committee's assessments will take into account a wide range of information, including readings on public health, labor market conditions, inflation pressures and inflation expectations, and financial and international developments.","Committee's assessments take account wide range information, including readings public health, labor market conditions, inflation pressures inflation expectations, financial international developments.",11,0.07091407,0.014915818,0.91417015,0.84325606,TRUE,"Topic 11: assessments, international, wide, readings, public, health"
5/4/2022,2022,5/4/2022,0,"Although overall economic activity edged down in the first quarter, household spending and business fixed investment remained strong.","Although overall economic activity edged first quarter, household spending business fixed investment remained strong.",3,0.069855995,0.91125757,0.018886527,-0.050969467,FALSE,"Topic 3: household, spending, fixed, business, investment, housing"
5/4/2022,2022,5/4/2022,1,"Job gains have been robust in recent months, and the unemployment rate has declined substantially.","Job gains robust recent months, unemployment rate declined substantially.",1,0.02973029,0.9556008,0.014668861,-0.01506143,FALSE,"Topic 1: gains, job, unemployment, received, met, open"
5/4/2022,2022,5/4/2022,2,"Inflation remains elevated, reflecting supply and demand imbalances related to the pandemic, higher energy prices, and broader price pressures.","Inflation remains elevated, reflecting supply demand imbalances related pandemic, higher energy prices, broader price pressures.",29,0.10234281,0.8768964,0.020760817,-0.08158199,FALSE,"Topic 29: imbalances, elevated, demand, supply, related, pandemic"
5/4/2022,2022,5/4/2022,3,The invasion of Ukraine by Russia is causing tremendous human and economic hardship.,invasion Ukraine Russia causing tremendous human economic hardship.,-1,0.014893278,0.91906947,0.06603725,0.051143974,FALSE,Topic -1
5/4/2022,2022,5/4/2022,4,The implications for the U.S. economy are highly uncertain.,implications U.S. economy highly uncertain.,16,0.041405804,0.36526802,0.59332615,0.55192035,FALSE,"Topic 16: downside, strains, significant, risks, global, pose"
5/4/2022,2022,5/4/2022,5,The invasion and related events are creating additional upward pressure on inflation and are likely to weigh on economic activity.,invasion related events creating additional upward pressure inflation likely weigh economic activity.,-1,0.021209862,0.9314588,0.047331274,0.026121411,TRUE,Topic -1
5/4/2022,2022,5/4/2022,6,"In addition, COVID-related lockdowns in China are likely to exacerbate supply chain disruptions.","addition, COVID-related lockdowns China likely exacerbate supply chain disruptions.",-1,0.010006153,0.96609384,0.023900017,0.013893864,TRUE,Topic -1
5/4/2022,2022,5/4/2022,7,The Committee is highly attentive to inflation risks.,Committee highly attentive inflation risks.,0,0.24917008,0.013360796,0.73746914,0.48829907,FALSE,"Topic 0: percent, funds, target, committee, rate, federal"
5/4/2022,2022,5/4/2022,8,The Committee seeks to achieve maximum employment and inflation at the rate of 2 percent over the longer run.,Committee seeks achieve maximum employment inflation rate 2 percent longer run.,10,0.19483128,0.015096758,0.79007196,0.5952407,FALSE,"Topic 10: achieve, longer, seeks, run, maximum, employment"
5/4/2022,2022,5/4/2022,9,"With appropriate firming in the stance of monetary policy, the Committee expects inflation to return to its 2 percent objective and the labor market to remain strong.","appropriate firming stance monetary policy, Committee expects inflation return 2 percent objective labor market remain strong.",0,0.95300657,0.02015263,0.02684077,-0.9261658,TRUE,"Topic 0: percent, funds, target, committee, rate, federal"
5/4/2022,2022,5/4/2022,10,"In support of these goals, the Committee decided to raise the target range for the federal funds rate to 3/4 to 1 percent and anticipates that ongoing increases in the target range will be appropriate.","support goals, Committee decided raise target range federal funds rate 3/4 1 percent anticipates ongoing increases target range appropriate.",0,0.88306683,0.013279445,0.10365367,-0.77941316,TRUE,"Topic 0: percent, funds, target, committee, rate, federal"
5/4/2022,2022,5/4/2022,11,"In addition, the Committee decided to begin reducing its holdings of Treasury securities and agency debt and agency mortgage-backed securities on June 1, as described in the Plans for Reducing the Size of the Federal Reserve's Balance Sheet that were issued in conjunction with this statement.","addition, Committee decided begin reducing holdings Treasury securities agency debt agency mortgage-backed securities June 1, described Plans Reducing Size Federal Reserve's Balance Sheet issued conjunction statement.",26,0.032628678,0.6320843,0.33528703,0.30265835,FALSE,"Topic 26: reducing, described, plans, addition, agency, previously"
5/4/2022,2022,5/4/2022,12,"In assessing the appropriate stance of monetary policy, the Committee will continue to monitor the implications of incoming information for the economic outlook.","assessing appropriate stance monetary policy, Committee continue monitor implications incoming information economic outlook.",0,0.10227403,0.015938014,0.881788,0.77951396,TRUE,"Topic 0: percent, funds, target, committee, rate, federal"
5/4/2022,2022,5/4/2022,13,The Committee would be prepared to adjust the stance of monetary policy as appropriate if risks emerge that could impede the attainment of the Committee’s goals.,Committee would prepared adjust stance monetary policy appropriate risks emerge could impede attainment Committee’s goals.,9,0.04179043,0.17925131,0.77895826,0.73716784,TRUE,"Topic 9: impede, emerge, attainment, adjust, prepared, goals"
5/4/2022,2022,5/4/2022,14,"The Committee's assessments will take into account a wide range of information, including readings on public health, labor market conditions, inflation pressures and inflation expectations, and financial and international developments.","Committee's assessments take account wide range information, including readings public health, labor market conditions, inflation pressures inflation expectations, financial international developments.",11,0.07091407,0.014915818,0.91417015,0.84325606,TRUE,"Topic 11: assessments, international, wide, readings, public, health"
6/15/2022,2022,6/15/2022,0,Overall economic activity appears to have picked up after edging down in the first quarter.,Overall economic activity appears picked edging first quarter.,8,0.8978672,0.084482044,0.017650828,-0.88021636,FALSE,"Topic 8: expanding, suggests, received, met, open, activity"
6/15/2022,2022,6/15/2022,1,"Job gains have been robust in recent months, and the unemployment rate has remained low.","Job gains robust recent months, unemployment rate remained low.",1,0.4374831,0.5327842,0.029732665,-0.40775043,FALSE,"Topic 1: gains, job, unemployment, received, met, open"
6/15/2022,2022,6/15/2022,2,"Inflation remains elevated, reflecting supply and demand imbalances related to the pandemic, higher energy prices, and broader price pressures.","Inflation remains elevated, reflecting supply demand imbalances related pandemic, higher energy prices, broader price pressures.",29,0.10234281,0.8768964,0.020760817,-0.08158199,FALSE,"Topic 29: imbalances, elevated, demand, supply, related, pandemic"
6/15/2022,2022,6/15/2022,3,The invasion of Ukraine by Russia is causing tremendous human and economic hardship.,invasion Ukraine Russia causing tremendous human economic hardship.,-1,0.014893278,0.91906947,0.06603725,0.051143974,FALSE,Topic -1
6/15/2022,2022,6/15/2022,4,The invasion and related events are creating additional upward pressure on inflation and are weighing on global economic activity.,invasion related events creating additional upward pressure inflation weighing global economic activity.,-1,0.016134907,0.9384503,0.045414757,0.02927985,FALSE,Topic -1
6/15/2022,2022,6/15/2022,5,"In addition, COVID-related lockdowns in China are likely to exacerbate supply chain disruptions.","addition, COVID-related lockdowns China likely exacerbate supply chain disruptions.",-1,0.010006153,0.96609384,0.023900017,0.013893864,TRUE,Topic -1
6/15/2022,2022,6/15/2022,6,The Committee is highly attentive to inflation risks.,Committee highly attentive inflation risks.,0,0.24917008,0.013360796,0.73746914,0.48829907,FALSE,"Topic 0: percent, funds, target, committee, rate, federal"
6/15/2022,2022,6/15/2022,7,The Committee seeks to achieve maximum employment and inflation at the rate of 2 percent over the longer run.,Committee seeks achieve maximum employment inflation rate 2 percent longer run.,10,0.19483128,0.015096758,0.79007196,0.5952407,FALSE,"Topic 10: achieve, longer, seeks, run, maximum, employment"
6/15/2022,2022,6/15/2022,8,"In support of these goals, the Committee decided to raise the target range for the federal funds rate to 1‑1/2 to 1-3/4 percent and anticipates that ongoing increases in the target range will be appropriate.","support goals, Committee decided raise target range federal funds rate 1‑1/2 1-3/4 percent anticipates ongoing increases target range appropriate.",0,0.89288515,0.013752723,0.093362056,-0.7995231,TRUE,"Topic 0: percent, funds, target, committee, rate, federal"
6/15/2022,2022,6/15/2022,9,"In addition, the Committee will continue reducing its holdings of Treasury securities and agency debt and agency mortgage-backed securities, as described in the Plans for Reducing the Size of the Federal Reserve's Balance Sheet that were issued in May.","addition, Committee continue reducing holdings Treasury securities agency debt agency mortgage-backed securities, described Plans Reducing Size Federal Reserve's Balance Sheet issued May.",26,0.024659794,0.8603634,0.11497677,0.09031698,TRUE,"Topic 26: reducing, described, plans, addition, agency, previously"
6/15/2022,2022,6/15/2022,10,The Committee is strongly committed to returning inflation to its 2 percent objective.,Committee strongly committed returning inflation 2 percent objective.,0,0.7407018,0.016247133,0.24305113,-0.49765068,FALSE,"Topic 0: percent, funds, target, committee, rate, federal"
6/15/2022,2022,6/15/2022,11,"In assessing the appropriate stance of monetary policy, the Committee will continue to monitor the implications of incoming information for the economic outlook.","assessing appropriate stance monetary policy, Committee continue monitor implications incoming information economic outlook.",0,0.10227403,0.015938014,0.881788,0.77951396,TRUE,"Topic 0: percent, funds, target, committee, rate, federal"
6/15/2022,2022,6/15/2022,12,The Committee would be prepared to adjust the stance of monetary policy as appropriate if risks emerge that could impede the attainment of the Committee's goals.,Committee would prepared adjust stance monetary policy appropriate risks emerge could impede attainment Committee's goals.,9,0.04147743,0.19930433,0.7592182,0.7177408,TRUE,"Topic 9: impede, emerge, attainment, adjust, prepared, goals"
6/15/2022,2022,6/15/2022,13,"The Committee's assessments will take into account a wide range of information, including readings on public health, labor market conditions, inflation pressures and inflation expectations, and financial and international developments.","Committee's assessments take account wide range information, including readings public health, labor market conditions, inflation pressures inflation expectations, financial international developments.",11,0.07091407,0.014915818,0.91417015,0.84325606,TRUE,"Topic 11: assessments, international, wide, readings, public, health"
7/27/2022,2022,7/27/2022,0,Recent indicators of spending and production have softened.,Recent indicators spending production softened.,-1,0.029986706,0.92559284,0.04442051,0.014433805,FALSE,Topic -1
7/27/2022,2022,7/27/2022,1,"Nonetheless, job gains have been robust in recent months, and the unemployment rate has remained low.","Nonetheless, job gains robust recent months, unemployment rate remained low.",1,0.4391945,0.5312173,0.029588116,-0.4096064,FALSE,"Topic 1: gains, job, unemployment, received, met, open"
7/27/2022,2022,7/27/2022,2,"Inflation remains elevated, reflecting supply and demand imbalances related to the pandemic, higher food and energy prices, and broader price pressures.","Inflation remains elevated, reflecting supply demand imbalances related pandemic, higher food energy prices, broader price pressures.",29,0.095891155,0.88341665,0.020692255,-0.0751989,FALSE,"Topic 29: imbalances, elevated, demand, supply, related, pandemic"
7/27/2022,2022,7/27/2022,3,Russia's war against Ukraine is causing tremendous human and economic hardship.,Russia's war Ukraine causing tremendous human economic hardship.,-1,0.015206941,0.92489856,0.05989457,0.04468763,FALSE,Topic -1
7/27/2022,2022,7/27/2022,4,The war and related events are creating additional upward pressure on inflation and are weighing on global economic activity.,war related events creating additional upward pressure inflation weighing global economic activity.,-1,0.015589655,0.94377667,0.04063374,0.025044087,FALSE,Topic -1
7/27/2022,2022,7/27/2022,5,The Committee is highly attentive to inflation risks.,Committee highly attentive inflation risks.,0,0.24917008,0.013360796,0.73746914,0.48829907,FALSE,"Topic 0: percent, funds, target, committee, rate, federal"
7/27/2022,2022,7/27/2022,6,The Committee seeks to achieve maximum employment and inflation at the rate of 2 percent over the longer run.,Committee seeks achieve maximum employment inflation rate 2 percent longer run.,10,0.19483128,0.015096758,0.79007196,0.5952407,FALSE,"Topic 10: achieve, longer, seeks, run, maximum, employment"
7/27/2022,2022,7/27/2022,7,"In support of these goals, the Committee decided to raise the target range for the federal funds rate to 2-1/4 to 2-1/2 percent and anticipates that ongoing increases in the target range will be appropriate.","support goals, Committee decided raise target range federal funds rate 2-1/4 2-1/2 percent anticipates ongoing increases target range appropriate.",0,0.8975775,0.013665085,0.08875735,-0.8088202,TRUE,"Topic 0: percent, funds, target, committee, rate, federal"
7/27/2022,2022,7/27/2022,8,"In addition, the Committee will continue reducing its holdings of Treasury securities and agency debt and agency mortgage-backed securities, as described in the Plans for Reducing the Size of the Federal Reserve's Balance Sheet that were issued in May.","addition, Committee continue reducing holdings Treasury securities agency debt agency mortgage-backed securities, described Plans Reducing Size Federal Reserve's Balance Sheet issued May.",26,0.024659794,0.8603634,0.11497677,0.09031698,TRUE,"Topic 26: reducing, described, plans, addition, agency, previously"
7/27/2022,2022,7/27/2022,9,The Committee is strongly committed to returning inflation to its 2 percent objective.,Committee strongly committed returning inflation 2 percent objective.,0,0.7407018,0.016247133,0.24305113,-0.49765068,FALSE,"Topic 0: percent, funds, target, committee, rate, federal"
7/27/2022,2022,7/27/2022,10,"In assessing the appropriate stance of monetary policy, the Committee will continue to monitor the implications of incoming information for the economic outlook.","assessing appropriate stance monetary policy, Committee continue monitor implications incoming information economic outlook.",0,0.10227403,0.015938014,0.881788,0.77951396,TRUE,"Topic 0: percent, funds, target, committee, rate, federal"
7/27/2022,2022,7/27/2022,11,The Committee would be prepared to adjust the stance of monetary policy as appropriate if risks emerge that could impede the attainment of the Committee's goals.,Committee would prepared adjust stance monetary policy appropriate risks emerge could impede attainment Committee's goals.,9,0.04147743,0.19930433,0.7592182,0.7177408,TRUE,"Topic 9: impede, emerge, attainment, adjust, prepared, goals"
7/27/2022,2022,7/27/2022,12,"The Committee's assessments will take into account a wide range of information, including readings on public health, labor market conditions, inflation pressures and inflation expectations, and financial and international developments.","Committee's assessments take account wide range information, including readings public health, labor market conditions, inflation pressures inflation expectations, financial international developments.",11,0.07091407,0.014915818,0.91417015,0.84325606,TRUE,"Topic 11: assessments, international, wide, readings, public, health"
9/21/2022,2022,9/21/2022,0,Recent indicators point to modest growth in spending and production.,Recent indicators point modest growth spending production.,-1,0.6386097,0.28848994,0.07290035,-0.56570935,FALSE,Topic -1
9/21/2022,2022,9/21/2022,1,"Job gains have been robust in recent months, and the unemployment rate has remained low.","Job gains robust recent months, unemployment rate remained low.",1,0.4374831,0.5327842,0.029732665,-0.40775043,FALSE,"Topic 1: gains, job, unemployment, received, met, open"
9/21/2022,2022,9/21/2022,2,"Inflation remains elevated, reflecting supply and demand imbalances related to the pandemic, higher food and energy prices, and broader price pressures.","Inflation remains elevated, reflecting supply demand imbalances related pandemic, higher food energy prices, broader price pressures.",29,0.095891155,0.88341665,0.020692255,-0.0751989,FALSE,"Topic 29: imbalances, elevated, demand, supply, related, pandemic"
9/21/2022,2022,9/21/2022,3,Russia's war against Ukraine is causing tremendous human and economic hardship.,Russia's war Ukraine causing tremendous human economic hardship.,-1,0.015206941,0.92489856,0.05989457,0.04468763,FALSE,Topic -1
9/21/2022,2022,9/21/2022,4,The war and related events are creating additional upward pressure on inflation and are weighing on global economic activity.,war related events creating additional upward pressure inflation weighing global economic activity.,-1,0.015589655,0.94377667,0.04063374,0.025044087,FALSE,Topic -1
9/21/2022,2022,9/21/2022,5,The Committee is highly attentive to inflation risks.,Committee highly attentive inflation risks.,0,0.24917008,0.013360796,0.73746914,0.48829907,FALSE,"Topic 0: percent, funds, target, committee, rate, federal"
9/21/2022,2022,9/21/2022,6,The Committee seeks to achieve maximum employment and inflation at the rate of 2 percent over the longer run.,Committee seeks achieve maximum employment inflation rate 2 percent longer run.,10,0.19483128,0.015096758,0.79007196,0.5952407,FALSE,"Topic 10: achieve, longer, seeks, run, maximum, employment"
9/21/2022,2022,9/21/2022,7,"In support of these goals, the Committee decided to raise the target range for the federal funds rate to 3 to 3-1/4 percent and anticipates that ongoing increases in the target range will be appropriate.","support goals, Committee decided raise target range federal funds rate 3 3-1/4 percent anticipates ongoing increases target range appropriate.",0,0.8807314,0.013347863,0.10592078,-0.7748106,TRUE,"Topic 0: percent, funds, target, committee, rate, federal"
9/21/2022,2022,9/21/2022,8,"In addition, the Committee will continue reducing its holdings of Treasury securities and agency debt and agency mortgage-backed securities, as described in the Plans for Reducing the Size of the Federal Reserve's Balance Sheet that were issued in May.","addition, Committee continue reducing holdings Treasury securities agency debt agency mortgage-backed securities, described Plans Reducing Size Federal Reserve's Balance Sheet issued May.",26,0.024659794,0.8603634,0.11497677,0.09031698,TRUE,"Topic 26: reducing, described, plans, addition, agency, previously"
9/21/2022,2022,9/21/2022,9,The Committee is strongly committed to returning inflation to its 2 percent objective.,Committee strongly committed returning inflation 2 percent objective.,0,0.7407018,0.016247133,0.24305113,-0.49765068,FALSE,"Topic 0: percent, funds, target, committee, rate, federal"
9/21/2022,2022,9/21/2022,10,"In assessing the appropriate stance of monetary policy, the Committee will continue to monitor the implications of incoming information for the economic outlook.","assessing appropriate stance monetary policy, Committee continue monitor implications incoming information economic outlook.",0,0.10227403,0.015938014,0.881788,0.77951396,TRUE,"Topic 0: percent, funds, target, committee, rate, federal"
9/21/2022,2022,9/21/2022,11,The Committee would be prepared to adjust the stance of monetary policy as appropriate if risks emerge that could impede the attainment of the Committee's goals.,Committee would prepared adjust stance monetary policy appropriate risks emerge could impede attainment Committee's goals.,9,0.04147743,0.19930433,0.7592182,0.7177408,TRUE,"Topic 9: impede, emerge, attainment, adjust, prepared, goals"
9/21/2022,2022,9/21/2022,12,"The Committee's assessments will take into account a wide range of information, including readings on public health, labor market conditions, inflation pressures and inflation expectations, and financial and international developments.","Committee's assessments take account wide range information, including readings public health, labor market conditions, inflation pressures inflation expectations, financial international developments.",11,0.07091407,0.014915818,0.91417015,0.84325606,TRUE,"Topic 11: assessments, international, wide, readings, public, health"
11/2/2022,2022,11/2/2022,0,Recent indicators point to modest growth in spending and production.,Recent indicators point modest growth spending production.,-1,0.6386097,0.28848994,0.07290035,-0.56570935,FALSE,Topic -1
11/2/2022,2022,11/2/2022,1,"Job gains have been robust in recent months, and the unemployment rate has remained low.","Job gains robust recent months, unemployment rate remained low.",1,0.4374831,0.5327842,0.029732665,-0.40775043,FALSE,"Topic 1: gains, job, unemployment, received, met, open"
11/2/2022,2022,11/2/2022,2,"Inflation remains elevated, reflecting supply and demand imbalances related to the pandemic, higher food and energy prices, and broader price pressures.","Inflation remains elevated, reflecting supply demand imbalances related pandemic, higher food energy prices, broader price pressures.",29,0.095891155,0.88341665,0.020692255,-0.0751989,FALSE,"Topic 29: imbalances, elevated, demand, supply, related, pandemic"
11/2/2022,2022,11/2/2022,3,Russia's war against Ukraine is causing tremendous human and economic hardship.,Russia's war Ukraine causing tremendous human economic hardship.,-1,0.015206941,0.92489856,0.05989457,0.04468763,FALSE,Topic -1
11/2/2022,2022,11/2/2022,4,The war and related events are creating additional upward pressure on inflation and are weighing on global economic activity.,war related events creating additional upward pressure inflation weighing global economic activity.,-1,0.015589655,0.94377667,0.04063374,0.025044087,FALSE,Topic -1
11/2/2022,2022,11/2/2022,5,The Committee is highly attentive to inflation risks.,Committee highly attentive inflation risks.,0,0.24917008,0.013360796,0.73746914,0.48829907,FALSE,"Topic 0: percent, funds, target, committee, rate, federal"
11/2/2022,2022,11/2/2022,6,The Committee seeks to achieve maximum employment and inflation at the rate of 2 percent over the longer run.,Committee seeks achieve maximum employment inflation rate 2 percent longer run.,10,0.19483128,0.015096758,0.79007196,0.5952407,FALSE,"Topic 10: achieve, longer, seeks, run, maximum, employment"
11/2/2022,2022,11/2/2022,7,"In support of these goals, the Committee decided to raise the target range for the federal funds rate to 3-3/4 to 4 percent.","support goals, Committee decided raise target range federal funds rate 3-3/4 4 percent.",0,0.3530809,0.023239238,0.6236798,0.27059892,FALSE,"Topic 0: percent, funds, target, committee, rate, federal"
11/2/2022,2022,11/2/2022,8,The Committee anticipates that ongoing increases in the target range will be appropriate in order to attain a stance of monetary policy that is sufficiently restrictive to return inflation to 2 percent over time.,Committee anticipates ongoing increases target range appropriate order attain stance monetary policy sufficiently restrictive return inflation 2 percent time.,0,0.9165726,0.015320241,0.06810714,-0.84846544,TRUE,"Topic 0: percent, funds, target, committee, rate, federal"
11/2/2022,2022,11/2/2022,9,"In determining the pace of future increases in the target range, the Committee will take into account the cumulative tightening of monetary policy, the lags with which monetary policy affects economic activity and inflation, and economic and financial developments.","determining pace future increases target range, Committee take account cumulative tightening monetary policy, lags monetary policy affects economic activity inflation, economic financial developments.",0,0.057813376,0.029915603,0.9122711,0.85445774,TRUE,"Topic 0: percent, funds, target, committee, rate, federal"
11/2/2022,2022,11/2/2022,10,"In addition, the Committee will continue reducing its holdings of Treasury securities and agency debt and agency mortgage-backed securities, as described in the Plans for Reducing the Size of the Federal Reserve's Balance Sheet that were issued in May.","addition, Committee continue reducing holdings Treasury securities agency debt agency mortgage-backed securities, described Plans Reducing Size Federal Reserve's Balance Sheet issued May.",26,0.024659794,0.8603634,0.11497677,0.09031698,TRUE,"Topic 26: reducing, described, plans, addition, agency, previously"
11/2/2022,2022,11/2/2022,11,The Committee is strongly committed to returning inflation to its 2 percent objective.,Committee strongly committed returning inflation 2 percent objective.,0,0.7407018,0.016247133,0.24305113,-0.49765068,FALSE,"Topic 0: percent, funds, target, committee, rate, federal"
11/2/2022,2022,11/2/2022,12,"In assessing the appropriate stance of monetary policy, the Committee will continue to monitor the implications of incoming information for the economic outlook.","assessing appropriate stance monetary policy, Committee continue monitor implications incoming information economic outlook.",0,0.10227403,0.015938014,0.881788,0.77951396,TRUE,"Topic 0: percent, funds, target, committee, rate, federal"
11/2/2022,2022,11/2/2022,13,The Committee would be prepared to adjust the stance of monetary policy as appropriate if risks emerge that could impede the attainment of the Committee's goals.,Committee would prepared adjust stance monetary policy appropriate risks emerge could impede attainment Committee's goals.,9,0.04147743,0.19930433,0.7592182,0.7177408,TRUE,"Topic 9: impede, emerge, attainment, adjust, prepared, goals"
11/2/2022,2022,11/2/2022,14,"The Committee's assessments will take into account a wide range of information, including readings on public health, labor market conditions, inflation pressures and inflation expectations, and financial and international developments.","Committee's assessments take account wide range information, including readings public health, labor market conditions, inflation pressures inflation expectations, financial international developments.",11,0.07091407,0.014915818,0.91417015,0.84325606,TRUE,"Topic 11: assessments, international, wide, readings, public, health"
12/14/2022,2022,12/14/2022,0,Recent indicators point to modest growth in spending and production.,Recent indicators point modest growth spending production.,-1,0.6386097,0.28848994,0.07290035,-0.56570935,FALSE,Topic -1
12/14/2022,2022,12/14/2022,1,"Job gains have been robust in recent months, and the unemployment rate has remained low.","Job gains robust recent months, unemployment rate remained low.",1,0.4374831,0.5327842,0.029732665,-0.40775043,FALSE,"Topic 1: gains, job, unemployment, received, met, open"
12/14/2022,2022,12/14/2022,2,"Inflation remains elevated, reflecting supply and demand imbalances related to the pandemic, higher food and energy prices, and broader price pressures.","Inflation remains elevated, reflecting supply demand imbalances related pandemic, higher food energy prices, broader price pressures.",29,0.095891155,0.88341665,0.020692255,-0.0751989,FALSE,"Topic 29: imbalances, elevated, demand, supply, related, pandemic"
12/14/2022,2022,12/14/2022,3,Russia's war against Ukraine is causing tremendous human and economic hardship.,Russia's war Ukraine causing tremendous human economic hardship.,-1,0.015206941,0.92489856,0.05989457,0.04468763,FALSE,Topic -1
12/14/2022,2022,12/14/2022,4,The war and related events are contributing to upward pressure on inflation and are weighing on global economic activity.,war related events contributing upward pressure inflation weighing global economic activity.,-1,0.015907591,0.9382204,0.045872107,0.029964516,FALSE,Topic -1
12/14/2022,2022,12/14/2022,5,The Committee is highly attentive to inflation risks.,Committee highly attentive inflation risks.,0,0.24917008,0.013360796,0.73746914,0.48829907,FALSE,"Topic 0: percent, funds, target, committee, rate, federal"
12/14/2022,2022,12/14/2022,6,The Committee seeks to achieve maximum employment and inflation at the rate of 2 percent over the longer run.,Committee seeks achieve maximum employment inflation rate 2 percent longer run.,10,0.19483128,0.015096758,0.79007196,0.5952407,FALSE,"Topic 10: achieve, longer, seeks, run, maximum, employment"
12/14/2022,2022,12/14/2022,7,"In support of these goals, the Committee decided to raise the target range for the federal funds rate to 4-1/4 to 4-1/2 percent.","support goals, Committee decided raise target range federal funds rate 4-1/4 4-1/2 percent.",0,0.43828645,0.02446257,0.537251,0.09896454,FALSE,"Topic 0: percent, funds, target, committee, rate, federal"
12/14/2022,2022,12/14/2022,8,The Committee anticipates that ongoing increases in the target range will be appropriate in order to attain a stance of monetary policy that is sufficiently restrictive to return inflation to 2 percent over time.,Committee anticipates ongoing increases target range appropriate order attain stance monetary policy sufficiently restrictive return inflation 2 percent time.,0,0.9165726,0.015320241,0.06810714,-0.84846544,TRUE,"Topic 0: percent, funds, target, committee, rate, federal"
12/14/2022,2022,12/14/2022,9,"In determining the pace of future increases in the target range, the Committee will take into account the cumulative tightening of monetary policy, the lags with which monetary policy affects economic activity and inflation, and economic and financial developments.","determining pace future increases target range, Committee take account cumulative tightening monetary policy, lags monetary policy affects economic activity inflation, economic financial developments.",0,0.057813376,0.029915603,0.9122711,0.85445774,TRUE,"Topic 0: percent, funds, target, committee, rate, federal"
12/14/2022,2022,12/14/2022,10,"In addition, the Committee will continue reducing its holdings of Treasury securities and agency debt and agency mortgage-backed securities, as described in the Plans for Reducing the Size of the Federal Reserve's Balance Sheet that were issued in May.","addition, Committee continue reducing holdings Treasury securities agency debt agency mortgage-backed securities, described Plans Reducing Size Federal Reserve's Balance Sheet issued May.",26,0.024659794,0.8603634,0.11497677,0.09031698,TRUE,"Topic 26: reducing, described, plans, addition, agency, previously"
12/14/2022,2022,12/14/2022,11,The Committee is strongly committed to returning inflation to its 2 percent objective.,Committee strongly committed returning inflation 2 percent objective.,0,0.7407018,0.016247133,0.24305113,-0.49765068,FALSE,"Topic 0: percent, funds, target, committee, rate, federal"
12/14/2022,2022,12/14/2022,12,"In assessing the appropriate stance of monetary policy, the Committee will continue to monitor the implications of incoming information for the economic outlook.","assessing appropriate stance monetary policy, Committee continue monitor implications incoming information economic outlook.",0,0.10227403,0.015938014,0.881788,0.77951396,TRUE,"Topic 0: percent, funds, target, committee, rate, federal"
12/14/2022,2022,12/14/2022,13,The Committee would be prepared to adjust the stance of monetary policy as appropriate if risks emerge that could impede the attainment of the Committee's goals.,Committee would prepared adjust stance monetary policy appropriate risks emerge could impede attainment Committee's goals.,9,0.041477446,0.19930412,0.75921845,0.717741,TRUE,"Topic 9: impede, emerge, attainment, adjust, prepared, goals"
12/14/2022,2022,12/14/2022,14,"The Committee's assessments will take into account a wide range of information, including readings on public health, labor market conditions, inflation pressures and inflation expectations, and financial and international developments.","Committee's assessments take account wide range information, including readings public health, labor market conditions, inflation pressures inflation expectations, financial international developments.",11,0.07091405,0.014915812,0.91417015,0.8432561,TRUE,"Topic 11: assessments, international, wide, readings, public, health"
2/1/2023,2023,2/1/2023,0,Recent indicators point to modest growth in spending and production.,Recent indicators point modest growth spending production.,-1,0.6386097,0.28848994,0.07290035,-0.56570935,FALSE,Topic -1
2/1/2023,2023,2/1/2023,1,"Job gains have been robust in recent months, and the unemployment rate has remained low.","Job gains robust recent months, unemployment rate remained low.",1,0.4374831,0.5327842,0.029732665,-0.40775043,FALSE,"Topic 1: gains, job, unemployment, received, met, open"
2/1/2023,2023,2/1/2023,2,Inflation has eased somewhat but remains elevated.,Inflation eased somewhat remains elevated.,25,0.84817815,0.12408019,0.027741678,-0.8204365,FALSE,"Topic 25: reflecting, prices, largely, oil, factors, commodities"
2/1/2023,2023,2/1/2023,3,Russia's war against Ukraine is causing tremendous human and economic hardship and is contributing to elevated global uncertainty.,Russia's war Ukraine causing tremendous human economic hardship contributing elevated global uncertainty.,-1,0.015541232,0.9276272,0.056831528,0.041290294,FALSE,Topic -1
2/1/2023,2023,2/1/2023,4,The Committee is highly attentive to inflation risks.,Committee highly attentive inflation risks.,0,0.24917008,0.013360796,0.73746914,0.48829907,FALSE,"Topic 0: percent, funds, target, committee, rate, federal"
2/1/2023,2023,2/1/2023,5,The Committee seeks to achieve maximum employment and inflation at the rate of 2 percent over the longer run.,Committee seeks achieve maximum employment inflation rate 2 percent longer run.,10,0.19483128,0.015096758,0.79007196,0.5952407,FALSE,"Topic 10: achieve, longer, seeks, run, maximum, employment"
2/1/2023,2023,2/1/2023,6,"In support of these goals, the Committee decided to raise the target range for the federal funds rate to 4-1/2 to 4-3/4 percent.","support goals, Committee decided raise target range federal funds rate 4-1/2 4-3/4 percent.",0,0.42186856,0.024245026,0.5538864,0.13201785,FALSE,"Topic 0: percent, funds, target, committee, rate, federal"
2/1/2023,2023,2/1/2023,7,The Committee anticipates that ongoing increases in the target range will be appropriate in order to attain a stance of monetary policy that is sufficiently restrictive to return inflation to 2 percent over time.,Committee anticipates ongoing increases target range appropriate order attain stance monetary policy sufficiently restrictive return inflation 2 percent time.,0,0.9165726,0.015320247,0.068107165,-0.8484654,TRUE,"Topic 0: percent, funds, target, committee, rate, federal"
2/1/2023,2023,2/1/2023,8,"In determining the extent of future increases in the target range, the Committee will take into account the cumulative tightening of monetary policy, the lags with which monetary policy affects economic activity and inflation, and economic and financial developments.","determining extent future increases target range, Committee take account cumulative tightening monetary policy, lags monetary policy affects economic activity inflation, economic financial developments.",0,0.06022713,0.03121083,0.90856206,0.8483349,TRUE,"Topic 0: percent, funds, target, committee, rate, federal"
2/1/2023,2023,2/1/2023,9,"In addition, the Committee will continue reducing its holdings of Treasury securities and agency debt and agency mortgage-backed securities, as described in its previously announced plans.","addition, Committee continue reducing holdings Treasury securities agency debt agency mortgage-backed securities, described previously announced plans.",26,0.093827754,0.3032203,0.602952,0.5091243,TRUE,"Topic 26: reducing, described, plans, addition, agency, previously"
2/1/2023,2023,2/1/2023,10,The Committee is strongly committed to returning inflation to its 2 percent objective.,Committee strongly committed returning inflation 2 percent objective.,0,0.7407018,0.016247133,0.24305113,-0.49765068,FALSE,"Topic 0: percent, funds, target, committee, rate, federal"
2/1/2023,2023,2/1/2023,11,"In assessing the appropriate stance of monetary policy, the Committee will continue to monitor the implications of incoming information for the economic outlook.","assessing appropriate stance monetary policy, Committee continue monitor implications incoming information economic outlook.",0,0.10227403,0.015938014,0.881788,0.77951396,TRUE,"Topic 0: percent, funds, target, committee, rate, federal"
2/1/2023,2023,2/1/2023,12,The Committee would be prepared to adjust the stance of monetary policy as appropriate if risks emerge that could impede the attainment of the Committee's goals.,Committee would prepared adjust stance monetary policy appropriate risks emerge could impede attainment Committee's goals.,9,0.041477446,0.19930412,0.75921845,0.717741,TRUE,"Topic 9: impede, emerge, attainment, adjust, prepared, goals"
2/1/2023,2023,2/1/2023,13,"The Committee's assessments will take into account a wide range of information, including readings on labor market conditions, inflation pressures and inflation expectations, and financial and international developments.","Committee's assessments take account wide range information, including readings labor market conditions, inflation pressures inflation expectations, financial international developments.",11,0.06676648,0.016173953,0.91705954,0.85029304,TRUE,"Topic 11: assessments, international, wide, readings, public, health"
3/22/2023,2023,3/22/2023,0,Recent indicators point to modest growth in spending and production.,Recent indicators point modest growth spending production.,-1,0.6386097,0.28848994,0.07290035,-0.56570935,FALSE,Topic -1
3/22/2023,2023,3/22/2023,1,Job gains have picked up in recent months and are running at a robust pace; the unemployment rate has remained low.,Job gains picked recent months running robust pace; unemployment rate remained low.,1,0.904719,0.07349863,0.021782361,-0.88293666,FALSE,"Topic 1: gains, job, unemployment, received, met, open"
3/22/2023,2023,3/22/2023,2,Inflation remains elevated.,Inflation remains elevated.,29,0.65955824,0.16148803,0.17895368,-0.48060456,FALSE,"Topic 29: imbalances, elevated, demand, supply, related, pandemic"
3/22/2023,2023,3/22/2023,3,The U.S. banking system is sound and resilient.,U.S. banking system sound resilient.,-1,0.5950937,0.017145138,0.38776115,-0.20733258,FALSE,Topic -1
3/22/2023,2023,3/22/2023,4,"Recent developments are likely to result in tighter credit conditions for households and businesses and to weigh on economic activity, hiring, and inflation.","Recent developments likely result tighter credit conditions households businesses weigh economic activity, hiring, inflation.",35,0.019638572,0.92402273,0.056338746,0.036700174,TRUE,"Topic 35: hiring, tighter, weigh, disruptions, businesses, households"
3/22/2023,2023,3/22/2023,5,The extent of these effects is uncertain.,extent effects uncertain.,-1,0.026048271,0.11164334,0.8623083,0.8362601,FALSE,Topic -1
3/22/2023,2023,3/22/2023,6,The Committee remains highly attentive to inflation risks.,Committee remains highly attentive inflation risks.,12,0.33725592,0.020901896,0.6418422,0.30458626,FALSE,"Topic 12: closely, continues, monitor, developments, attentive, global"
3/22/2023,2023,3/22/2023,7,The Committee seeks to achieve maximum employment and inflation at the rate of 2 percent over the longer run.,Committee seeks achieve maximum employment inflation rate 2 percent longer run.,10,0.19483128,0.015096758,0.79007196,0.5952407,FALSE,"Topic 10: achieve, longer, seeks, run, maximum, employment"
3/22/2023,2023,3/22/2023,8,"In support of these goals, the Committee decided to raise the target range for the federal funds rate to 4-3/4 to 5 percent.","support goals, Committee decided raise target range federal funds rate 4-3/4 5 percent.",0,0.39426875,0.023162613,0.5825687,0.18829995,FALSE,"Topic 0: percent, funds, target, committee, rate, federal"
3/22/2023,2023,3/22/2023,9,The Committee will closely monitor incoming information and assess the implications for monetary policy.,Committee closely monitor incoming information assess implications monetary policy.,0,0.07959726,0.015702998,0.9046998,0.82510257,TRUE,"Topic 0: percent, funds, target, committee, rate, federal"
3/22/2023,2023,3/22/2023,10,The Committee anticipates that some additional policy firming may be appropriate in order to attain a stance of monetary policy that is sufficiently restrictive to return inflation to 2 percent over time.,Committee anticipates additional policy firming may appropriate order attain stance monetary policy sufficiently restrictive return inflation 2 percent time.,0,0.91483843,0.01645308,0.06870855,-0.8461299,TRUE,"Topic 0: percent, funds, target, committee, rate, federal"
3/22/2023,2023,3/22/2023,11,"In determining the extent of future increases in the target range, the Committee will take into account the cumulative tightening of monetary policy, the lags with which monetary policy affects economic activity and inflation, and economic and financial developments.","determining extent future increases target range, Committee take account cumulative tightening monetary policy, lags monetary policy affects economic activity inflation, economic financial developments.",0,0.06022713,0.03121083,0.90856206,0.8483349,TRUE,"Topic 0: percent, funds, target, committee, rate, federal"
3/22/2023,2023,3/22/2023,12,"In addition, the Committee will continue reducing its holdings of Treasury securities and agency debt and agency mortgage-backed securities, as described in its previously announced plans.","addition, Committee continue reducing holdings Treasury securities agency debt agency mortgage-backed securities, described previously announced plans.",26,0.093827754,0.3032203,0.602952,0.5091243,TRUE,"Topic 26: reducing, described, plans, addition, agency, previously"
3/22/2023,2023,3/22/2023,13,The Committee is strongly committed to returning inflation to its 2 percent objective.,Committee strongly committed returning inflation 2 percent objective.,0,0.7407018,0.016247133,0.24305113,-0.49765068,FALSE,"Topic 0: percent, funds, target, committee, rate, federal"
3/22/2023,2023,3/22/2023,14,"In assessing the appropriate stance of monetary policy, the Committee will continue to monitor the implications of incoming information for the economic outlook.","assessing appropriate stance monetary policy, Committee continue monitor implications incoming information economic outlook.",0,0.10227403,0.015938014,0.881788,0.77951396,TRUE,"Topic 0: percent, funds, target, committee, rate, federal"
3/22/2023,2023,3/22/2023,15,The Committee would be prepared to adjust the stance of monetary policy as appropriate if risks emerge that could impede the attainment of the Committee's goals.,Committee would prepared adjust stance monetary policy appropriate risks emerge could impede attainment Committee's goals.,9,0.041477446,0.19930412,0.75921845,0.717741,TRUE,"Topic 9: impede, emerge, attainment, adjust, prepared, goals"
3/22/2023,2023,3/22/2023,16,"The Committee's assessments will take into account a wide range of information, including readings on labor market conditions, inflation pressures and inflation expectations, and financial and international developments.","Committee's assessments take account wide range information, including readings labor market conditions, inflation pressures inflation expectations, financial international developments.",11,0.06676641,0.016173955,0.91705966,0.8502933,TRUE,"Topic 11: assessments, international, wide, readings, public, health"
5/3/2023,2023,5/3/2023,0,Economic activity expanded at a modest pace in the first quarter.,Economic activity expanded modest pace first quarter.,8,0.6814358,0.19357142,0.124992736,-0.5564431,FALSE,"Topic 8: expanding, suggests, received, met, open, activity"
5/3/2023,2023,5/3/2023,1,"Job gains have been robust in recent months, and the unemployment rate has remained low.","Job gains robust recent months, unemployment rate remained low.",1,0.4374831,0.5327842,0.029732665,-0.40775043,FALSE,"Topic 1: gains, job, unemployment, received, met, open"
5/3/2023,2023,5/3/2023,2,Inflation remains elevated.,Inflation remains elevated.,29,0.65955824,0.16148803,0.17895368,-0.48060456,FALSE,"Topic 29: imbalances, elevated, demand, supply, related, pandemic"
5/3/2023,2023,5/3/2023,3,The U.S. banking system is sound and resilient.,U.S. banking system sound resilient.,-1,0.5950937,0.017145138,0.38776115,-0.20733258,FALSE,Topic -1
5/3/2023,2023,5/3/2023,4,"Tighter credit conditions for households and businesses are likely to weigh on economic activity, hiring, and inflation.","Tighter credit conditions households businesses likely weigh economic activity, hiring, inflation.",35,0.013766976,0.94904715,0.03718585,0.023418875,TRUE,"Topic 35: hiring, tighter, weigh, disruptions, businesses, households"
5/3/2023,2023,5/3/2023,5,The extent of these effects remains uncertain.,extent effects remains uncertain.,-1,0.032486863,0.12189329,0.84561986,0.813133,FALSE,Topic -1
5/3/2023,2023,5/3/2023,6,The Committee remains highly attentive to inflation risks.,Committee remains highly attentive inflation risks.,12,0.33725592,0.020901896,0.6418422,0.30458626,FALSE,"Topic 12: closely, continues, monitor, developments, attentive, global"
5/3/2023,2023,5/3/2023,7,The Committee seeks to achieve maximum employment and inflation at the rate of 2 percent over the longer run.,Committee seeks achieve maximum employment inflation rate 2 percent longer run.,10,0.19483128,0.015096758,0.79007196,0.5952407,FALSE,"Topic 10: achieve, longer, seeks, run, maximum, employment"
5/3/2023,2023,5/3/2023,8,"In support of these goals, the Committee decided to raise the target range for the federal funds rate to 5 to 5-1/4 percent.","support goals, Committee decided raise target range federal funds rate 5 5-1/4 percent.",0,0.36207062,0.021510797,0.61641854,0.25434792,FALSE,"Topic 0: percent, funds, target, committee, rate, federal"
5/3/2023,2023,5/3/2023,9,The Committee will closely monitor incoming information and assess the implications for monetary policy.,Committee closely monitor incoming information assess implications monetary policy.,0,0.07959726,0.015702998,0.9046998,0.82510257,TRUE,"Topic 0: percent, funds, target, committee, rate, federal"
5/3/2023,2023,5/3/2023,10,"In determining the extent to which additional policy firming may be appropriate to return inflation to 2 percent over time, the Committee will take into account the cumulative tightening of monetary policy, the lags with which monetary policy affects economic activity and inflation, and economic and financial developments.","determining extent additional policy firming may appropriate return inflation 2 percent time, Committee take account cumulative tightening monetary policy, lags monetary policy affects economic activity inflation, economic financial developments.",0,0.063094266,0.045149773,0.89175594,0.8286617,TRUE,"Topic 0: percent, funds, target, committee, rate, federal"
5/3/2023,2023,5/3/2023,11,"In addition, the Committee will continue reducing its holdings of Treasury securities and agency debt and agency mortgage-backed securities, as described in its previously announced plans.","addition, Committee continue reducing holdings Treasury securities agency debt agency mortgage-backed securities, described previously announced plans.",26,0.09382767,0.30322057,0.60295177,0.5091241,TRUE,"Topic 26: reducing, described, plans, addition, agency, previously"
5/3/2023,2023,5/3/2023,12,The Committee is strongly committed to returning inflation to its 2 percent objective.,Committee strongly committed returning inflation 2 percent objective.,0,0.7407018,0.016247133,0.24305113,-0.49765068,FALSE,"Topic 0: percent, funds, target, committee, rate, federal"
5/3/2023,2023,5/3/2023,13,"In assessing the appropriate stance of monetary policy, the Committee will continue to monitor the implications of incoming information for the economic outlook.","assessing appropriate stance monetary policy, Committee continue monitor implications incoming information economic outlook.",0,0.10227403,0.015938014,0.881788,0.77951396,TRUE,"Topic 0: percent, funds, target, committee, rate, federal"
5/3/2023,2023,5/3/2023,14,The Committee would be prepared to adjust the stance of monetary policy as appropriate if risks emerge that could impede the attainment of the Committee's goals.,Committee would prepared adjust stance monetary policy appropriate risks emerge could impede attainment Committee's goals.,9,0.04147743,0.19930433,0.7592182,0.7177408,TRUE,"Topic 9: impede, emerge, attainment, adjust, prepared, goals"
5/3/2023,2023,5/3/2023,15,"The Committee's assessments will take into account a wide range of information, including readings on labor market conditions, inflation pressures and inflation expectations, and financial and international developments.","Committee's assessments take account wide range information, including readings labor market conditions, inflation pressures inflation expectations, financial international developments.",11,0.06676641,0.016173955,0.91705966,0.8502933,TRUE,"Topic 11: assessments, international, wide, readings, public, health"
6/14/2023,2023,6/14/2023,0,Recent indicators suggest that economic activity has continued to expand at a modest pace.,Recent indicators suggest economic activity continued expand modest pace.,8,0.94940484,0.020191934,0.030403147,-0.9190017,FALSE,"Topic 8: expanding, suggests, received, met, open, activity"
6/14/2023,2023,6/14/2023,1,"Job gains have been robust in recent months, and the unemployment rate has remained low.","Job gains robust recent months, unemployment rate remained low.",1,0.4374831,0.5327842,0.029732665,-0.40775043,FALSE,"Topic 1: gains, job, unemployment, received, met, open"
6/14/2023,2023,6/14/2023,2,Inflation remains elevated.,Inflation remains elevated.,29,0.65955824,0.16148803,0.17895368,-0.48060456,FALSE,"Topic 29: imbalances, elevated, demand, supply, related, pandemic"
6/14/2023,2023,6/14/2023,3,The U.S. banking system is sound and resilient.,U.S. banking system sound resilient.,-1,0.5950937,0.017145138,0.38776115,-0.20733258,FALSE,Topic -1
6/14/2023,2023,6/14/2023,4,"Tighter credit conditions for households and businesses are likely to weigh on economic activity, hiring, and inflation.","Tighter credit conditions households businesses likely weigh economic activity, hiring, inflation.",35,0.013766976,0.94904715,0.03718585,0.023418875,TRUE,"Topic 35: hiring, tighter, weigh, disruptions, businesses, households"
6/14/2023,2023,6/14/2023,5,The extent of these effects remains uncertain.,extent effects remains uncertain.,-1,0.032486863,0.12189329,0.84561986,0.813133,FALSE,Topic -1
6/14/2023,2023,6/14/2023,6,The Committee remains highly attentive to inflation risks.,Committee remains highly attentive inflation risks.,12,0.33725592,0.020901896,0.6418422,0.30458626,FALSE,"Topic 12: closely, continues, monitor, developments, attentive, global"
6/14/2023,2023,6/14/2023,7,The Committee seeks to achieve maximum employment and inflation at the rate of 2 percent over the longer run.,Committee seeks achieve maximum employment inflation rate 2 percent longer run.,10,0.19483128,0.015096758,0.79007196,0.5952407,FALSE,"Topic 10: achieve, longer, seeks, run, maximum, employment"
6/14/2023,2023,6/14/2023,8,"In support of these goals, the Committee decided to maintain the target range for the federal funds rate at 5 to 5-1/4 percent.","support goals, Committee decided maintain target range federal funds rate 5 5-1/4 percent.",0,0.10246355,0.026401633,0.87113476,0.7686712,FALSE,"Topic 0: percent, funds, target, committee, rate, federal"
6/14/2023,2023,6/14/2023,9,Holding the target range steady at this meeting allows the Committee to assess additional information and its implications for monetary policy.,Holding target range steady meeting allows Committee assess additional information implications monetary policy.,0,0.102772295,0.018122219,0.87910545,0.77633315,FALSE,"Topic 0: percent, funds, target, committee, rate, federal"
6/14/2023,2023,6/14/2023,10,"In determining the extent of additional policy firming that may be appropriate to return inflation to 2 percent over time, the Committee will take into account the cumulative tightening of monetary policy, the lags with which monetary policy affects economic activity and inflation, and economic and financial developments.","determining extent additional policy firming may appropriate return inflation 2 percent time, Committee take account cumulative tightening monetary policy, lags monetary policy affects economic activity inflation, economic financial developments.",0,0.056500666,0.050765112,0.89273417,0.8362335,TRUE,"Topic 0: percent, funds, target, committee, rate, federal"
6/14/2023,2023,6/14/2023,11,"In addition, the Committee will continue reducing its holdings of Treasury securities and agency debt and agency mortgage-backed securities, as described in its previously announced plans.","addition, Committee continue reducing holdings Treasury securities agency debt agency mortgage-backed securities, described previously announced plans.",26,0.09382767,0.30322057,0.60295177,0.5091241,TRUE,"Topic 26: reducing, described, plans, addition, agency, previously"
6/14/2023,2023,6/14/2023,12,The Committee is strongly committed to returning inflation to its 2 percent objective.,Committee strongly committed returning inflation 2 percent objective.,0,0.7407018,0.016247133,0.24305113,-0.49765068,FALSE,"Topic 0: percent, funds, target, committee, rate, federal"
6/14/2023,2023,6/14/2023,13,"In assessing the appropriate stance of monetary policy, the Committee will continue to monitor the implications of incoming information for the economic outlook.","assessing appropriate stance monetary policy, Committee continue monitor implications incoming information economic outlook.",0,0.10227403,0.015938014,0.881788,0.77951396,TRUE,"Topic 0: percent, funds, target, committee, rate, federal"
6/14/2023,2023,6/14/2023,14,The Committee would be prepared to adjust the stance of monetary policy as appropriate if risks emerge that could impede the attainment of the Committee's goals.,Committee would prepared adjust stance monetary policy appropriate risks emerge could impede attainment Committee's goals.,9,0.04147743,0.19930433,0.7592182,0.7177408,TRUE,"Topic 9: impede, emerge, attainment, adjust, prepared, goals"
6/14/2023,2023,6/14/2023,15,"The Committee's assessments will take into account a wide range of information, including readings on labor market conditions, inflation pressures and inflation expectations, and financial and international developments.","Committee's assessments take account wide range information, including readings labor market conditions, inflation pressures inflation expectations, financial international developments.",11,0.06676641,0.016173955,0.91705966,0.8502933,TRUE,"Topic 11: assessments, international, wide, readings, public, health"
7/26/2023,2023,7/26/2023,0,Recent indicators suggest that economic activity has been expanding at a moderate pace.,Recent indicators suggest economic activity expanding moderate pace.,8,0.95059484,0.01966899,0.029736076,-0.92085874,FALSE,"Topic 8: expanding, suggests, received, met, open, activity"
7/26/2023,2023,7/26/2023,1,"Job gains have been robust in recent months, and the unemployment rate has remained low.","Job gains robust recent months, unemployment rate remained low.",1,0.4374831,0.5327842,0.029732665,-0.40775043,FALSE,"Topic 1: gains, job, unemployment, received, met, open"
7/26/2023,2023,7/26/2023,2,Inflation remains elevated.,Inflation remains elevated.,29,0.65955824,0.16148803,0.17895368,-0.48060456,FALSE,"Topic 29: imbalances, elevated, demand, supply, related, pandemic"
7/26/2023,2023,7/26/2023,3,The U.S. banking system is sound and resilient.,U.S. banking system sound resilient.,-1,0.5950937,0.017145138,0.38776115,-0.20733258,FALSE,Topic -1
7/26/2023,2023,7/26/2023,4,"Tighter credit conditions for households and businesses are likely to weigh on economic activity, hiring, and inflation.","Tighter credit conditions households businesses likely weigh economic activity, hiring, inflation.",35,0.013766976,0.94904715,0.03718585,0.023418875,TRUE,"Topic 35: hiring, tighter, weigh, disruptions, businesses, households"
7/26/2023,2023,7/26/2023,5,The extent of these effects remains uncertain.,extent effects remains uncertain.,-1,0.032486863,0.12189329,0.84561986,0.813133,FALSE,Topic -1
7/26/2023,2023,7/26/2023,6,The Committee remains highly attentive to inflation risks.,Committee remains highly attentive inflation risks.,12,0.33725592,0.020901896,0.6418422,0.30458626,FALSE,"Topic 12: closely, continues, monitor, developments, attentive, global"
7/26/2023,2023,7/26/2023,7,The Committee seeks to achieve maximum employment and inflation at the rate of 2 percent over the longer run.,Committee seeks achieve maximum employment inflation rate 2 percent longer run.,10,0.19483128,0.015096758,0.79007196,0.5952407,FALSE,"Topic 10: achieve, longer, seeks, run, maximum, employment"
7/26/2023,2023,7/26/2023,8,"In support of these goals, the Committee decided to raise the target range for the federal funds rate to 5-1/4 to 5-1/2 percent.","support goals, Committee decided raise target range federal funds rate 5-1/4 5-1/2 percent.",0,0.4131807,0.023105389,0.56371385,0.15053314,FALSE,"Topic 0: percent, funds, target, committee, rate, federal"
7/26/2023,2023,7/26/2023,9,The Committee will continue to assess additional information and its implications for monetary policy.,Committee continue assess additional information implications monetary policy.,0,0.09306506,0.013747413,0.8931875,0.80012244,TRUE,"Topic 0: percent, funds, target, committee, rate, federal"
7/26/2023,2023,7/26/2023,10,"In determining the extent of additional policy firming that may be appropriate to return inflation to 2 percent over time, the Committee will take into account the cumulative tightening of monetary policy, the lags with which monetary policy affects economic activity and inflation, and economic and financial developments.","determining extent additional policy firming may appropriate return inflation 2 percent time, Committee take account cumulative tightening monetary policy, lags monetary policy affects economic activity inflation, economic financial developments.",0,0.056500666,0.050765112,0.89273417,0.8362335,TRUE,"Topic 0: percent, funds, target, committee, rate, federal"
7/26/2023,2023,7/26/2023,11,"In addition, the Committee will continue reducing its holdings of Treasury securities and agency debt and agency mortgage-backed securities, as described in its previously announced plans.","addition, Committee continue reducing holdings Treasury securities agency debt agency mortgage-backed securities, described previously announced plans.",26,0.09382767,0.30322057,0.60295177,0.5091241,TRUE,"Topic 26: reducing, described, plans, addition, agency, previously"
7/26/2023,2023,7/26/2023,12,The Committee is strongly committed to returning inflation to its 2 percent objective.,Committee strongly committed returning inflation 2 percent objective.,0,0.7407018,0.016247133,0.24305113,-0.49765068,FALSE,"Topic 0: percent, funds, target, committee, rate, federal"
7/26/2023,2023,7/26/2023,13,"In assessing the appropriate stance of monetary policy, the Committee will continue to monitor the implications of incoming information for the economic outlook.","assessing appropriate stance monetary policy, Committee continue monitor implications incoming information economic outlook.",0,0.10227403,0.015938014,0.881788,0.77951396,TRUE,"Topic 0: percent, funds, target, committee, rate, federal"
7/26/2023,2023,7/26/2023,14,The Committee would be prepared to adjust the stance of monetary policy as appropriate if risks emerge that could impede the attainment of the Committee's goals.,Committee would prepared adjust stance monetary policy appropriate risks emerge could impede attainment Committee's goals.,9,0.04147743,0.19930433,0.7592182,0.7177408,TRUE,"Topic 9: impede, emerge, attainment, adjust, prepared, goals"
7/26/2023,2023,7/26/2023,15,"The Committee's assessments will take into account a wide range of information, including readings on labor market conditions, inflation pressures and inflation expectations, and financial and international developments.","Committee's assessments take account wide range information, including readings labor market conditions, inflation pressures inflation expectations, financial international developments.",11,0.06676641,0.016173955,0.91705966,0.8502933,TRUE,"Topic 11: assessments, international, wide, readings, public, health"
9/20/2023,2023,9/20/2023,0,Recent indicators suggest that economic activity has been expanding at a solid pace.,Recent indicators suggest economic activity expanding solid pace.,8,0.952461,0.0211841,0.026354874,-0.92610615,FALSE,"Topic 8: expanding, suggests, received, met, open, activity"
9/20/2023,2023,9/20/2023,1,"Job gains have slowed in recent months but remain strong, and the unemployment rate has remained low.","Job gains slowed recent months remain strong, unemployment rate remained low.",1,0.016822757,0.96216094,0.021016337,0.00419358,FALSE,"Topic 1: gains, job, unemployment, received, met, open"
9/20/2023,2023,9/20/2023,2,Inflation remains elevated.,Inflation remains elevated.,29,0.65955824,0.16148803,0.17895368,-0.48060456,FALSE,"Topic 29: imbalances, elevated, demand, supply, related, pandemic"
9/20/2023,2023,9/20/2023,3,The U.S. banking system is sound and resilient.,U.S. banking system sound resilient.,-1,0.5950937,0.017145138,0.38776115,-0.20733258,FALSE,Topic -1
9/20/2023,2023,9/20/2023,4,"Tighter credit conditions for households and businesses are likely to weigh on economic activity, hiring, and inflation.","Tighter credit conditions households businesses likely weigh economic activity, hiring, inflation.",35,0.013766976,0.94904715,0.03718585,0.023418875,TRUE,"Topic 35: hiring, tighter, weigh, disruptions, businesses, households"
9/20/2023,2023,9/20/2023,5,The extent of these effects remains uncertain.,extent effects remains uncertain.,-1,0.032486863,0.12189329,0.84561986,0.813133,FALSE,Topic -1
9/20/2023,2023,9/20/2023,6,The Committee remains highly attentive to inflation risks.,Committee remains highly attentive inflation risks.,12,0.33725592,0.020901896,0.6418422,0.30458626,FALSE,"Topic 12: closely, continues, monitor, developments, attentive, global"
9/20/2023,2023,9/20/2023,7,The Committee seeks to achieve maximum employment and inflation at the rate of 2 percent over the longer run.,Committee seeks achieve maximum employment inflation rate 2 percent longer run.,10,0.19483128,0.015096758,0.79007196,0.5952407,FALSE,"Topic 10: achieve, longer, seeks, run, maximum, employment"
9/20/2023,2023,9/20/2023,8,"In support of these goals, the Committee decided to maintain the target range for the federal funds rate at 5-1/4 to 5-1/2 percent.","support goals, Committee decided maintain target range federal funds rate 5-1/4 5-1/2 percent.",0,0.0967516,0.027655592,0.87559277,0.77884114,FALSE,"Topic 0: percent, funds, target, committee, rate, federal"
9/20/2023,2023,9/20/2023,9,The Committee will continue to assess additional information and its implications for monetary policy.,Committee continue assess additional information implications monetary policy.,0,0.09306506,0.013747413,0.8931875,0.80012244,TRUE,"Topic 0: percent, funds, target, committee, rate, federal"
9/20/2023,2023,9/20/2023,10,"In determining the extent of additional policy firming that may be appropriate to return inflation to 2 percent over time, the Committee will take into account the cumulative tightening of monetary policy, the lags with which monetary policy affects economic activity and inflation, and economic and financial developments.","determining extent additional policy firming may appropriate return inflation 2 percent time, Committee take account cumulative tightening monetary policy, lags monetary policy affects economic activity inflation, economic financial developments.",0,0.056500666,0.050765112,0.89273417,0.8362335,TRUE,"Topic 0: percent, funds, target, committee, rate, federal"
9/20/2023,2023,9/20/2023,11,"In addition, the Committee will continue reducing its holdings of Treasury securities and agency debt and agency mortgage-backed securities, as described in its previously announced plans.","addition, Committee continue reducing holdings Treasury securities agency debt agency mortgage-backed securities, described previously announced plans.",26,0.09382767,0.30322057,0.60295177,0.5091241,TRUE,"Topic 26: reducing, described, plans, addition, agency, previously"
9/20/2023,2023,9/20/2023,12,The Committee is strongly committed to returning inflation to its 2 percent objective.,Committee strongly committed returning inflation 2 percent objective.,0,0.7407018,0.016247133,0.24305113,-0.49765068,FALSE,"Topic 0: percent, funds, target, committee, rate, federal"
9/20/2023,2023,9/20/2023,13,"In assessing the appropriate stance of monetary policy, the Committee will continue to monitor the implications of incoming information for the economic outlook.","assessing appropriate stance monetary policy, Committee continue monitor implications incoming information economic outlook.",0,0.10227403,0.015938014,0.881788,0.77951396,TRUE,"Topic 0: percent, funds, target, committee, rate, federal"
9/20/2023,2023,9/20/2023,14,The Committee would be prepared to adjust the stance of monetary policy as appropriate if risks emerge that could impede the attainment of the Committee's goals.,Committee would prepared adjust stance monetary policy appropriate risks emerge could impede attainment Committee's goals.,9,0.04147743,0.19930433,0.7592182,0.7177408,TRUE,"Topic 9: impede, emerge, attainment, adjust, prepared, goals"
9/20/2023,2023,9/20/2023,15,"The Committee's assessments will take into account a wide range of information, including readings on labor market conditions, inflation pressures and inflation expectations, and financial and international developments.","Committee's assessments take account wide range information, including readings labor market conditions, inflation pressures inflation expectations, financial international developments.",11,0.06676641,0.016173955,0.91705966,0.8502933,TRUE,"Topic 11: assessments, international, wide, readings, public, health"
11/1/2023,2023,11/1/2023,0,Recent indicators suggest that economic activity expanded at a strong pace in the third quarter.,Recent indicators suggest economic activity expanded strong pace third quarter.,8,0.95513415,0.020457983,0.024407882,-0.9307263,FALSE,"Topic 8: expanding, suggests, received, met, open, activity"
11/1/2023,2023,11/1/2023,1,"Job gains have moderated since earlier in the year but remain strong, and the unemployment rate has remained low.","Job gains moderated since earlier year remain strong, unemployment rate remained low.",1,0.06569613,0.9188684,0.015435549,-0.050260577,FALSE,"Topic 1: gains, job, unemployment, received, met, open"
11/1/2023,2023,11/1/2023,2,Inflation remains elevated.,Inflation remains elevated.,29,0.65955824,0.16148803,0.17895368,-0.48060456,FALSE,"Topic 29: imbalances, elevated, demand, supply, related, pandemic"
11/1/2023,2023,11/1/2023,3,The U.S. banking system is sound and resilient.,U.S. banking system sound resilient.,-1,0.5950937,0.017145138,0.38776115,-0.20733258,FALSE,Topic -1
11/1/2023,2023,11/1/2023,4,"Tighter financial and credit conditions for households and businesses are likely to weigh on economic activity, hiring, and inflation.","Tighter financial credit conditions households businesses likely weigh economic activity, hiring, inflation.",35,0.01283404,0.95269674,0.034469254,0.021635216,TRUE,"Topic 35: hiring, tighter, weigh, disruptions, businesses, households"
11/1/2023,2023,11/1/2023,5,The extent of these effects remains uncertain.,extent effects remains uncertain.,-1,0.032486863,0.12189329,0.84561986,0.813133,FALSE,Topic -1
11/1/2023,2023,11/1/2023,6,The Committee remains highly attentive to inflation risks.,Committee remains highly attentive inflation risks.,12,0.33725592,0.020901896,0.6418422,0.30458626,FALSE,"Topic 12: closely, continues, monitor, developments, attentive, global"
11/1/2023,2023,11/1/2023,7,The Committee seeks to achieve maximum employment and inflation at the rate of 2 percent over the longer run.,Committee seeks achieve maximum employment inflation rate 2 percent longer run.,10,0.19483128,0.015096758,0.79007196,0.5952407,FALSE,"Topic 10: achieve, longer, seeks, run, maximum, employment"
11/1/2023,2023,11/1/2023,8,"In support of these goals, the Committee decided to maintain the target range for the federal funds rate at 5-1/4 to 5-1/2 percent.","support goals, Committee decided maintain target range federal funds rate 5-1/4 5-1/2 percent.",0,0.0967516,0.027655592,0.87559277,0.77884114,FALSE,"Topic 0: percent, funds, target, committee, rate, federal"
11/1/2023,2023,11/1/2023,9,The Committee will continue to assess additional information and its implications for monetary policy.,Committee continue assess additional information implications monetary policy.,0,0.09306506,0.013747413,0.8931875,0.80012244,TRUE,"Topic 0: percent, funds, target, committee, rate, federal"
11/1/2023,2023,11/1/2023,10,"In determining the extent of additional policy firming that may be appropriate to return inflation to 2 percent over time, the Committee will take into account the cumulative tightening of monetary policy, the lags with which monetary policy affects economic activity and inflation, and economic and financial developments.","determining extent additional policy firming may appropriate return inflation 2 percent time, Committee take account cumulative tightening monetary policy, lags monetary policy affects economic activity inflation, economic financial developments.",0,0.056500666,0.050765112,0.89273417,0.8362335,TRUE,"Topic 0: percent, funds, target, committee, rate, federal"
11/1/2023,2023,11/1/2023,11,"In addition, the Committee will continue reducing its holdings of Treasury securities and agency debt and agency mortgage-backed securities, as described in its previously announced plans.","addition, Committee continue reducing holdings Treasury securities agency debt agency mortgage-backed securities, described previously announced plans.",26,0.09382767,0.30322057,0.60295177,0.5091241,TRUE,"Topic 26: reducing, described, plans, addition, agency, previously"
11/1/2023,2023,11/1/2023,12,The Committee is strongly committed to returning inflation to its 2 percent objective.,Committee strongly committed returning inflation 2 percent objective.,0,0.7407018,0.016247133,0.24305113,-0.49765068,FALSE,"Topic 0: percent, funds, target, committee, rate, federal"
11/1/2023,2023,11/1/2023,13,"In assessing the appropriate stance of monetary policy, the Committee will continue to monitor the implications of incoming information for the economic outlook.","assessing appropriate stance monetary policy, Committee continue monitor implications incoming information economic outlook.",0,0.10227403,0.015938014,0.881788,0.77951396,TRUE,"Topic 0: percent, funds, target, committee, rate, federal"
11/1/2023,2023,11/1/2023,14,The Committee would be prepared to adjust the stance of monetary policy as appropriate if risks emerge that could impede the attainment of the Committee's goals.,Committee would prepared adjust stance monetary policy appropriate risks emerge could impede attainment Committee's goals.,9,0.04147743,0.19930433,0.7592182,0.7177408,TRUE,"Topic 9: impede, emerge, attainment, adjust, prepared, goals"
11/1/2023,2023,11/1/2023,15,"The Committee's assessments will take into account a wide range of information, including readings on labor market conditions, inflation pressures and inflation expectations, and financial and international developments.","Committee's assessments take account wide range information, including readings labor market conditions, inflation pressures inflation expectations, financial international developments.",11,0.06676641,0.016173955,0.91705966,0.8502933,TRUE,"Topic 11: assessments, international, wide, readings, public, health"
12/13/2023,2023,12/13/2023,0,Recent indicators suggest that growth of economic activity has slowed from its strong pace in the third quarter.,Recent indicators suggest growth economic activity slowed strong pace third quarter.,-1,0.009109284,0.97136194,0.019528735,0.010419452,FALSE,Topic -1
12/13/2023,2023,12/13/2023,1,"Job gains have moderated since earlier in the year but remain strong, and the unemployment rate has remained low.","Job gains moderated since earlier year remain strong, unemployment rate remained low.",1,0.06569613,0.9188684,0.015435549,-0.050260577,FALSE,"Topic 1: gains, job, unemployment, received, met, open"
12/13/2023,2023,12/13/2023,2,Inflation has eased over the past year but remains elevated.,Inflation eased past year remains elevated.,25,0.77518773,0.19395976,0.030852528,-0.7443352,FALSE,"Topic 25: reflecting, prices, largely, oil, factors, commodities"
12/13/2023,2023,12/13/2023,3,The U.S. banking system is sound and resilient.,U.S. banking system sound resilient.,-1,0.5950937,0.017145138,0.38776115,-0.20733258,FALSE,Topic -1
12/13/2023,2023,12/13/2023,4,"Tighter financial and credit conditions for households and businesses are likely to weigh on economic activity, hiring, and inflation.","Tighter financial credit conditions households businesses likely weigh economic activity, hiring, inflation.",35,0.01283404,0.95269674,0.034469254,0.021635216,TRUE,"Topic 35: hiring, tighter, weigh, disruptions, businesses, households"
12/13/2023,2023,12/13/2023,5,The extent of these effects remains uncertain.,extent effects remains uncertain.,-1,0.032486863,0.12189329,0.84561986,0.813133,FALSE,Topic -1
12/13/2023,2023,12/13/2023,6,The Committee remains highly attentive to inflation risks.,Committee remains highly attentive inflation risks.,12,0.33725592,0.020901896,0.6418422,0.30458626,FALSE,"Topic 12: closely, continues, monitor, developments, attentive, global"
12/13/2023,2023,12/13/2023,7,The Committee seeks to achieve maximum employment and inflation at the rate of 2 percent over the longer run.,Committee seeks achieve maximum employment inflation rate 2 percent longer run.,10,0.19483128,0.015096758,0.79007196,0.5952407,FALSE,"Topic 10: achieve, longer, seeks, run, maximum, employment"
12/13/2023,2023,12/13/2023,8,"In support of these goals, the Committee decided to maintain the target range for the federal funds rate at 5-1/4 to 5-1/2 percent.","support goals, Committee decided maintain target range federal funds rate 5-1/4 5-1/2 percent.",0,0.0967516,0.027655592,0.87559277,0.77884114,FALSE,"Topic 0: percent, funds, target, committee, rate, federal"
12/13/2023,2023,12/13/2023,9,The Committee will continue to assess additional information and its implications for monetary policy.,Committee continue assess additional information implications monetary policy.,0,0.09306506,0.013747413,0.8931875,0.80012244,TRUE,"Topic 0: percent, funds, target, committee, rate, federal"
12/13/2023,2023,12/13/2023,10,"In determining the extent of any additional policy firming that may be appropriate to return inflation to 2 percent over time, the Committee will take into account the cumulative tightening of monetary policy, the lags with which monetary policy affects economic activity and inflation, and economic and financial developments.","determining extent additional policy firming may appropriate return inflation 2 percent time, Committee take account cumulative tightening monetary policy, lags monetary policy affects economic activity inflation, economic financial developments.",0,0.0570973,0.052805353,0.8900973,0.833,TRUE,"Topic 0: percent, funds, target, committee, rate, federal"
12/13/2023,2023,12/13/2023,11,"In addition, the Committee will continue reducing its holdings of Treasury securities and agency debt and agency mortgage-backed securities, as described in its previously announced plans.","addition, Committee continue reducing holdings Treasury securities agency debt agency mortgage-backed securities, described previously announced plans.",26,0.09382767,0.30322057,0.60295177,0.5091241,TRUE,"Topic 26: reducing, described, plans, addition, agency, previously"
12/13/2023,2023,12/13/2023,12,The Committee is strongly committed to returning inflation to its 2 percent objective.,Committee strongly committed returning inflation 2 percent objective.,0,0.7407018,0.016247133,0.24305113,-0.49765068,FALSE,"Topic 0: percent, funds, target, committee, rate, federal"
12/13/2023,2023,12/13/2023,13,"In assessing the appropriate stance of monetary policy, the Committee will continue to monitor the implications of incoming information for the economic outlook.","assessing appropriate stance monetary policy, Committee continue monitor implications incoming information economic outlook.",0,0.10227403,0.015938014,0.881788,0.77951396,TRUE,"Topic 0: percent, funds, target, committee, rate, federal"
12/13/2023,2023,12/13/2023,14,The Committee would be prepared to adjust the stance of monetary policy as appropriate if risks emerge that could impede the attainment of the Committee's goals.,Committee would prepared adjust stance monetary policy appropriate risks emerge could impede attainment Committee's goals.,9,0.04147743,0.19930433,0.7592182,0.7177408,TRUE,"Topic 9: impede, emerge, attainment, adjust, prepared, goals"
12/13/2023,2023,12/13/2023,15,"The Committee's assessments will take into account a wide range of information, including readings on labor market conditions, inflation pressures and inflation expectations, and financial and international developments.","Committee's assessments take account wide range information, including readings labor market conditions, inflation pressures inflation expectations, financial international developments.",11,0.06676648,0.016173963,0.91705954,0.85029304,TRUE,"Topic 11: assessments, international, wide, readings, public, health"
